"","row_code","scientificName","year","lon","lat","presence","bio10_temp_warmest_qt","bio13_precip_wettest_month","cmi_min","X","mean_forest","mean_river_lake_ocean","mean_farming","mean_flooded_forest","mean_wetland","mean_urban","mean_mining","diff_forest_formation","diff_farming","diff_flooded_forest","diff_wetland","diff_urban","fold"
"1",1,"Ateles chamek",2020,-70.222078,-11.050518,1,2983.38429752066,224.757542507708,-925.01652892562,1,0.243195907536826,0.00516944773271349,0.0032065413547092,0.0136428856226603,0,0,0,-0.000877697326661098,0,0,0,0,1
"2",2,"Ateles chamek",2020,-73.20043,-4.267277,1,2991,328.181489430028,468.821576763486,2,0,0.00399146991905799,0.0130716943500225,0.278865490259231,0.000754400644155649,0,0,0,0,0.00802404785156263,0,0,1
"3",3,"Ateles chamek",2020,-73.059279,-3.827332,1,2991,355.72699747046,736.50622406639,3,0.935683361222014,0,0,0.000254867332821801,0,0,0,-0.00535221398925767,0,0,0,0,3
"4",4,"Ateles chamek",2020,-54.868017,-12.205329,1,2991.6694214876,334.408188496739,-1205.17768595041,4,0.887684608547464,0,0.00202585183516722,0,0,0,0,-0.0244700924768783,0,0,0,0,3
"5",5,"Ateles chamek",2020,-56.933742,-10.237324,1,2999,335.241967949985,-1151.5867768595,5,0.427526109292333,0.0672314980278165,0,0,0,0,0,-0.00176022027587885,0,0,0,0,2
"6",6,"Ateles chamek",2020,-55.842616,-9.622953,1,2992.67634854772,371.284159806754,-1132.90041493776,6,0.364105823174726,0,0.14086785290688,0,0,0,0,-0.302433181823724,0,0,0,0,1
"7",7,"Ateles chamek",2020,-73.557752,-13.083471,1,2910.33884297521,185.77337482547,-807.090909090909,7,0.465643863205464,0,0.0235920877532959,0,0,0,0,-0.10020648352051,0,0,0,0,3
"8",8,"Ateles chamek",2020,-61.118139,-13.581738,1,2992.66115702479,299.225755675765,-1019.68595041322,8,0.987190128816725,0,0,0,0,0,0,0,0,0,0,0,1
"9",9,"Ateles chamek",2020,-61.582808,-11.520709,1,2992.90082644628,346.099242407428,-1195.19008264463,9,0.0376460241763844,0,0.450119106419463,0,0,0,0,-0.00414502710032742,0,0,0,0,3
"10",10,"Ateles chamek",2019,-71.423561,-11.988649,1,2981.95061728395,215.676511662487,-868.666666666667,10,0.697096888567898,0,0,0.0247422116418111,0,0,0,0.451701846307013,0,0,0,0,2
"11",11,"Ateles chamek",2019,-71.515161,-11.904187,1,2981.18518518518,212.496421531395,-896.855967078189,11,0.970107192204251,0,0,0,0,0,0,0,0,0,0,0,2
"12",12,"Ateles chamek",2019,-70.072047,-12.430726,1,2980.94214876033,365.040851813703,-640.764462809917,12,0.985371636840105,0,0,0,0,0,0,0,0,0,0,0,2
"13",13,"Ateles chamek",2019,-71.516563,-11.958409,1,2981,206.810522977971,-893.98347107438,13,0.977080265064911,0,0,0,0,0,0,0,0,0,0,0,2
"14",14,"Ateles chamek",2019,-73.527862,-13.019904,1,2936.32365145228,145.003961903426,-893.091286307054,14,0.151634258378296,0,0.335377745850184,0,0,0,0,-0.0313049797435084,0,0,0,0,3
"15",15,"Ateles chamek",2019,-69.906627,-9.389108,1,2989,264.1032033873,-975.826446280992,15,0.978993899773094,0,0,0,0,0,0,0,0,0,0,0,1
"16",16,"Ateles chamek",2019,-73.412563,-4.471144,1,2992,320.170300368946,296.804979253112,16,4.2444344656808e-05,0.0228602372639404,0.0313386546062452,0.256676145900887,0,0,0,0,0,-0.00708172153631459,0,0,1
"17",17,"Ateles chamek",2019,-71.697355,-12.003307,1,2980.01239669422,190.08817915483,-928.388429752066,17,0.98429204281293,0,0,0,0,0,0,0,0,0,0,0,2
"18",18,"Ateles chamek",2019,-70.051027,-12.492332,1,2981.5020746888,362.92153094913,-659.983402489627,18,0.973803717693014,0,0,0,0,0,0,0,0,0,0,0,2
"19",19,"Ateles chamek",2019,-75.591907,-5.249159,1,2994,273.161579100554,-98.0247933884298,19,0.00315483471016262,0,0.0178645906252654,0.403021970523504,0,0,0,0.0498580017700195,0,-0.921564031813435,0,0,3
"20",20,"Ateles chamek",2019,-59.041654,-8.866076,1,2990.37037037037,414.372240608121,-984.802469135802,20,0.990420852738688,0,0,0,0,0,0,0,0,0,0,0,1
"21",21,"Ateles chamek",2019,-73.784331,-7.407326,1,2984.19834710744,276.73283310567,-386.99173553719,21,0.943111051828646,7.21960846431672e-05,0,0,0,0,0,0,0,0,0,0,2
"22",22,"Ateles chamek",2018,-71.182097,-11.944976,1,2980.48347107438,246.089498157344,-773.797520661157,22,0.974749393874224,0,0,0,0,0,0,0,0,0,0,0,1
"23",23,"Ateles chamek",2018,-69.621189,-13.117849,1,2983.93801652893,381.225123634023,-597.909090909091,23,0.971639688000728,0,0,0,0,0,0,0,0,0,0,0,1
"24",24,"Ateles chamek",2018,-70.160411,-12.40214,1,2981.23140495868,361.043899410027,-621.917355371901,24,0.981704990364107,0,0,0,0,0,0,0,0,0,0,0,1
"25",25,"Ateles chamek",2018,-71.210291,-12.005621,1,2983,229.525836282525,-816.115702479339,25,0.157624306952224,0.0274021015494058,0.0028490630522693,0.0199438489618586,0.00267237204377548,0,0,0.240864834646426,0,0,0,0,1
"26",26,"Ateles chamek",2018,-71.146425,-12.12016,1,2983.29338842975,232.827864087318,-788.227272727273,26,0.921457400785901,0,0,0.000249872546968006,0,0,0,-0.00524732348632817,0,0,0,0,1
"27",27,"Ateles chamek",2018,-71.261475,-12.191034,1,2980,235.374744368188,-769.765432098765,27,0.970370130392155,0,0,0,0,0,0,0,0,0,0,0,2
"28",28,"Ateles chamek",2018,-65.077403,-17.482789,1,2888.64754098361,516.857011888848,-302.536885245902,28,0.979849499563418,0,0,0,0,0,0,0,0,0,0,0,2
"29",29,"Ateles chamek",2018,-70.081492,-12.581433,1,2985,330.344324285334,-718.314049586777,29,0.00472191056163876,0.0151223729572425,0.0102454456519849,0.186022409767543,0,0,0.00502540411517301,-0.0279383334350586,0,0,0,0,1
"30",30,"Ateles chamek",2018,-56.347431,-9.756327,1,2999,335.9189028918,-1211.93360995851,30,0.30894080606515,0.00262843807547433,0.0269925413131714,0,0,0,0,-0.048475951171873,0,0,0,0,1
"31",31,"Ateles chamek",2018,-56.611519,-13.498476,1,2992,351.101572714561,-1246.21074380165,31,0.106906703582375,0.0028491572708823,0.13938253801724,0,0.00112976854866124,0,0,0.162217131286623,0,0,0,0,2
"32",32,"Ateles chamek",2018,-54.876277,-9.57225,1,2989.90082644628,367.502601812694,-1332.3305785124,32,0.0270049961679975,0,0.425840198710538,0,0,0,0,0.0326668678174785,0,0,0,0,1
"33",33,"Ateles chamek",2018,-71.386076,-12.018046,1,2982,219.016679748031,-846.305785123967,33,0.240950079700985,0.00204428637616115,0.00878744204801672,0.0135607787348341,0,0,0,0.10207370455035,0,0,0,0,2
"34",34,"Ateles chamek",2018,-69.785937,-13.155969,1,2978,410.649664859222,-530.082304526749,34,0.986147691246597,0,0,0,0,0,0,0,0,0,0,0,1
"35",35,"Ateles chamek",2018,-69.738339,-13.019584,1,2984,386.466961947354,-618.289256198347,35,0.473441768983513,0,0,0.02195227884184,0,0,0,0.026413662168973,0,0,0,0,1
"36",36,"Ateles chamek",2018,-69.606673,-13.131691,1,2983.9132231405,380.354914389366,-607.768595041322,36,0.268937623865756,0.0393375976670818,0.00915480489244344,0,0,0,0,-0.211663141864371,0,0,0,0,1
"37",37,"Ateles chamek",2018,-70.110391,-12.481599,1,2982,348.266318113225,-668.045267489712,37,0.988728266812907,0,0,0,0,0,0,0,0,0,0,0,1
"38",38,"Ateles chamek",2017,-68.812891,-12.44523,1,2989.6694214876,341.440995271541,-848.239669421488,38,0.00134743552054611,0.0239879130448244,0.00233336657547624,0.235984070497191,0,0,0,1.7700195319853e-09,0,0,0,0,2
"39",39,"Ateles chamek",2017,-62.667896,-16.046301,1,2977.04526748971,243.757499098287,-767.707818930041,39,0.976720641036203,0,0,0,0,0,0,0,0,0,0,0,2
"40",40,"Ateles chamek",2017,-69.786802,-13.055872,1,2983,395.768006250201,-580.666666666667,40,0.966570472833378,0,0,0,0,0,0,0,0,0,0,0,1
"41",41,"Ateles chamek",2017,-69.734468,-13.086252,1,2981.76348547718,399.034684810401,-577.630705394191,41,0.974053871258427,0,0,0,0,0,0,0,0,0,0,0,1
"42",42,"Ateles chamek",2017,-69.418493,-12.018899,1,2983.86363636364,307.613151991663,-739.814049586777,42,0.572285920618353,0,0.00566360169643943,0,0,0,0,-0.0117096341990756,0,0,0,0,2
"43",43,"Ateles chamek",2017,-69.505496,-12.002541,1,2984.03319502075,283.980519908098,-767.946058091286,43,0.950316082284006,0,0,0,0,0,0,0,0,0,0,0,2
"44",44,"Ateles chamek",2017,-69.544888,-12.120382,1,2984.27160493827,287.124205412688,-787.683127572016,44,0.971413403950052,0,0,0,0,0,0,0,0,0,0,0,2
"45",45,"Ateles chamek",2017,-69.405489,-12.061662,1,2982.41493775934,310.056863871847,-748.867219917012,45,0.967998841210941,0,0,0,0,0,0,0,0,0,0,0,2
"46",46,"Ateles chamek",2017,-69.520816,-12.063706,1,2987,262.920147856405,-808.838842975207,46,0.165614981551665,0.0400347045732014,0.000344595213918975,0.0913427466065395,0,0,0,0.166046473175407,0,0,0,0,2
"47",47,"Ateles chamek",2017,-69.8004,-12.629031,1,2984,371.418887682198,-685.045454545455,47,0.985092016277237,0,0,0,0,0,0,0,0,0,0,0,2
"48",48,"Ateles chamek",2017,-71.593858,-11.996286,1,2981,194.175806534192,-897.52479338843,48,0.983394018086037,0,0,0,0,0,0,0,0,0,0,0,2
"49",49,"Ateles chamek",2017,-71.160345,-12.346296,1,2981,247.055432866831,-666.954918032787,49,0.465174840447905,0,0,0.0222984235307043,0,0,0,-0.0131075201416011,0,0,0,0,1
"50",50,"Ateles chamek",2017,-70.831316,-12.273955,1,2983.82716049383,255.958324228295,-719.526748971193,50,0.125922230395852,0.0176017168124672,0.00482368394726898,0.0873893412684101,0,0,0,-0.505679134405872,0,0,0,0,1
"51",51,"Ateles chamek",2017,-70.847298,-12.016506,1,2981,271.303291005536,-689.342975206612,51,0.306154025632635,0.00559933781738281,0.00488074175401875,0.0013116587420774,0,0,0,-0.0559933568115242,0,0,0,0,1
"52",52,"Ateles chamek",2017,-69.067746,-12.836844,1,2986,397.432404951616,-734.764462809917,52,0.145110326523862,0,0,0.347328055543291,0,0,0,0.250166605702358,0,0,0,0,1
"53",53,"Ateles chamek",2016,-71.033128,-12.404882,1,2980.60905349794,264.100846278815,-614.090534979424,53,0.990390248531332,0,0,0,0,0,0,0,0,0,0,0,1
"54",54,"Ateles chamek",2016,-73.656364,-4.743266,1,2994,320.483089842737,268.207468879668,54,0.000613795260281033,0.0340261143669976,0.000980090029568142,0.170042181547614,0.0118052394405935,0,0,0.00178198046875,0,0,0,0,2
"55",55,"Ateles chamek",2016,-66.773925,-14.050046,1,2998,290.192631474248,-971.543209876543,55,0,0,0.0491592888487931,0,0.266182251731411,0,0,0,0,0,-0.66139161597948,0,2
"56",56,"Ateles chamek",2016,-70.034784,-12.460889,1,2981.63374485597,369.825993541827,-641.181069958848,56,0.97713859624239,0,0,0,0,0,0,0,0,0,0,0,2
"57",57,"Ateles chamek",2016,-70.094335,-12.580785,1,2984.98765432099,330.783457689325,-722.748971193416,57,0.00243278664046256,0.0726022446785358,0.00690958830566675,0.128031422590306,0,0,0.00440163204643954,-0.00436537182617187,0,0,0,0,1
"58",58,"Ateles chamek",2016,-70.098217,-12.53762,1,2984.1652892562,342.987999277667,-688.099173553719,58,0.184516846422658,0.0262007655412723,0.00058214019931891,0.0375563055923178,0,0,0.00128688870575273,-0.136285567282282,0,0,0,0,1
"59",59,"Ateles chamek",2016,-70.120437,-12.555366,1,2983.13636363636,342.318907178138,-678.347107438017,59,0.215648045263672,0,0,0.268934408407413,0,0,0,0,0,0,0,0,1
"60",60,"Ateles chamek",2016,-70.022722,-12.502556,1,2982.84710743802,365.550977722672,-654.438016528926,60,0.972861977749694,0,0,0,0,0,0,0,0,0,0,0,2
"61",61,"Ateles chamek",2016,-70.133902,-12.417781,1,2982,358.006008810248,-632.5,61,0.982103168836887,0,0,0,0,0,0,0,0,0,0,0,1
"62",62,"Ateles chamek",2016,-71.386763,-11.946372,1,2981,222.096015488806,-850.661157024793,62,0.970485723070335,0,0,0,0,0,0,0,0,0,0,0,2
"63",63,"Ateles chamek",2016,-58.536944,-9.000278,1,2991.3305785124,365.260775479403,-1079.54545454545,63,0.990415649944478,0,0,0,0,0,0,0,0,0,0,0,2
"64",64,"Ateles chamek",2015,-73.434231,-4.520213,1,2992.04979253112,321.341859176446,229.96265560166,64,0.00104052052486644,0.215741122684561,0.00554019171908884,0.0722532149085999,0,0,0,-0.00178253186035156,0,0.122303477509622,0,0,1
"65",65,"Ateles chamek",2015,-74.626989,-11.507395,1,2872.47520661157,464.290348778086,60.5661157024793,65,0.980628024226886,0,0,0,0,0,0,0,0,0,0,0,1
"66",66,"Ateles chamek",2015,-71.325579,-12.146204,1,2980,225.938560674998,-802.504132231405,66,0.974147294308418,0,0,0,0,0,0,0,0,0,0,0,2
"67",67,"Ateles chamek",2015,-65.095556,-9.8275,1,2996,273.115116844493,-1017.31404958678,67,0.97764537121582,0,0,0,0,0,0,0,0,0,0,0,3
"68",68,"Ateles chamek",2015,-62.157539,-9.182293,1,2997.33884297521,355.253422508555,-1019.10330578512,68,0.31322767008155,0,0.17568332571696,0,0,0,0,-0.522100029262893,0,0,0,0,3
"69",69,"Ateles chamek",2014,-56.052866,-9.860622,1,2995.71369294606,336.740256535067,-1337.75518672199,69,0.00320300676088075,0.024933185579867,0.228280027578818,0,0.000726321390512827,0,0,0.0167413707275391,0,0,-0.00616773687744141,0,1
"70",70,"Ateles chamek",2014,-61.686091,-9.355545,1,2998.62139917695,350.588233727977,-1048.18930041152,70,0.291376457026703,0.112618214389711,0.00110299634679159,0,0,0,0,-0.00970636529540958,0,0,0,0,3
"71",71,"Ateles chamek",2014,-65.422883,-16.810457,1,2986,463.100365281596,-268.181069958848,71,0.225688482603666,6.08853710026789e-05,0.251789992708134,0,0,0,0,-0.0856643813940902,0,0,0,0,2
"72",72,"Ateles chamek",2014,-67.397003,-16.056372,1,2943.60245901639,321.834096314477,-256.282786885246,72,0.233012062247932,0.0128997838806152,0.0806552771145171,0,0,0,0,-0.0471308932049921,0,0,0,0,1
"73",73,"Ateles chamek",2014,-73.537107,-4.787791,1,2992.63485477178,325.159234644466,257.340248962656,73,0.215754352162867,0.000436380460778061,0.000177261914296969,0.184304182320399,0,0,0,-0.305057215877996,0,0,0,0,2
"74",74,"Ateles chamek",2014,-69.718489,-12.14412,1,2981.36363636364,301.796764909728,-761.107438016529,74,0.976421788195084,0,0,0,0,0,0,0,0,0,0,0,2
"75",75,"Ateles chamek",2014,-69.732401,-12.167778,1,2982,302.002709408356,-759.246913580247,75,0.952234070068359,0,0,0,0,0,0,0,0,0,0,0,2
"76",76,"Ateles chamek",2013,-73.232951,-3.977417,1,2992,337.77407391866,576.525,76,0,0,0.0509688214968633,0.43079820533886,0,0,0,0,0,-0.016361673428644,0,0,3
"77",77,"Ateles chamek",2013,-75.564592,-1.890889,1,2984.99585062241,303.287224607349,321.377593360996,77,0.970016525939939,0,0,0,0,0,0,0,0,0,0,0,2
"78",78,"Ateles chamek",2013,-75.399061,-2.001363,1,2983.72199170124,313.903204573635,494.033195020747,78,0.972960837524411,0,0,0,0,0,0,0,0,0,0,0,2
"79",79,"Ateles chamek",2013,-72.341825,-4.514544,1,2988,346.238804100955,242.278008298755,79,0.928996995232923,0,0,3.31212921285051e-05,0,0,0,-0.00069554713469866,0,0,0,0,3
"80",80,"Ateles chamek",2013,-72.348345,-4.568519,1,2988,354.60540377299,262.85,80,0.981128303532861,0,0,0,0,0,0,0,0,0,0,0,3
"81",81,"Ateles chamek",2013,-72.351856,-4.595716,1,2988,355.758049802661,260.547717842324,81,0.981794432523135,0,0,0,0,0,0,0,0,0,0,0,3
"82",82,"Ateles chamek",2013,-72.665627,-4.581574,1,2988.1867219917,341.772549704397,323.356846473029,82,0.281562453477818,0.0492446157626954,0,0.00952075629543938,0,0,0,-0.0285181115112302,0,0,0,0,1
"83",83,"Ateles chamek",2013,-72.781286,-4.70231,1,2987,343.81341855388,309.528925619835,83,0.964814362397315,0,0,0,0,0,0,0,0,0,0,0,1
"84",84,"Ateles chamek",2012,-69.088047,-12.631399,1,2987.24691358025,363.909498301063,-799.345679012346,84,0.34876502313804,0,0.000742898007656666,0.0611973135617519,0,0,0,-0.0135352136711573,0,0,0,0,2
"85",85,"Ateles chamek",2012,-69.086668,-12.533677,1,2989,348.621725702482,-804.271604938272,85,0,0,0.159228878317159,0.330195608025417,0,0,0,0,0,-0.063172317423025,0,0,2
"86",86,"Ateles chamek",2012,-68.163728,-6.618396,1,2993,329.730834074535,-716.112033195021,86,0.920741852951778,0,0.000422942318870908,0,0,0,0,-0.00888178869628908,0,0,0,0,3
"87",87,"Ateles chamek",2011,-60.830544,-8.462856,1,2998.87190082645,372.374742996594,-991.161157024793,87,0.978899483199291,0,0,0,0,0,0,0,0,0,0,0,1
"88",88,"Ateles chamek",2008,-71.075347,-12.043763,1,2981,253.147490004863,-754.5,88,0.98276871614344,0,0,0,0,0,0,0,0,0,0,0,1
"89",89,"Ateles chamek",2008,-71.696348,-12.046184,1,2971.34297520661,200.747405312278,-886.293388429752,89,0.990777366032616,0,0,0,0,0,0,0,0,0,0,0,2
"90",90,"Ateles chamek",2008,-76.129169,-9.223147,1,2966.97925311203,272.635721293722,-518.460580912863,90,0.133005066272912,0,0.353291110798691,0,0,0,0,0.116948684249341,0,0,0,0,1
"91",91,"Ateles chamek",2007,-59.456582,-8.669304,1,2999.53719008265,349.4076694457,-1011.05785123967,91,0.961221670098516,0,0,0,0,0,0,0,0,0,0,0,1
"92",92,"Ateles chamek",2007,-67.585975,-14.569739,1,2984.82304526749,286.351646643117,-578.473251028807,92,0.982695148069855,0,0,0,0,0,0,0,0,0,0,0,2
"93",93,"Ateles chamek",2005,-68.60566,-13.644858,1,2970.02469135802,274.927262922373,-720.58024691358,93,0.97881209531131,0,0,0,0,0,0,0,0,0,0,0,1
"94",94,"Ateles chamek",2005,-67.403308,-14.106225,1,2997,257.819510879831,-732.567901234568,94,0.0663450240131246,0.00528297891003838,0,0.222705263777765,0.0101133887750034,0,0,0.11270780940803,0,0,0,0,2
"95",95,"Ateles chamek",2005,-68.223765,-14.006465,1,2957.6652892562,188.782697188953,-758.636363636364,95,0.990778233725156,0,0,0,0,0,0,0,0,0,0,0,1
"96",96,"Ateles chamek",2004,-69.521084,-12.864984,1,2984.64609053498,389.542149547687,-696.427983539095,96,0.582334128605568,0,0.0424593366067094,0,0,0,0,-0.339468840508675,0,0,0,0,1
"97",97,"Galea musteloides",2020,-66.133421,-17.452437,0,2898.61316872428,238.487028522256,-594.592592592593,97,0.0144262241685336,0,0.0138636578471584,0,0,0.134744781935102,0,-0.0135106211978688,0,0,0,0,3
"98",98,"Rhynchonycteris naso",2019,-55.941021,-9.625537,0,2995.85596707819,351.12205875852,-1217.82304526749,98,0.12738672600186,0.103615912616068,0.0141332001176607,0,0.000994749501546224,0,0,0.0750285673576807,0,0,0,0,1
"99",99,"Saguinus midas",2019,-55.467921,4.642163,0,3004.87966804979,358.017906220622,-1023.02489626556,99,0.978733458204582,0,0,0,0,0,0,0,0,0,0,0,1
"100",100,"Platyrrhinus incarum",2018,-71.005521,0.019063,0,2984.525,371.543560663859,679.945833333333,100,0.0731532311505637,0.00232433496704102,0.127364224286842,0.0393187302123485,0,0,0,-0.0701612604994846,0,0,0,0,1
"101",101,"Sphaeronycteris toxophyllum",2004,-68.806021,-11.966137,0,2987.55785123967,290.246908518894,-844.764462809917,101,0.451897567149525,0,0,0.0434612562469243,0,0,0,0.0900229117402902,0,0,0,0,2
"102",102,"Cebus albifrons",2017,-70.200421,-3.732537,0,2988.17768595041,379.3533893932,387.045454545455,102,0.975954565444047,0,0,0,0,0,0,0,0,0,0,0,1
"103",103,"Speothos venaticus",2018,-70.964021,0.126963,0,2983.9375,382.252828343709,642.2125,103,0.164225287057637,0.0123469369238864,0.0027726118314439,0.106090377669729,0,0,0,0.00227174317579115,0,0,0,0,1
"104",104,"Ateles marginatus",2015,-55.882921,-9.550837,0,2992.80578512397,374.532402101627,-1110.80165289256,104,0.494535025646293,0,0.000470011278076172,0,0,0,0,-0.00156324575195321,0,0,0,0,1
"105",105,"Sapajus apella",2018,-47.715721,-3.259437,0,3012.48132780083,404.758141608654,-1425.26556016598,105,0.231708652065883,0,0.0195405468291316,0,0,0,0.116516380258031,-0.217523756580547,0,0,0,0,1
"106",106,"Saimiri cassiquiarensis",2019,-74.408521,-5.243137,0,2994,304.395806556891,55.3140495867769,106,0.00250183289428711,0.0275962078127849,0.068991745188905,0.0524083398054367,0.0442601519087369,0,0,-0.00890335528564453,0,0,0,0,3
"107",107,"Leontocebus tripartitus",2017,-76.259421,-0.520437,0,2987,360.751866764053,608.551867219917,107,0.654753179296466,0,0,0.00538759137378568,0,0,0,-0.00715151751708976,0,0,0,0,1
"108",108,"Cebuella pygmaea",2016,-77.545921,-1.134637,0,2975.89626556017,547.39972911534,1440.59336099585,108,0.967457437588325,0,0,0,0,0,0,0,0,0,0,0,1
"109",109,"Bubalus bubalis",2010,-50.770121,2.260063,0,3002,587.158447012367,-1456.71784232365,109,0.0419722206386461,0.000510457041214923,0.00187774808922592,0,0.0975013559527814,0,0,-0.00178660290527344,0,0,0,0,3
"110",110,"Natalus tumidirostris",2019,-53.949021,5.746063,0,3005,332.560763157255,-1339.72614107884,110,0,0.085781657207504,0.0039939497235616,0.0275209310912837,0.028448528146669,0.0113113675819098,0,0,0,0.00602486874952132,0,0,3
"111",111,"Bradypus tridactylus",2019,-59.974821,-3.101737,0,3005.97925311203,300.693801689939,-400.904564315353,111,0.16853952122092,0,0.0195829171830189,0,0.00126560351253461,0.056714766987861,0,0.00535620977783191,0,0,0,0,3
"112",112,"Bradypus tridactylus",2009,-61.850621,8.053463,0,2985.99586776859,198.402579819861,-1000.89256198347,112,0.135433309717587,0,0.354052596911549,0,0,0,0,-0.0275963411829325,0,0,0,0,1
"113",113,"Lontra longicaudis",2019,-77.587421,-1.126337,0,2979.05809128631,549.013045061673,1479.73029045643,113,0.320889151361758,2.18001872737233e-05,0.152091170244798,0,0,0,0,-0.130495744377109,0,0,0,0,1
"114",114,"Saguinus bicolor",2015,-60.041221,-3.060237,0,3005.7375,304.796778742472,-410.9875,114,0.000136231322836327,0,0,0,0,0.850970594484388,0,-0.00125332814438764,0,0,0,0.978772849678308,3
"115",115,"Plecturocebus caquetensis",2009,-75.562221,0.898863,0,2993,461.652000427246,116.533333333333,115,0.147970160722764,0,0.340874409842045,0,0,0,0,-0.164888781856282,0,0,0,0,3
"116",116,"Pteronura brasiliensis",2018,-70.125721,-12.505637,0,2984,345.06637271834,-671.851851851852,116,0.126564252325263,0.0303551212505356,0.0144619995472717,0.0714652082650456,0,0,0,-0.001875288386328,0,0,0,0,1
"117",117,"Cheracebus lugens",2020,-67.868121,3.886863,0,2994,509.208144065255,-355.53112033195,117,0,0,0.000965682943699941,0.683038856603751,0.00079640134538923,0,0,0,0,-0.121238939325313,0,0,3
"118",118,"Nasua nasua",2007,-50.313621,-9.600637,0,3012,265.931555125339,-1432.15289256198,118,0.102137166931308,0,0.378626299253838,0,0,0,0,0.482612604377058,0,0,0,0,1
"119",119,"Canis familiaris",2017,-52.430121,-3.549937,0,3001,396.350591990573,-1117.26446280992,119,0.57263595265918,0,0.0134163206535643,0,0,0,0,0.0687706413160144,0,0,0,0,3
"120",120,"Marmosops noctivagus",2003,-67.868121,-16.190837,0,2909.59670781893,386.403231899434,249.917695473251,120,0.963444854916387,0,0,0,0,0,0,-0.00945337933349599,0,0,0,0,3
"121",121,"Dasypus kappleri",2016,-76.549921,0.409163,0,2987,473.094575240899,1235.5020746888,121,0.305194157105537,0,0.183211732043846,0,0,0,0,-0.117377795134183,0,0,0,0,2
"122",122,"Tamandua tetradactyla",2020,-55.941021,-9.633837,0,2995.05785123967,348.978601629084,-1263.51239669421,122,0.10037729164575,0.11346932549022,0.022172401440295,0,0.00165163116608564,0,0,0.119192409706026,0,0,0,0,1
"123",123,"Cebuella pygmaea",2013,-76.209621,-0.429137,0,2987.25726141079,360.725227704187,540.112033195021,123,0.215241163534304,0.00892574880746694,0.0727331062424881,0,0.000220049264761118,0,0,-0.0956527253248034,0,0,0,0,1
"124",124,"Cebus olivaceus",2010,-52.504821,2.691663,0,3004.45,416.768224080404,-1118.28333333333,124,0.487627948058351,0.00736814208363253,0,0,0,0,0,-0.00051829798943015,0,0,0,0,2
"125",125,"Sciurus ignitus",2015,-71.403921,-12.912337,0,2967.00409836066,544.254622662654,-247.045081967213,125,0.0457384328963755,0.0275452185822102,0.118265747620859,0,0,0.0154589708074772,0,0.112642487888471,0,0,0,0,1
"126",126,"Sus scrofa",2012,-51.774421,-3.093437,0,3012,368.84795209396,-1127.71900826446,126,0.466340664182447,0,0.0182365855057959,0,0,0,0,0.00555573234671747,0,0,0,0,1
"127",127,"Cacajao calvus",2015,-74.059921,-5.732837,0,2994,304.285831308958,-80.3775933609959,127,0.000777015128992781,0.0562714736104071,0.00212834806958935,0.186088760485686,0,0,0,-0.00533775933837891,0,0,0,0,3
"128",128,"Leontocebus fuscicollis",2013,-75.545621,-2.819537,0,2986.7125,262.933704630534,476.0875,128,0.970080661175898,0,0,0,0,0,0,0,0,0,0,0,2
"129",129,"Tapirus terrestris",2020,-77.653821,-1.118037,0,2976.3125,541.350942993164,1630.84583333333,129,0.445298516263088,0,0.0368696094650268,0,0,0,0,-0.108150891296389,0,0,0,0,1
"130",130,"Chiropotes albinasus",2012,-56.397521,-4.645537,0,3006,317.413644117933,-778.684647302905,130,0.981842591368925,0,0,0,0,0,0,0,0,0,0,0,3
"131",131,"Mazama rufina",2018,-78.558521,-1.259137,0,2870.07916666667,99.8456797599792,-612.908333333333,131,0.0040219419427169,0,0.240906375764697,0,0,0,0,-0.0187690602416992,0.431919786642636,0,0,0,3
"132",132,"Leontocebus tripartitus",2018,-76.217921,-0.454037,0,2987.97510373444,358.641236237965,534.721991701245,132,0.0830861332508225,0.0403168876588411,0.0206675473209605,0.0999964479590113,0,0,0,-0.0273127286922679,0,0,0,0,1
"133",133,"Cavia tschudii",2019,-71.735921,-13.617837,0,2851.6378600823,168.668835486895,-919.909465020576,133,0.00273022783569336,0.0473914421755897,0.209490356451138,0,0.000208679842529297,0,0,-0.0565174187622071,0.409177086510273,0,0,0,3
"134",134,"Canis familiaris",2016,-49.085221,-5.334437,0,3009.79166666667,377.275454203288,-1511.79166666667,134,0.00476573760211739,0,0.0288347774563684,0,0,0.38178781023244,0,-0.0276801510380764,0.0493875054108265,0,0,0,2
"135",135,"Coendou prehensilis",2020,-76.691021,1.048263,0,2962.86666666667,553.985569763184,1560.15,135,0.233942591824333,0.00184595074993631,0.186797339806379,0,0,0,0,0.0117459269366089,0,0,0,0,2
"136",136,"Sturnira tildae",2002,-59.916721,5.331063,0,2959,386.296343538276,-354.273858921162,136,0.978073191689641,0,0,0,0,0,0,0,0,0,0,0,3
"137",137,"Saimiri sciureus",2020,-55.135921,5.787563,0,3000.04545454545,322.036539125048,-825.797520661157,137,0,0,0.085891581660166,0.199653045846715,0.00172151910981571,0.00865287013320923,0,0,0,-0.173316658313947,0,0,2
"138",138,"Alouatta discolor",2019,-54.671121,-2.529037,0,3010,421.89907115129,-1408.08298755187,138,0.0169594813962331,0,0.464591268748096,0,0,0,0,0.0168013582117418,0,0,0,0,2
"139",139,"Potos flavus",2019,-77.114321,0.641563,0,2961.1244813278,300.395411321236,-182.344398340249,139,0.267743923217104,0.00114421749755859,0.117997507459717,0,0,0,0,-0.392431143554686,0,0,0,0,1
"140",140,"Lonchophylla thomasi",2010,-53.077521,3.031963,0,2971.02916666667,422.702994791667,-1090.725,140,0.978682353692989,0,0,0,0,0,0,0,0,0,0,0,3
"141",141,"Choloepus didactylus",2014,-52.305621,4.874563,0,2999.87966804979,554.161224491863,-1035.57676348548,141,0.00818104984205596,0,0.00202707718767439,0.165065363669758,0.0141340475531301,0.00695387869013572,0,0,0,0,0,0,3
"142",142,"Phyllostomus elongatus",2003,-71.412221,-2.861037,0,2987.92116182573,359.824209506086,561.02489626556,142,0.173480931371556,0.0400240762005017,0,0.109458735376587,0,0,0,-0.0550756244715072,0,0,0,0,1
"143",143,"Tapirus terrestris",2020,-77.496121,-1.051637,0,2976.01652892562,533.540740714586,1390.11570247934,143,0.458157738755761,0,0.0304369551459877,0,0,0,0,0.027747219939587,0,0,0,0,1
"144",144,"Leontocebus fuscicollis",2019,-75.396221,-0.620037,0,2987,365.715117268543,5.83402489626556,144,0.365373176181287,0,0,0.123272040367138,0,0,0,-0.0290368013468418,0,0,0,0,3
"145",145,"Saimiri cassiquiarensis",2020,-76.325821,-0.711337,0,2986,338.004793675741,480.745833333333,145,0.444168419563562,0.041812553894043,0,0,0,0,0,0.0178781638793948,0,0,0,0,1
"146",146,"Leontocebus fuscicollis",2013,-75.512421,-2.802937,0,2987,258.998332468669,449.95,146,0.963507479558247,0,0,0,0,0,0,0,0,0,0,0,2
"147",147,"Lagothrix flavicauda",2009,-77.811521,-5.699637,0,2876.53941908714,266.329923511046,-442,147,0.411194756120767,0,0.0600886794844504,0,0,0,0,0.149855770353189,0,0,0,0,3
"148",148,"Procyon cancrivorus",2020,-77.521021,-1.084837,0,2977.22821576763,521.967529296875,1340.08298755187,148,0.593355228668663,0,0.0134822202036241,0,0,0,0,0.083724620936494,0,0,0,0,1
"149",149,"Cerdocyon thous",2011,-45.906321,-3.682737,0,3015.54958677686,389.141718210268,-1509.19421487603,149,0.064597797559985,0.0261165540542602,0.0743446627083094,0,0.00199625296173096,0,0,0.0600911559010232,0,0,0,0,2
"150",150,"Hylaeamys yunganus",2004,-59.817121,5.115263,0,2938.86307053942,392.539710966878,-347.721991701245,150,0.981173780666214,0,0,0,0,0,0,0,0,0,0,0,3
"151",151,"Lagothrix lagothricha",2016,-76.068521,-0.794337,0,2984,343.927172470093,398.975,151,0.972753702482332,0,0,0,0,0,0,0,0,0,0,0,1
"152",152,"Saimiri boliviensis",2005,-68.806021,-12.472437,0,2989.91358024691,338.404120174455,-890.716049382716,152,0.013122494023262,0.117124648699786,0.00112378030027929,0.183160445050199,0,0,0,-0.0687946912188361,0,0.551990325435384,0,0,2
"153",153,"Mazama nemorivaga",2017,-51.874021,3.870263,0,2996,585.240015306908,-1047.80497925311,153,0.9657250322481,0,0,0,0,0,0,0,0,0,0,0,2
"154",154,"Sturnira tildae",2017,-60.954221,-2.653537,0,3003.89669421488,325.755524942698,-439.768595041322,154,0.270202982965107,0,0.213950592457472,0,0,0,0,0.0364991195305335,0,0,0,0,2
"155",155,"Sciurus spadiceus",2007,-75.363021,-0.188437,0,2986,370.915341440837,-81.4666666666667,155,0.966259246942026,0,0,0,0,0,0,0,0,0,0,0,1
"156",156,"Ateles belzebuth",2014,-74.159521,-10.090337,0,2992.30165289256,450.546385205482,-376.5,156,0.685062725513122,0,0,0.0402342713864527,0,0,0,0,0,0,0,0,3
"157",157,"Marmosa murina",2005,-54.588121,4.816463,0,2977.35833333333,381.488013839722,-787.191666666667,157,0.967310204449827,0,0,0,0,0,0,0,0,0,0,0,1
"158",158,"Canis familiaris",2017,-63.900721,-8.895137,0,2998.97933884298,367.191318984859,-979.566115702479,158,0.239715492861574,0,0.24877626823901,0,0,0,0,0.207717056461828,0,0,0,0,2
"159",159,"Nasua nasua",2011,-48.271821,-1.217637,0,3005,501.59438491758,-652.912863070539,159,0.370198947365375,0,0.112364371030501,0,0,0,0,0.00322452212703983,0,0,0,0,3
"160",160,"Isothrix negrensis",2013,-64.871821,-3.035337,0,2999,358.534325717895,272.198347107438,160,0.451251785734019,0.0400677120324528,0,0,0,0,0,0.00357102581787117,0,0,0,0,3
"161",161,"Saimiri cassiquiarensis",2018,-73.205021,-4.213937,0,2991.27685950413,330.659650944481,513.219008264463,161,0,0.0201734487985116,0.119513057556525,0.12391792381773,0.00443237486001806,0,0,0,0,0.0355004302533312,0,0,1
"162",162,"Choloepus didactylus",2019,-75.620321,-0.362737,0,2986.05416666667,356.654865773519,-13.9375,162,0.653980248634207,0,0,0.00259130738266091,0,0,0,-0.0150219870378095,0,0,0,0,1
"163",163,"Leontocebus fuscicollis",2013,-73.221621,-2.487537,0,2987,319.768670299736,726.738589211618,163,0.282034827009528,0.00677219718089384,0,0.033790110111814,0,0,0,-0.273021385116037,0,0,0,0,2
"164",164,"Pithecia pithecia",2020,-55.194021,5.422363,0,3002,325.910542933146,-676.6,164,0.270787736554063,0,0.00337292044013843,0.0650851601166307,0.000140538824784128,0,0,-0.00534045129394523,0,0,0,0,1
"165",165,"Sciurus spadiceus",2020,-66.332621,-11.385137,0,2996,288.100296524931,-1125.9173553719,165,0.0313825330344555,0,0.00409639925683713,0.190709244775636,0.0165073165188838,0,0,0.130354287671617,0,0,0,0,1
"166",166,"Priodontes maximus",2010,-53.218621,2.442663,0,2996.325,399.531960550944,-1159.02083333333,166,0.98306686905374,0,0,0,0,0,0,0,0,0,0,0,2
"167",167,"Leontocebus fuscus",2007,-76.292621,-6.463237,0,2954.57024793388,237.914675121465,-116.384297520661,167,0.486445227019389,0,0.00137675098820705,0,0,0,0,0.00375239946839578,0,0,0,0,1
"168",168,"Speothos venaticus",2018,-74.690721,0.309563,0,2988,412.265005657782,-329.95020746888,168,0.978731029971845,0,0,0,0,0,0,0,0,0,0,0,3
"169",169,"Rhinophylla fischerae",2017,-58.796221,-3.923437,0,3006.54771784232,324.594234862268,-593.800829875519,169,0.138326027400677,0.0701507365455627,0.0266047159896492,0,0.000602057312011719,0,0,-0.20899643365287,0,0,0,0,2
"170",170,"Atelocynus microtis",2018,-69.777121,-13.153037,0,2977.70247933884,415.057773810773,-525.256198347107,170,0.966355377577364,0,0,0,0,0,0,0,0,0,0,0,1
"171",171,"Canis familiaris",2018,-54.073521,3.297563,0,3007.99170124481,352.765486341294,-1184.75933609958,171,0.27326468871536,0.033204033138308,0.0131500024800619,0,0,0,0,-0.0578712241376116,0,0,0,0,3
"172",172,"Pteronura brasiliensis",2019,-74.591121,0.035663,0,2988,425.784340126386,-213.439834024896,172,0.973538651733395,0,0,0,0,0,0,0,0,0,0,0,3
"173",173,"Mazama nemorivaga",2017,-53.011121,5.173363,0,2995.30290456432,454.214984688027,-818.792531120332,173,0.968987233626784,0,0,0,0,0,0,0,0,0,0,0,1
"174",174,"Cebus yuracus",2019,-75.761421,-0.221637,0,2985.84583333333,381.712350336711,195.125,174,0.978622109269206,0,0,0,0,0,0,0,0,0,0,0,1
"175",175,"Pteronura brasiliensis",2015,-55.210621,3.065163,0,2991.65560165975,439.815607221295,-1097.74273858921,175,0.966529368322756,0,0,0,0,0,0,0,0,0,0,0,2
"176",176,"Noctilio albiventris",2018,-75.255121,1.737163,0,3001.19917012448,526.694025190045,-443.082987551867,176,0.00928981504620246,0.00465154637601106,0.357100939965729,0,0,0,0,0.0116164827270508,0,0,0,0,3
"177",177,"Saguinus mystax",2019,-73.661521,-7.450937,0,2986.98333333333,315.522962443034,-330.7875,177,0.21950395908995,0.0102935505497911,0.0794319334860886,0,0,0,0,-0.0463652573957853,0,0,0,0,2
"178",178,"Saimiri sciureus",2015,-53.127321,5.447263,0,2999,438.538276514077,-1025.67857142857,178,0.0322823518528294,0,0.00467658564595443,0.207179646894188,0.0231994996471023,0,0,0,0,0,0,0,1
"179",179,"Cebus yuracus",2016,-77.678721,-1.109737,0,2979.64315352697,505.42473567472,1593.09128630705,179,0.130541205172683,0.00255551594706601,0.238530611605174,0,0,0,0,-0.0837202945353193,0,0,0,0,1
"180",180,"Lontra longicaudis",2020,-77.429721,-1.101437,0,2979.87966804979,459.814097171008,1041.16182572614,180,0.984815109732596,0,0,0,0,0,0,0,0,0,0,0,1
"181",181,"Leontocebus tripartitus",2019,-76.076821,-0.719637,0,2986,343.210568640843,395.268595041322,181,0.973348411559341,0,0,0,0,0,0,0,0,0,0,0,1
"182",182,"Saimiri boliviensis",2013,-72.499521,-4.554237,0,2988.46473029046,345.37084416433,304.676348547718,182,0.336168299292388,0.0154191420776106,0,0.00481211956645238,0,0,0,0.0140848594480022,0,0,0,0,1
"183",183,"Lagothrix lagothricha",2015,-76.168121,-0.603437,0,2986,342.390068243358,489.673553719008,183,0.749115651841658,0,0.00331184274545155,0,0,0,0,-0.0494569188280288,0,0,0,0,1
"184",184,"Pteronura brasiliensis",2017,-59.916721,-2.861037,0,3000.40663900415,291.895966715832,-540.792531120332,184,0.403801124844893,0,0.0853803107127531,0,0,0,0,-0.00871871375588851,0,0,0,0,3
"185",185,"Conepatus semistriatus",2006,-78.068821,-0.379337,0,2846.2531120332,228.919448535967,63.1659751037344,185,0.437613820257229,0,0.0504835234035537,0,0,0,0,0.0332691970085589,0,0,0,0,3
"186",186,"Saimiri boliviensis",2018,-70.109121,-12.555437,0,2983.14462809917,341.534206800224,-687.603305785124,186,0.246222128325479,0,0.0147705245298498,0.0652684951520134,0,0,0,-0.062055070255055,0,0,0,0,1
"187",187,"Ozotoceros bezoarticus",2017,-65.461121,-12.032537,0,2997,282.768139547553,-1104.86776859504,187,0.00967830908539246,0.0229593240761466,0.000274946833147321,0.217254742046258,0.00257739353526909,0,0,0.188091035095215,0,-0.797463482759605,0,0,2
"188",188,"Saguinus midas",2019,-55.194021,4.949263,0,2986.48962655602,362.060778605987,-813.315352697095,188,0.981298711669918,0,0,0,0,0,0,0,0,0,0,0,1
"189",189,"Tapirus terrestris",2019,-77.429721,-1.043337,0,2972.52697095436,508.138750005065,1272.48547717842,189,0.480411711795042,0,0.00627916354064941,0,0,0,0,0.010725984741211,0,0,0,0,1
"190",190,"Tamandua tetradactyla",2019,-77.064521,0.425763,0,2980.377593361,294.341016840638,314.199170124481,190,0.522130399486165,0,0.0250727976366429,0,0,0,0,-0.0855143223108613,0,0,0,0,1
"191",191,"Saimiri cassiquiarensis",2019,-70.358121,-3.790637,0,2992.87136929461,355.391467462437,206.788381742739,191,0.0308748346450586,0.202590800048413,0.0824344141623583,0,0,0,0,0.0322196295273725,0,0,0,0,1
"192",192,"Micronycteris schmidtorum",2008,-78.135221,-2.221937,0,2947.44166666667,372.776786295573,949.145833333333,192,0.233223568678289,0,0.258854363266433,0,0,0,0,-0.147282619235409,0,0,0,0,3
"193",193,"Mazama nemorivaga",2019,-53.318221,5.272963,0,2993.4398340249,425.93477266557,-640.082987551867,193,0.977083885557889,0,0,0,0,0,0,0,0,0,0,0,1
"194",194,"Leontocebus tripartitus",2019,-76.159821,-0.420837,0,2987,358.247441715225,491.539419087137,194,0.810279469193803,0,0.000595967407226562,0,0,0,0,-0.00357580444335959,0,0,0,0,1
"195",195,"Leontocebus nigricollis",2019,-77.114321,0.658163,0,2956.24066390042,299.279444397732,-170.439834024896,195,0.514790443417208,0,0.00666814742794553,0,0,0,0,-0.013408774780274,0,0,0,0,1
"196",196,"Speothos venaticus",2019,-76.259421,-0.512137,0,2987,360.884750429525,607.846473029046,196,0.780404689236499,0,0,0.00256080555899586,0,0,0,-0.0077019074685486,0,0,0,0,1
"197",197,"Gardnerycteris crenulatum",2012,-78.068821,-2.695037,0,2911.6,391.677685928345,1337.65,197,0.978615825467216,0,0,0,0,0,0,0,0,0,0,0,1
"198",198,"Micronycteris minuta",2009,-52.338821,4.907763,0,3000,540.70586803642,-1112.6846473029,198,0.00480716881166655,0.00129738212961606,0,0.176149282172468,7.08286980784367e-05,0,0,0.00534469293212891,0,0,0,0,3
"199",199,"Sus scrofa",2013,-51.774421,-3.076837,0,3010,370.388122558594,-1121,199,0.102675151309436,0.00022837051036746,0.351596790952169,0,0,0,0,-0.270726004436896,0,0,0,0,1
"200",200,"Cebus yuracus",2015,-77.695321,-1.059937,0,2978.55371900827,479.449512197952,1781.15289256198,200,0.442760623152669,0,0.0522858860563391,0,0,0,0,-0.0732167292487651,0,0,0,0,1
"201",201,"Myoprocta pratti",2013,-75.429421,-2.661837,0,2984.73029045643,273.32765001479,519.112033195021,201,0.976235734391275,0,0,0,0,0,0,0,0,0,0,0,2
"202",202,"Canis familiaris",2014,-45.682221,-3.657837,0,3018,389.941719909921,-1610.10373443983,202,0.0842989978565522,0.000205892540564904,0.290918251641127,0,0.00183587318068284,0,0,0.286040373971259,0,0,0,0,2
"203",203,"Lagothrix flavicauda",2007,-77.180721,-8.139837,0,2879.32231404959,262.777366322919,-503.198347107438,203,0.975330657196408,0,0,0,0,0,0,0,0,0,0,0,2
"204",204,"Ateles paniscus",2015,-58.704921,4.783263,0,2995.52282157676,392.584564208984,-624.120331950208,204,0.98153785011416,0,0,0,0,0,0,0,0,0,0,0,3
"205",205,"Potos flavus",2017,-75.902521,1.620963,0,2950.75933609958,421.694979719107,137.091286307054,205,0.983434640384453,0,0,0,0,0,0,0,0,0,0,0,2
"206",206,"Leopardus wiedii",2018,-74.732221,1.371963,0,2990.2489626556,552.840057499676,-401.875518672199,206,0.0777840898765071,0,0.485328146767224,0,0,0,0,-0.429296790130733,0,0,0,0,3
"207",207,"Lontra longicaudis",2019,-55.808221,-9.542537,0,2990.03319502075,386.098369297645,-1111.23236514523,207,0.473660186350959,0,0.0164280324731206,0,0,0,0,-0.00842852600600319,0,0,0,0,1
"208",208,"Cormura brevirostris",2017,-62.058121,-8.936637,0,3002.7510373444,334.708047067476,-1139.54771784232,208,0.0341399905389644,0.00886615476813423,0.276518470772833,0,0,0,0,-0.278732422029383,0,0,0,0,3
"209",209,"Sciurillus pusillus",2012,-55.210621,4.940963,0,2990.70954356846,350.40795353933,-830.809128630705,209,0.963803150137867,0,0,0,0,0,0,0,0,0,0,0,1
"210",210,"Nephelomys keaysi",2019,-71.545021,-13.053437,0,2918.19341563786,575.728961206758,-190.448559670782,210,0.406879740378995,0.00348729189354328,0.00420608030456874,0,0,0,0,-0.0363792344252666,0,0,0,0,1
"211",211,"Proechimys guyannensis",2006,-56.887221,4.467863,0,2989.3153526971,293.738995817192,-924.473029045643,211,0.970659355407719,0,0,0,0,0,0,0,0,0,0,0,2
"212",212,"Cebus unicolor",2016,-66.008921,-10.696237,0,2994.07024793388,302.957909323952,-1037.14049586777,212,0.393381073039007,0,0,0.101885695098847,0,0,0,-0.0131106863144822,0,0,0,0,2
"213",213,"Leontocebus tripartitus",2015,-76.466921,-0.545337,0,2985.95850622407,389.389501294654,627.489626556017,213,0.500778705719051,0,0,0.00106031894884757,0,0,0,0.000462743485753703,0,0,0,0,1
"214",214,"Canis familiaris",2016,-48.620421,-5.243137,0,3014.2,372.387321345011,-1519.57083333333,214,0.118102143801247,0,0.180422742111347,0,0.000702891352067914,0,0,-0.289892569267004,0,0,0,0,2
"215",215,"Alouatta sara",2018,-63.709821,-17.651637,0,2982.02880658436,204.755826471274,-762.164609053498,215,0.453014523715629,0,0.0391742021104102,0,0,0,0,0.0588859926123522,0,0,0,0,1
"216",216,"Saimiri boliviensis",2019,-65.494321,-13.734037,0,3000,273.342638431753,-1145.89711934156,216,0.00437902215460963,0.0261255305495941,0,0.115098665910137,0.013794616538271,0,0,0.0537424833405139,0,-0.44783562996204,0,0,3
"217",217,"Philander andersoni",2004,-75.628621,1.903163,0,2884.59751037344,486.908861595565,648.817427385892,217,0.852539679126345,0,0.000361968854930517,0,0,0,0,-0.00277509455446723,0,0,0,0,3
"218",218,"Dasyprocta leporina",2018,-55.177421,4.957563,0,2990.78423236514,363.553673708587,-796.01244813278,218,0.976305770857037,0,0,0,0,0,0,0,0,0,0,0,1
"219",219,"Cebuella pygmaea",2014,-76.134921,-0.669837,0,2985.95850622407,341.283652024645,468.120331950208,219,0.978564152468933,0,0,0,0,0,0,0,0,0,0,0,1
"220",220,"Cebus yuracus",2019,-76.541621,-0.462337,0,2987.02904564315,378.089481717818,605.58091286307,220,0.329602683604715,0.00142717889832614,0.00130337270381837,0,0.00616352449115954,0,0,-0.0301277590865797,0,0,0,0,1
"221",221,"Bradypus tridactylus",2015,-55.144221,4.982463,0,3005.7468879668,335.101540593191,-1145.88381742739,221,0.08578106260732,0.405867147330728,0,0,0,0,0,-0.0393857724020563,0,0,0,0,1
"222",222,"Mus musculus",2014,-52.280721,4.617263,0,2987.8125,570.8674659729,-815.5625,222,0.981765471443457,0,0,0,0,0,0,0,0,0,0,0,3
"223",223,"Canis familiaris",2012,-49.500221,-5.666437,0,3003.4398340249,348.150615771282,-1355.2531120332,223,0.167331401014141,0,0.327827277529129,0,0,0,0,-0.0947565515782974,0,0,0,0,2
"224",224,"Artibeus planirostris",2020,-69.295721,-12.821037,0,2986.37448559671,392.290562382451,-752.559670781893,224,0.00925844900774276,0.0178477008791114,0.0496688534580776,0.201567241546631,0,0,0,0.190153594177246,0,0,0,0,1
"225",225,"Leontocebus weddelli",2020,-71.926821,-7.824437,0,2987.68181818182,301.893374860779,-462.714876033058,225,0.13791590121638,0.000759317602040816,0.237035231350734,0,0,0,0,-0.419254279891667,0,0,0,0,2
"226",226,"Aotus vociferans",2017,-73.014121,-3.383937,0,2991.66804979253,340.187538368573,593.161825726141,226,0.000349222590792006,0.107418274519274,0.101844528096933,0.0668437651871392,0.00283258577120132,0,0,-0.00267737994384766,0,0.15171784954834,0,0,3
"227",227,"Canis familiaris",2015,-47.558021,-5.093737,0,3000.02916666667,384.370772043864,-1657.92916666667,227,0.209868161696998,0,0.244571710932543,0,2.17203771079459e-05,0,0,0.0419425865885424,0,0,0,0,2
"228",228,"Saguinus bicolor",2020,-60.074421,-2.827837,0,3002.27916666667,282.828990936279,-511.775,228,0.219845298126239,0.00617789124409976,0.0416919491044233,0,0.000226372522488446,0,0,0.00103998536113681,0,0,0,0,3
"229",229,"Alouatta discolor",2011,-51.442421,-1.616037,0,3013.025,381.732881291707,-1106.02083333333,229,0.967957912870518,0,0,0,0,0,0,0,0,0,0,0,3
"230",230,"Saguinus midas",2019,-52.513121,4.467863,0,2993.90495867769,444.502371543695,-820.764462809917,230,0.96685284813161,0,0,0,0,0,0,0,0,0,0,0,2
"231",231,"Platyrrhinus masu",2020,-75.354721,-10.546837,0,2849.95867768595,448.547552187581,83.1776859504132,231,0.815056201910431,0,0.000989170061747233,0,0,0,0,0.00791336175537105,0,0,0,0,3
"232",232,"Mesophylla macconnelli",2004,-75.587121,1.612663,0,2985.6125,584.002473449707,-163.5625,232,0.246349071923002,0,0.244225831689417,0,0,0,0,-0.0787166496117677,0,0,0,0,3
"233",233,"Lagothrix lagothricha",2016,-72.507821,-2.470937,0,2988,343.248461711456,694.780082987552,233,0.183204914004075,0,0,0.280890792037647,0.000829368566603888,0,0,0.184983462501198,0,0,0,0,2
"234",234,"Leontocebus nigricollis",2020,-76.500121,-0.537037,0,2984.73221757322,393.70332636494,651.73640167364,234,0.963211693242337,0,0,0,0,0,0,0,0,0,0,0,1
"235",235,"Felis catus",2017,-54.189721,3.828763,0,3005,325.304133624951,-1200.29045643154,235,0.223910251585203,0.0481277643561309,0.0510061797317924,0,0,0,0,-0.0482642987161075,0,0,0,0,2
"236",236,"Myrmecophaga tridactyla",2018,-74.649221,0.143563,0,2988,403.237125001013,-311.132780082987,236,0.963130725278366,0,0,0,0,0,0,0,0,0,0,0,1
"237",237,"Aotus brumbacki",2012,-73.777721,3.737463,0,2991,783.401429742204,-1060.21161825726,237,0.00634396733398438,0,0.423615723961418,0.00023789873046875,0,0,0,0.00267636041259765,0,0,0,0,1
"238",238,"Dasyprocta variegata",2018,-69.055021,-12.538837,0,2989.30165289256,347.45036315918,-829.764462809917,238,2.60654351533349e-05,0.0292177114248167,0.00510884925045184,0.256181281685926,0,0,0.000766787432287951,0,0,-0.00946139657413247,0,0,2
"239",239,"Choloepus didactylus",2009,-76.757421,-1.093137,0,2985.07883817427,333.067902497731,540.759336099585,239,0.311125656254938,0.0234709834239685,0.00324700734649123,0,0,0,0,0.00510701390309065,0,0,0,0,1
"240",240,"Leontocebus nigricollis",2009,-76.292621,-0.595137,0,2987,349.824619910529,542.892116182573,240,0.965968204680797,0,0,0,0,0,0,0,0,0,0,0,1
"241",241,"Canis familiaris",2012,-46.171921,-3.815537,0,3013.58506224066,372.341687974099,-1440.8755186722,241,0.152582120442569,0.015842493921429,0.157405541530961,0,0,0,0,0.203347829593673,0,0,0,0,1
"242",242,"Saimiri boliviensis",2018,-68.200121,-9.990737,0,2991,296.448686528503,-958.954356846473,242,0.556687534770278,0,0.0603655807436924,0,0,0,0,-0.801828127407897,0,0,0,0,2
"243",243,"Vicugna vicugna",2020,-78.865621,-1.524737,0,2787.63900414938,226.152353247172,-457.941908713693,NA,NA,NA,NA,NA,NA,NA,NA,NA,NA,NA,NA,NA,3
"244",244,"Cebus yuracus",2019,-78.940321,-4.122637,0,2952.01652892562,166.871407690127,-629.371900826446,243,0.0738259050593238,0.00451807154744466,0.241613447359942,0,0,0,0,-0.0548881247529872,0,0,0,0,1
"245",245,"Choloepus didactylus",2019,-60.107621,-3.051937,0,3007.67355371901,291.196078339884,-623.946280991736,244,0.089608514338673,0.0439016380290048,0.0199896084169166,0,0.000451170085948001,0.0486408315453109,0,-0.0290508115614948,0,0,0,0,3
"246",246,"Herpailurus yagouaroundi",2016,-73.777721,2.251763,0,2993.42323651452,411.355059485218,-1066.69294605809,245,0.359011208601767,0,0.0806408673123391,0.000324837418989702,0,0,0,-0.164728744977647,0,0,0,0,1
"247",247,"Canis familiaris",2015,-48.935821,-5.243137,0,3010.14876033058,401.848329149987,-1422.70247933884,246,0.466056807707198,0,0.0147327597172576,0,0,0,0,0.0026674947639016,0,0,0,0,2
"248",248,"Philander opossum",2019,-53.218621,3.612963,0,2993.69294605809,413.050440997998,-1056.95435684647,247,0.971193698715391,0,0,0,0,0,0,0,0,0,0,0,3
"249",249,"Phyllostomus hastatus",2016,-51.882321,3.978163,0,2995.34854771784,601.360915821123,-1028.04979253112,248,0.43404053276724,0,0.0026732432903759,0,0.00460643391453816,0,0,0.0142700060424804,0,0,0,0,2
"250",250,"Sphaeronycteris toxophyllum",2016,-69.461721,-12.862537,0,2985,384.376050208226,-712.97520661157,249,0.0896630778638353,0,0,0.398468142510178,0,0,0,0.283473923719219,0,0,0,0,1
"251",251,"Dasyprocta variegata",2018,-69.055021,-12.538837,0,2989.30165289256,347.45036315918,-829.764462809917,250,2.60654351533349e-05,0.0292177114248167,0.00510884925045184,0.256181281685926,0,0,0.000766787432287951,0,0,-0.00946139657413247,0,0,2
"252",252,"Bradypus tridactylus",2011,-52.280721,3.189663,0,2998.95435684647,445.752391007926,-1080.02489626556,251,0.77172946329881,0.00514153970214844,0.000138900353247549,0,0,0,0,0,0,0,0,0,3
"253",253,"Saimiri cassiquiarensis",2016,-70.075921,-4.097737,0,2993,360.112958472794,187.954356846473,252,0.000169857244582403,0.00504774705253195,0.0122301698326873,0.288464038485696,0,0,0,0,0,-4.19548088521626e-05,0,0,3
"254",254,"Plecturocebus donacophilus",2008,-63.162021,-17.942137,0,2991,202.860841282078,-1202.16803278689,253,0.00777400925568612,0.0055654539983934,0,0,0,0,0,0.0281017888183594,0,0,0,0,3
"255",255,"Cheracebus torquatus",2020,-67.868121,-8.895137,0,2992.09128630705,304.992031746385,-844.385892116183,254,0.978013597678513,0,0,0,0,0,0,0,0,0,0,0,2
"256",256,"Leopardus tigrinus",2010,-52.073221,4.110963,0,2995.76348547718,546.060735805401,-954.780082987552,255,0.294768410444956,0,0.000368017217726935,0.0107574205738855,0.00239211199176122,0,0,0.0115925438232418,0,0,0,0,2
"257",257,"Cabassous unicinctus",2018,-74.790321,2.658463,0,2960.37190082645,342.330561488128,-334.421487603306,256,0.39425618063687,0,0.0912521742875881,0,0,0,0,0.00361773341662952,0,0,0,0,2
"258",258,"Olallamys albicauda",2016,-75.246821,1.546263,0,2999.622406639,448.292276849391,-842.933609958506,257,0.0152134755684989,0,0.447829166501002,0.000382996794201079,0,0,0,0.0473639013061523,0,0,0,0,3
"259",259,"Leontocebus nigricollis",2020,-76.259421,-0.412537,0,2987.1867219917,370.232434791153,618.684647302905,258,0.552860700291871,0,0.0049436322446166,0,0,0,0,-0.0015810688727883,0,0,0,0,1
"260",260,"Atelocynus microtis",2020,-68.889021,-12.298137,0,2986.89669421488,343.100110771242,-783.842975206612,259,0.442520274161951,0,0,0.0528683167057531,0,0,0,-0.0261374024887971,0,0,0,0,2
"261",261,"Choloepus didactylus",2018,-76.857021,-0.304637,0,2984.88796680498,357.455152582825,653.576763485477,260,0.00347920574621252,0.00378122075343776,0.0990124043678076,0,0,0.156709266837455,0,0.0026818896484375,0,0,0,0,1
"262",262,"Didelphis imperfecta",2010,-52.347121,4.293563,0,2976.25726141079,561.134300896736,-764.738589211618,261,0.977162201793001,0,0,0,0,0,0,0,0,0,0,0,2
"263",263,"Choloepus didactylus",2019,-75.753121,-0.271437,0,2986.49377593361,366.003843062152,105.767634854772,262,0.966597336943505,0,0,0,0,0,0,0,0,0,0,0,1
"264",264,"Lagothrix flavicauda",2009,-77.786621,-5.799237,0,2859.02074688797,247.782037125584,-487.008298755187,263,0.940883382744879,0,0,0,0,0,0,0.0201101457172461,0,0,0,0,3
"265",265,"Artibeus planirostris",2018,-75.719921,1.413463,0,2991,465.160781923666,-303.336099585062,264,0.0080570540701294,0.000268112899780273,0.484078554244474,0.000134056436157227,0,0,0,0.0321735394897461,-0.985611783651911,0,0,0,3
"266",266,"Leontocebus fuscicollis",2013,-72.873021,-4.645537,0,2987.63485477178,342.625251358475,367.282157676349,265,0.455136712171488,0.000297037588936942,0,0.0101650283300006,0,0,0,-0.0076181132836437,0,0,0,0,1
"267",267,"Cebus olivaceus",2005,-52.313921,3.529963,0,2996.91701244813,489.119131001199,-1007.1244813278,266,0.971473387396239,0,0,0,0,0,0,-0.00535393786621086,0,0,0,0,3
"268",268,"Myrmecophaga tridactyla",2018,-49.251221,-6.670737,0,3002,339.511681927137,-1306.85123966942,267,0.278281987373059,0,0.210209210474315,0,0,0,0,0.31117059199482,0,0,0,0,1
"269",269,"Cebus albifrons",2013,-73.337821,-2.354737,0,2987,320.403221288657,685.485477178423,268,0.290989307021545,0.00226286893717448,0,0.0329977469872289,0,0,0,0.375584897784786,0,0,0,0,2
"270",270,"Lagothrix lagothricha",2018,-71.387321,-12.132137,0,2979.68595041322,219.495604901274,-819.247933884297,269,0.982229519376395,0,0,0,0,0,0,0,0,0,0,0,2
"271",271,"Pithecia hirsuta",2014,-70.208721,-3.732537,0,2989.09917355372,376.83705378761,377.206611570248,270,0.990085195244283,0,0,0,0,0,0,0,0,0,0,0,1
"272",272,"Saguinus midas",2019,-55.202321,5.472163,0,3002,325.752985910756,-685.327800829876,271,0.0899761448440899,0,0.00563358061640313,0.0761908315492071,0.00480986015612014,0.00143917322361723,0,-0.0409405270996093,0,0,0,0,2
"273",273,"Tapirus pinchaque",2019,-77.811521,-0.595137,0,2859.20331950207,481.577667362957,1731.07883817427,272,0.682669491558109,0.00229867381068638,0,0,0,0,0,-0.0134089149861663,0,0,0,0,3
"274",274,"Plecturocebus donacophilus",2016,-63.668321,-17.469037,0,2984.11934156379,240.914002909091,-929.814814814815,273,0.137543320655111,0,0.147648807423811,0,0.00115958263977962,0.00340453778380187,0,0.129207676299688,0,0,0,0,1
"275",275,"Metachirus nudicaudatus",2013,-67.511221,-16.373437,0,2922.53909465021,263.285417344835,-150.901234567901,274,0.250505825854073,0,0.0428111914121541,0,0,0.0019069662997257,0,-0.0445940806549656,0,0,0,0,1
"276",276,"Ateles belzebuth",2014,-76.193021,-0.727937,0,2984.47302904564,346.368478482195,587.846473029046,275,0.984799186161533,0,0,0,0,0,0,0,0,0,0,0,1
"277",277,"Leontocebus tripartitus",2010,-76.881921,-0.437437,0,2986,349.145940907796,618.991666666667,276,0.203907841452071,0,0.196943367764925,0,0,0.00368754190572103,0,-0.00355475846043046,0,0,0,0,1
"278",278,"Lagothrix lagothricha",2019,-73.553621,-4.579137,0,2992.41078838174,321.833034151323,265.917012448133,277,0.00881957718007281,0,0.0121741104575103,0.344628772864208,0,0,0,-0.0569876098190008,0,0.936816368047031,0,0,2
"279",279,"Saguinus inustus",2020,-70.192121,1.197663,0,2981.29875518672,401.313744509369,624.643153526971,278,0.302364193259948,0,0.186063276886322,0,0,0,0,0.0398278002225988,0,0,0,0,2
"280",280,"Canis familiaris",2013,-45.898021,-3.682737,0,3015.48333333333,389.568045552572,-1546.075,279,0.0426276797952091,0.00177124139494054,0.214936230133057,0,0.0010496240790872,0,0,-0.125796895812988,0,0,0,0,2
"281",281,"Pithecia pithecia",2019,-52.579521,4.932663,0,2996,504.813402412351,-956.871900826446,280,0.964380836081592,0,0,0,0,0,0,0,0,0,0,0,3
"282",282,"Canis familiaris",2018,-54.048621,3.380563,0,3006.88796680498,386.324791492763,-1164.21161825726,281,0.216041573712529,0.0510519445329134,0.0575487962443035,0,0,0,0,-0.108691249516745,0,0,0,0,3
"283",283,"Platyrrhinus infuscus",2006,-76.400521,-0.819237,0,2984,368.241005925222,591.854771784232,282,0.984894243660237,0,0,0,0,0,0,0,0,0,0,0,1
"284",284,"Lagothrix flavicauda",2009,-76.715921,-8.413737,0,2915.9375,409.880944061279,-350.941666666667,283,0.978749963289867,0,0,0,0,0,0,0,0,0,0,0,1
"285",285,"Ateles paniscus",2019,-53.077521,3.778963,0,2992.94190871369,416.811906236831,-1020.51037344398,284,0.978751678426582,0,0,0,0,0,0,0,0,0,0,0,2
"286",286,"Canis familiaris",2012,-49.085221,-5.317837,0,3011.53112033195,378.52516649175,-1738.51037344398,285,0.000467367793273926,0.198199631001163,0.00391699017944336,0,0.000178044799804688,0.0374959355224459,0,-0.00623156884765625,0,0,0,0.190221924581849,2
"287",287,"Saimiri sciureus",2015,-52.820221,5.123563,0,2995,473.192794799805,-963.504132231405,286,0.408668944480985,0,0.000633240104166667,0,0.0176713764404297,0,0,0.0284958354492193,0,0,0,0,3
"288",288,"Vicugna vicugna",2018,-78.840721,-1.474937,0,2749.42323651452,242.005815877954,-256.576763485477,NA,NA,NA,NA,NA,NA,NA,NA,NA,NA,NA,NA,NA,3
"289",289,"Lagothrix lagothricha",2019,-61.319421,-10.082037,0,2997,343.93111602531,-1035.03305785124,287,0.990584282007555,0,0,0,0,0,0,0,0,0,0,0,3
"290",290,"Saimiri boliviensis",2019,-74.823521,-8.936637,0,2991.10373443983,259.270647230979,-666.800829875519,288,0.555310942556367,0,0.075817021323792,0,0,0,0,-0.23798016373219,0,0,0,0,1
"291",291,"Pithecia pithecia",2016,-58.704921,4.608963,0,2996,417.98577323692,-590.817427385892,289,0.968744641091749,0,0,0,0,0,0,0,0,0,0,0,3
"292",292,"Priodontes maximus",2013,-72.341821,-4.545937,0,2988,351.562981949802,254.165975103734,290,0.978746674252749,0,0,0,0,0,0,0,0,0,0,0,3
"293",293,"Canis familiaris",2015,-60.572421,-3.209637,0,3006,363.411623119813,-472.082987551867,291,0.282390628889074,0.000965474803691008,0.120729854158246,0,0,0,0,0.0189723643147772,0,0,0,0,3
"294",294,"Lophostoma schulzi",2013,-58.721521,4.733463,0,2995.82572614108,420.466570842316,-583.921161825726,292,0.976047706618131,0,0,0,0,0,0,0,0,0,0,0,3
"295",295,"Lagothrix lagothricha",2014,-70.183821,-3.774037,0,2989.33609958506,369.962610015236,346.373443983403,293,0.982913196131085,0,0,0,0,0,0,0,0,0,0,0,1
"296",296,"Phyllostomus latifolius",2017,-57.484821,-4.736837,0,3000.17842323651,331.800606122155,-695.763485477178,294,0.0921902851404347,0.027583792109743,0.0666121134887995,0,0,0,0.048145540777552,-0.0204025891438812,0,0,0,0,3
"297",297,"Lagothrix lagothricha",2018,-76.101721,1.446663,0,2901.95020746888,823.293000153981,2426.97095435685,295,0.850152640012986,0,0.000699415840480639,0,0,0,0,-0.00536218811035127,0,0,0,0,2
"298",298,"Callimico goeldii",2019,-73.719621,-7.575437,0,2985.20746887967,288.440546312767,-395.813278008299,296,0.962398976716882,0,0,0,0,0,0,0,0,0,0,0,2
"299",299,"Macrophyllum macrophyllum",2020,-51.948721,-3.367337,0,3008.47933884298,355.343413550006,-1220.28099173554,297,0.123360783532994,0.0810882774091136,0.100675593157261,0,0,0,0,-0.378895491913442,0,0,0,0,3
"300",300,"Pithecia monachus",2017,-73.254821,-4.396537,0,2991,326.732072252456,399.925311203319,298,0.00451100913712503,0,0.00454331840465915,0.309919573460769,0.000452474476232655,0,0,0.0261235732400333,0,0,0,0,1
"301",301,"Ateles belzebuth",2011,-64.971421,6.883163,0,3000,361.612263072621,-1153.88016528926,299,0.990282645393163,0,0,0,0,0,0,0,0,0,0,0,2
"302",302,"Proechimys brevicauda",2018,-77.047921,-2.437737,0,2986,399.134350915173,1205.87136929461,300,0.428478094769271,0,0,0.0547416988378368,0,0,0,0.0938162983398432,0,0,0,0,1
"303",303,"Atelocynus microtis",2018,-74.765421,1.371963,0,2990.9377593361,540.927247866555,-393.331950207469,301,0.201834193448773,0,0.288133361584801,0,0,0,0,-0.070849515916532,0,0,0,0,3
"304",304,"Mus musculus",2017,-52.322221,4.899463,0,3000,548.807974571039,-1065.45041322314,302,0,0.000465997532996519,0.00248596317021715,0.0869118343408866,0.060620971256747,0.0537777946953868,0,0,0,0.308911159374519,0,0,3
"305",305,"Isothrix bistriata",2017,-73.387621,-4.504437,0,2992,323.408264286262,311.210743801653,303,0,0.0200094050689697,0.012641410365804,0.289883361743301,0,0,0,0,0,-0.00178257861328124,0,0,1
"306",306,"Bassaricyon alleni",2013,-69.362121,-12.862537,0,2986,388.995730427558,-715.633744855967,304,0.128537225533782,0,0,0.361117641424058,0,0,0,0.769336509164129,0,0,0,0,1
"307",307,"Canis familiaris",2012,-46.313021,-4.039637,0,3011.26970954357,353.175075926721,-1619.40663900415,305,0.0863497060836792,0,0.399242652345276,0,0,0,0,-0.129312998596191,0,0,0,0,1
"308",308,"Priodontes maximus",2013,-72.798321,-4.678737,0,2988,340.351117599109,313.801652892562,306,0.318869018920793,0.0046882814798592,0,0.0239186034563955,0,0,0,0.0120452697215355,0,0,0,0,1
"309",309,"Caenolestes caniventer",2006,-78.766021,-6.247437,0,2842.5,178.472493108114,-501.533333333333,307,0.167588313681575,0,0.262911024950047,0,0,0,0,-0.104475282952761,0,0,0,0,3
"310",310,"Sapajus apella",2018,-69.055021,-12.605237,0,2989,350.988339396661,-821.38683127572,308,0,0,0.000354653032302856,0.606961431369335,0.00240071459007263,0,0,0,0,0,0,0,2
"311",311,"Canis familiaris",2014,-48.446121,-5.160137,0,3017.88796680498,357.371876823457,-1598.04564315353,309,0.0670380359487382,0.00104591951206752,0.192534777714804,0,0.0010176522391183,0,0,-0.0988391392211918,0,0,0,0,2
"312",312,"Choloepus didactylus",2019,-55.667121,5.845663,0,3000.76033057851,316.419220979549,-908.297520661157,310,0,0,0.172938480449833,0.146381129774231,0.00903719010377315,0.000783921779826536,0,0,0,0.0733320501345167,0,0,1
"313",313,"Ateles paniscus",2020,-58.621921,3.662763,0,2998,367.178123601278,-845.729166666667,311,0.969524963275506,0,0,0,0,0,0,0,0,0,0,0,1
"314",314,"Ateles belzebuth",2014,-76.002121,-0.703037,0,2986.75933609959,342.698301703109,272.153526970954,312,0.236401436478579,0.00974273315726885,0,0.0763398435506186,0,0,0,0.0159256085726871,0,0,0,0,1
"315",315,"Canis familiaris",2013,-46.479021,-4.197337,0,3014.05394190871,337.981330333409,-1534.8755186722,313,0.0921492320403035,0.019011844855613,0.128076794137678,0,0,0.00201210430454927,0,-0.072324359873812,0,0,0,0,3
"316",316,"Pithecia pithecia",2015,-55.177421,4.940963,0,2991.87136929461,374.932108772246,-820.825726141079,314,0.975403746931008,0,0,0,0,0,0,0,0,0,0,0,1
"317",317,"Cebus olivaceus",2010,-53.558921,3.538263,0,2976,453.372931925456,-993.816666666667,315,0.969884955865359,0,0,0,0,0,0,0,0,0,0,0,3
"318",318,"Saimiri sciureus",2012,-52.504821,3.189663,0,3000.55186721992,421.278341206278,-1078.82572614108,316,0.476328389790758,0.012591518357915,0,0,0,0,0,-0.00938837276108639,0,0,0,0,3
"319",319,"Rhipidomys macconnelli",2004,-59.817121,5.123563,0,2949.87966804979,382.511392427183,-366.560165975104,317,0.968369738353056,0,0,0,0,0,0,0,0,0,0,0,3
"320",320,"Chironectes minimus",2006,-77.454621,-0.022437,0,2947.14107883817,264.085242180409,76.1078838174274,318,0.343835399246169,0,0.144779776425224,0,0,0,0,0.0286177153365793,0,0,0,0,3
"321",321,"Bradypus tridactylus",2011,-61.468821,6.476463,0,3001.17842323651,348.208440250381,-828.659751037344,319,0.975834968332208,0,0,0,0,0,0,-0.00888425109863278,0,0,0,0,2
"322",322,"Sapajus apella",2019,-67.876421,3.886863,0,2994,508.547096094155,-353.630705394191,320,0.000134407464850439,0.000153622452163389,0.00949669266865966,0.227315608183512,0.0168229633851524,0,0,-0.000891976501464844,0,0.799991494776112,0,0,3
"323",323,"Bradypus tridactylus",2020,-60.082721,-3.018737,0,3005.91286307054,299.451176560271,-500.44398340249,321,0.169768793236838,0.00242436609708499,0.0567039438676822,0,5.51089816623264e-05,0.00184971772321758,0,0.109313112727864,0,0,0,0,3
"324",324,"Cryptotis montivaga",2019,-79.214221,-2.786337,0,2803.08333333333,375.227013142904,-476.991666666667,322,0,0.0254179100411808,0,0,0.0271176928209013,0,0,0,0,0,0.00161430339044309,0,1
"325",325,"Plecturocebus caquetensis",2009,-75.562221,0.923763,0,2992,468.642027542304,101.576763485477,323,0.0648559153561819,0,0.423523989025424,0,0,0,0,-0.0121635192921358,0,0,0,0,3
"326",326,"Aotus vociferans",2015,-76.857021,-2.537337,0,2986.1867219917,342.508171239829,770.311203319502,324,0.180199147222364,0.00086004165649414,0.000860040988498264,0.176822023218975,0,0.000248088755289714,0,0.0817784125251312,0,0,0,0,1
"327",327,"Chiropotes chiropotes",2012,-54.040321,3.413763,0,2999.92116182573,387.666932671891,-1133.85892116183,325,0.969316614950023,0,0,0,0,0,0,0,0,0,0,0,3
"328",328,"Canis familiaris",2012,-49.873721,-5.940337,0,3004.63485477178,277.022043695094,-1356.7510373444,326,0.0670373752224073,0.0318383144089703,0.099738945485382,0,0,0,0.00322943936583874,-0.170031538104847,0,0,0,0,2
"329",329,"Bradypus tridactylus",2019,-59.775621,-2.446037,0,2998.34166666667,294.009042104085,-416.783333333333,327,0.971866389499079,0,0,0,0,0,0,0,0,0,0,0,3
"330",330,"Cebus unicolor",2020,-60.456221,-3.076837,0,3008.47107438017,334.920844212051,-673,328,0.189491526842197,0.295012101233646,0,0,0,0,0,0.0442018655294986,0,0,0,0,3
"331",331,"Canis familiaris",2012,-47.134721,-4.570837,0,3001,364.733544567314,-1661.22821576763,329,0.0928631095375765,0,0.403659205062845,0,0,0,0,-0.0240624991455078,0.968218513470824,0,0,0,3
"332",332,"Canis familiaris",2015,-49.392321,-5.658137,0,3006.65145228216,335.669561362365,-1513.07053941909,330,0.00653958251953125,0,0.47309443242035,0,0,0,0,-0.00355893536376953,0,0,0,0,2
"333",333,"Sciurus aestuans",2020,-48.089221,-1.408537,0,3009,445.740203730793,-735.626556016598,331,0.246396512123431,0,0.236841544547113,0,0,0,0,-0.0016227146414961,0,0,0,0,3
"334",334,"Tamandua tetradactyla",2019,-75.885921,1.521363,0,2977.58921161826,458.677498971773,184.692946058091,332,0.290200244993244,0,0.198362977343947,0,0,0,0,-0.18471250469875,0,0,0,0,2
"335",335,"Ateles marginatus",2020,-55.393221,-11.700537,0,2990.12345679012,362.199732274185,-1398.16049382716,333,0.288651558695858,0,0.199204058794185,0,0,0,0,0.0394145950927723,0,0,0,0,1
"336",336,"Plecturocebus ornatus",2014,-73.694721,3.637863,0,2994.08298755187,591.490440273681,-1237.42323651452,334,0.0232526479841197,0,0.287751802152681,0.0186295560110156,0,0,0,-0.0262663637838924,0,0,0,0,2
"337",337,"Saccopteryx bilineata",2020,-44.951821,-3.317537,0,3019,399.967703285059,-1635.67634854772,335,0.0237739788632262,0.0146038349746704,0.0981315318110744,0,0.023788613578602,0,0,-0.0586435827672624,0,0,0,0,2
"338",338,"Pithecia milleri",2009,-75.636921,0.932063,0,2992.3734439834,471.94109246345,174.879668049793,336,0.196872307643888,0,0.118377364988906,0.00609823414282705,0,0,0,0.143753704475672,0,0,0,0,3
"339",339,"Leopardus tigrinus",2020,-76.765721,0.865663,0,2974.45416666667,632.502467346191,1796.74166666667,337,0.424574855152354,0,0.0666361611975276,0,0,0,0,-0.0271142402358108,0,0,0,0,2
"340",340,"Saguinus inustus",2019,-70.217021,1.280663,0,2984,361.584273468904,289.029045643154,338,0.13512388706111,0.0839628177490707,0.00283415330425062,0.0310629449702937,0,0,0,-0.0125686425379135,0,0,0,0,2
"341",341,"Desmodus rotundus",2019,-73.620021,-13.219437,0,2822.00413223141,212.920321503947,-463.739669421488,339,0.0711529292587192,0,0.00430888319385357,0,0,0,0,0.134978742454618,0,0,0,0,3
"342",342,"Canis familiaris",2018,-54.106721,3.280963,0,3006.23651452282,339.96859373987,-1219.40663900415,340,0.555193914777997,0,0.00323866570347377,0,0,0,0,-0.00535527185058593,0,0,0,0,2
"343",343,"Tamandua tetradactyla",2019,-77.454621,-0.138637,0,2956.9377593361,316.880235220881,595.618257261411,341,0.105181297642299,0.0485858658079116,0.119937000527357,0,0,0.00062436175827753,0,-0.18895774527181,0,0,0,0,3
"344",344,"Potos flavus",2019,-76.051921,-0.454037,0,2987,353.38430279617,352.460580912863,342,0.367357782272329,0,0.00514707701744666,0.00293971112647423,0,0,0,0.0303942366699211,0,0,0,0,1
"345",345,"Choloepus hoffmanni",2020,-72.715321,-7.500737,0,2989.0622406639,293.757986868071,-515.248962655602,343,0.10269361805229,0,0.382689501463732,0,0,0,0,-0.292133877013441,0,0,0,0,1
"346",346,"Rattus rattus",2018,-53.451021,5.546863,0,2998,401.637679103994,-956.576763485477,344,0.0841114861049009,0,0.0394216825136851,0.106158656860618,0.0117240803515745,0,0,0.00949924810814939,0,0,0,0,3
"347",347,"Canis familiaris",2015,-48.105821,-5.168437,0,3018.90041493776,322.868727181462,-1765.95020746888,345,0.0732385671278651,0,0.405825345130719,0,0,0,0,-0.175116535174202,0,0,0,0,2
"348",348,"Nasua nasua",2007,-50.330221,-9.700237,0,3013,266.527736443133,-1313.76446280992,346,0.989514273986822,0,0,0,0,0,0,0,0,0,0,0,1
"349",349,"Lagothrix lagothricha",2016,-77.521021,-1.059937,0,2976.95,521.517857106527,1337.90416666667,347,0.308489609156869,0.00825037234766343,0.0106784816937415,0,0,0,0,0.0607766855181515,0,0,0,0,1
"350",350,"Phyllostomus hastatus",2019,-76.251121,-0.138637,0,2987,395.265906778971,696.883333333333,348,0.0602569024179078,0,0,0.423098256826884,0,0,0,0.0987506585571283,0,0,0,0,1
"351",351,"Marmosops impavidus",2005,-76.375621,-7.749737,0,2924.82231404959,346.011939939389,159.495867768595,349,0.978675295877068,0,0,0,0,0,0,-0.00620213275146508,0,0,0,0,1
"352",352,"Tapirus pinchaque",2019,-78.334421,-0.810937,0,2796.6887966805,328.349004088596,503.809128630705,350,0,0,0,0,0.0765027712979185,0,0,0,0,0,0,0,3
"353",353,"Galictis vittata",2007,-75.678421,-0.180137,0,2986,373.062733043324,89.5454545454545,351,0.964047546789066,0,0,0,0,0,0,0,0,0,0,0,1
"354",354,"Artibeus planirostris",2016,-73.794321,2.260063,0,2990.34583333333,433.525696309408,-1126.5,352,0.177161857802554,0,0.00093066493398629,0,0,0,0,0.10026320210296,0,0,0,0,1
"355",355,"Caenolestes sangay",2017,-78.492121,-2.197037,0,2811.58921161826,281.146567316966,187.788381742739,353,0.0270144177073161,0,0,0,0,0,0,0.00190578071289062,0,0,0,0,3
"356",356,"Saguinus midas",2018,-55.185721,5.472163,0,3001.92531120332,326.387563998274,-699.970954356847,354,0.0698264494581161,0,0.00746272782008394,0.0635699826614882,0.00076992857557288,0.00557462719805244,0,0.000174545967850048,0,0,0,0,2
"357",357,"Cerdocyon thous",2010,-50.994221,1.230863,0,3009,412.649095210792,-1494.83402489627,355,0.00650283960454299,0,0.00246243713129783,0,0.00290056400157719,0,0,0,0,0,0,0,2
"358",358,"Sciurillus pusillus",2020,-55.185721,4.957563,0,2991.19917012448,360.260730537636,-789.904564315353,356,0.976309263898072,0,0,0,0,0,0,0,0,0,0,0,1
"359",359,"Saguinus bicolor",2013,-59.966521,-3.018737,0,3003.53941908714,310.492993746556,-452.48132780083,357,0.0129713905025973,0,0.00212688732856966,0,0,0.343320720590695,0,-0.114168996068618,0,0,0,0,3
"360",360,"Ateles belzebuth",2019,-77.446321,-1.035037,0,2977.70124481328,511.130504813926,1294.69709543568,358,0.465679409997973,0,0.0171376887234018,0,0,0,0,-0.0727335408744066,0,0,0,0,1
"361",361,"Mazama nemorivaga",2013,-52.845121,5.223163,0,2995.99170124481,486.77569833336,-1009.29460580913,359,0.582568881061056,0,0.00409219733085972,0,0,0,0,0.0194903016209035,0,0,0,0,3
"362",362,"Lagothrix lagothricha",2020,-72.781721,1.305563,0,2971.85892116183,468.515271958474,-534.46887966805,360,0.846380465344235,0,0,0,0,0,0,0.125124949462892,0,0,0,0,1
"363",363,"Aotus nancymaae",2009,-76.890221,-7.235137,0,2942.12033195021,264.517220968033,-713.858921161826,361,0.977356930969953,0,0,0,0,0,0,0,0,0,0,0,2
"364",364,"Potos flavus",2020,-77.877921,-0.586837,0,2889.94605809129,448.571092027846,1221.622406639,362,0.384758019718909,0,0.101061073249482,0,0,0,0,0.306340840398332,0,0,0,0,3
"365",365,"Pithecia monachus",2018,-73.644921,-4.811537,0,2994,318.920265166097,260,363,0.00121786776079165,0.000795708365436629,1.2373789469401e-05,0.258393481593701,0.0122510079018387,0,0,-0.00474804715288948,0,0,0,0,2
"366",366,"Tapirus terrestris",2020,-77.487821,-1.184437,0,2970.78423236515,544.564141617771,1493.4356846473,364,0.474925296352021,0,0.0131957465614409,0,0,0,0,-0.0140447525570137,0,0,0,0,1
"367",367,"Lagothrix flavicauda",2007,-77.902821,-5.666437,0,2881.73443983403,239.080119089467,-430.344398340249,365,0.443449152312845,2.24301568039325e-05,0.025038092397926,0,0,0,0,-0.0300342135522002,0,0,0,0,3
"368",368,"Saimiri sciureus",2011,-52.820221,2.326463,0,3005.56846473029,403.601779795287,-1132.7468879668,366,0.96986444130069,0,0,0,0,0,0,0,0,0,0,0,2
"369",369,"Nasua nasua",2020,-76.989821,-0.462337,0,2986,338.483024912432,536.272727272727,367,0.000919920229422557,0,0.0249774447402437,0,0,0.41414672013502,0,-0.0163399371771121,0.033647460196222,0,0,0,3
"370",370,"Vicugna vicugna",2020,-78.890521,-1.433437,0,2787.33609958506,296.983249141962,-422.614107883817,NA,NA,NA,NA,NA,NA,NA,NA,NA,NA,NA,NA,NA,3
"371",371,"Platyrrhinus dorsalis",2016,-76.715921,0.940363,0,2976.65975103734,666.446578536291,2075.39004149378,368,0.132879565744097,0,0.349430367655419,0,0,0,0,0.0260936265641753,0,0,0,0,2
"372",372,"Leontocebus nigricollis",2019,-70.383021,-3.774037,0,2992.61825726141,358.914259028138,243.136929460581,369,0.0245398796285143,0.101066645605948,0.0993271357374815,0.0179278915995041,0,0,0,0.103136088717831,0,0,0,0,1
"373",373,"Plecturocebus moloch",2019,-49.674521,-3.832137,0,3010.41493775934,446.620078059153,-1391.14937759336,370,0.0239585292462757,0,0.00800982501015258,0,0,0.290722499349511,0,0.0483374055357691,0,0,0,0,3
"374",374,"Plecturocebus discolor",2018,-76.707621,-1.109737,0,2986,323.318927892049,491.5875,371,0.34714806483206,0.0125294787622723,0.000390026720081676,0,0,0,0,0.00363483128662112,0,0,0,0,1
"375",375,"Cebus albifrons",2013,-74.574521,-2.313237,0,2987,304.880886473596,639.904564315353,372,0.390090704298829,0,0,0.0686752285461425,0.000382828494117373,0,0,-0.0455566165771485,0,0,0,0,3
"376",376,"Cebus yuracus",2018,-77.720221,-1.142937,0,2978.64583333333,525.621776326497,1762.05,373,0.217518578059877,0.00622351051161024,0.140999212225985,0,0,0,0,-0.0485562530263871,0,0,0,0,1
"377",377,"Trinycteris nicefori",2013,-71.395621,-11.874837,0,2982.09090909091,216.812829640286,-871.004132231405,374,0.110622793748176,0.000470928664457319,0.000762704484653562,0.198420798250975,0,0,0,0.589721434828815,0,0,0,0,3
"378",378,"Felis catus",2016,-49.018821,-5.268037,0,3010.98347107438,392.38739770306,-1550.90082644628,375,0.094692162705832,0,0.390356529369382,0,0,0,0,-0.0757320423306334,0,0,0,0,2
"379",379,"Ateles paniscus",2012,-52.911521,2.235163,0,3005.39669421488,391.980271646799,-1144.63636363636,376,0.990106184614838,0,0,0,0,0,0,0,0,0,0,0,2
"380",380,"Pithecia milleri",2011,-76.068521,-0.238237,0,2986,380.225247955322,544.995833333333,377,0.984163600249883,0,0,0,0,0,0,0,0,0,0,0,1
"381",381,"Cacajao calvus",2018,-64.830321,-3.101737,0,2999.30416666667,344.498505020142,158.666666666667,378,0.962331063415528,0,0,0,0,0,0,0,0,0,0,0,3
"382",382,"Saimiri cassiquiarensis",2016,-72.889621,-3.267737,0,2989.2489626556,338.556501713037,625.858921161826,379,0.11640744041868,0.012382063489696,0.0739879640566568,0.0232445071504227,0.00124303337725893,0,0,-0.146866445844342,0,0,0,0,3
"383",383,"Noctilio leporinus",2016,-51.890621,3.803863,0,2997.08713692946,568.16986615826,-1075.47302904564,380,0.208885810856208,0.0246109853150081,0.00185864329040785,0.0104168136804705,0,0,0,8.54492188118172e-09,0,0,0,0,2
"384",384,"Saimiri sciureus",2019,-53.650221,4.982463,0,2994.14522821577,371.812302965346,-742.900414937759,381,0.975651520543235,0,0,0,0,0,0,0,0,0,0,0,1
