system:index,bio12_annual_precip,bio1_mean_annual_temp,presence,row_code,scientificName,species,year,.geo
000000000000000000a0,1576.1866741415895,24.331642260767303,0,161,Akodon dayi,background species,2018,"{""geodesic"":false,""type"":""Polygon"",""coordinates"":[[[-63.20441007626653,-15.840986176951468],[-63.195117586928156,-15.840986176951468],[-63.195117586928156,-15.831989040135152],[-63.20441007626653,-15.831989040135152],[-63.20441007626653,-15.840986176951468]]]}"
000000000000000000a7,1853.8509722423162,24.690407960993763,0,168,Akodon dayi,background species,1985,"{""geodesic"":false,""type"":""Polygon"",""coordinates"":[[[-64.2044080785123,-15.840986176951468],[-64.19511558917392,-15.840986176951468],[-64.19511558917392,-15.831989040135152],[-64.2044080785123,-15.831989040135152],[-64.2044080785123,-15.840986176951468]]]}"
00000000000000000049,2231.2808437743124,26.626166585075413,0,74,Nasua nasua,background species,2022,"{""geodesic"":false,""type"":""Polygon"",""coordinates"":[[[-51.20423568720044,0.15901307264936992],[-51.1952958662143,0.15901307264936992],[-51.1952958662143,0.16801020950457987],[-51.20423568720044,0.16801020950457987],[-51.20423568720044,0.15901307264936992]]]}"
00000000000000000050,2216.770432848158,24.11721908600993,0,81,Nasua nasua,background species,2022,"{""geodesic"":false,""type"":""Polygon"",""coordinates"":[[[-77.20423279570213,0.15901307264936992],[-77.19529297471597,0.15901307264936992],[-77.19529297471597,0.16801020950457987],[-77.20423279570213,0.16801020950457987],[-77.20423279570213,0.15901307264936992]]]}"
00000000000000000099,1181.6903378825543,15.505454157994798,0,154,Nasua nasua,background species,2022,"{""geodesic"":false,""type"":""Polygon"",""coordinates"":[[[-79.20424326758342,-3.840983395425284],[-79.19528340384441,-3.840983395425284],[-79.19528340384441,-3.831986258579565],[-79.20424326758342,-3.831986258579565],[-79.20424326758342,-3.840983395425284]]]}"
00000000000000000097,2178.3948898631998,26.15305237354579,0,152,Mico rondoni,background species,2017,"{""geodesic"":false,""type"":""Polygon"",""coordinates"":[[[-62.204289602787654,-8.840982324844253],[-62.19524243370343,-8.840982324844253],[-62.19524243370343,-8.831985188010536],[-62.204289602787654,-8.831985188010536],[-62.204289602787654,-8.840982324844253]]]}"
0000000000000000007f,2130.470370850622,25.950000762939453,0,128,Myotis simus,background species,2012,"{""geodesic"":false,""type"":""Polygon"",""coordinates"":[[[-75.20427439036376,-7.840984322600899],[-75.19525033068194,-7.840984322600899],[-75.19525033068194,-7.831987185764762],[-75.20427439036376,-7.831987185764762],[-75.20427439036376,-7.840984322600899]]]}"
0000000000000000008f,2298.088058788252,18.438224958680973,0,144,Akodon mollis,background species,2021,"{""geodesic"":false,""type"":""Polygon"",""coordinates"":[[[-78.20424071564256,-2.840985393181888],[-78.19528996433056,-2.840985393181888],[-78.19528996433056,-2.8319882563337915],[-78.20424071564256,-2.8319882563337915],[-78.20424071564256,-2.840985393181888]]]}"
000000000000000000a2,1689.6530297649795,0.457974006937555,0,163,Akodon mollis,background species,2022,"{""geodesic"":false,""type"":""Polygon"",""coordinates"":[[[-77.20429937074806,-9.840984786188645],[-77.19522620261536,-9.840984786188645],[-77.19522620261536,-9.831987649357359],[-77.20429937074806,-9.831987649357359],[-77.20429937074806,-9.840984786188645]]]}"
000000000000000000bc,1203.709585102762,14.158592220163937,0,189,Aotus miconax,background species,2019,"{""geodesic"":false,""type"":""Polygon"",""coordinates"":[[[-77.20428639108056,-8.840982324844253],[-77.19523922199635,-8.840982324844253],[-77.19523922199635,-8.831985188010535],[-77.20428639108056,-8.831985188010535],[-77.20428639108056,-8.840982324844253]]]}"
00000000000000000059,1880.2027219661998,25.205592029350846,0,90,Ateles chamek,background species,2022,"{""geodesic"":false,""type"":""Polygon"",""coordinates"":[[[-55.204329101219216,-11.84098524977633],[-55.195195097947376,-11.84098524977633],[-55.195195097947376,-11.83198811294996],[-55.204329101219216,-11.83198811294996],[-55.204329101219216,-11.84098524977633]]]}"
00000000000000000078,2145.3648251102177,25.338904392669807,0,121,Ateles chamek,background species,1996,"{""geodesic"":false,""type"":""Polygon"",""coordinates"":[[[-74.20426627544363,-6.840986320357536],[-74.19526247176009,-6.840986320357536],[-74.19526247176009,-6.83198918351899],[-74.20426627544363,-6.83198918351899],[-74.20426627544363,-6.840986320357536]]]}"
000000000000000000a4,1787.102676705568,25.238326563266074,0,165,Ateles chamek,background species,2021,"{""geodesic"":false,""type"":""Polygon"",""coordinates"":[[[-61.20433049199702,-11.84098524977633],[-61.19519648872519,-11.84098524977633],[-61.19519648872519,-11.83198811294996],[-61.20433049199702,-11.83198811294996],[-61.20433049199702,-11.84098524977633]]]}"
00000000000000000056,977.0851783437176,12.610525777517273,0,87,Myotis keaysi,background species,2018,"{""geodesic"":false,""type"":""Polygon"",""coordinates"":[[[-76.20430136850227,-9.840984786188645],[-76.19522820036958,-9.840984786188645],[-76.19522820036958,-9.831987649357359],[-76.20430136850227,-9.831987649357359],[-76.20430136850227,-9.840984786188645]]]}"
00000000000000000095,2141.109832763672,26.112300554911293,0,150,Panthera onca,background species,2021,"{""geodesic"":false,""type"":""Polygon"",""coordinates"":[[[-64.20424202018945,-3.840983395425284],[-64.19528215645043,-3.840983395425284],[-64.19528215645043,-3.831986258579566],[-64.20424202018945,-3.831986258579566],[-64.20424202018945,-3.840983395425284]]]}"
00000000000000000064,3772.0170545341557,3.64936582017536,0,101,Akodon aerosus,background species,2015,"{""geodesic"":false,""type"":""Polygon"",""coordinates"":[[[-70.20436676709691,-13.840985713363944],[-70.1951598144084,-13.840985713363944],[-70.1951598144084,-13.831988576542559],[-70.20436676709691,-13.831988576542559],[-70.20436676709691,-13.840985713363944]]]}"
00000000000000000054,1738.1429851941825,11.352451304758874,0,85,Akodon torques,background species,2022,"{""geodesic"":false,""type"":""Polygon"",""coordinates"":[[[-72.20434825174038,-12.84098325201962],[-72.19517931560297,-12.84098325201962],[-72.19517931560297,-12.831986115195733],[-72.20434825174038,-12.831986115195733],[-72.20434825174038,-12.84098325201962]]]}"
000000000000000000a8,1473.4021803170197,17.472448821895384,0,169,Anoura peruana,background species,2022,"{""geodesic"":false,""type"":""Polygon"",""coordinates"":[[[-73.20434625398616,-12.84098325201962],[-73.19517731784875,-12.84098325201962],[-73.19517731784875,-12.831986115195733],[-73.20434625398616,-12.831986115195733],[-73.20434625398616,-12.84098325201962]]]}"
000000000000000000a1,2329.327913411458,26.049999237060547,0,162,Cacajao calvus,background species,1964,"{""geodesic"":false,""type"":""Polygon"",""coordinates"":[[[-62.204241466002834,-2.8409853931818874],[-62.19529071469083,-2.8409853931818874],[-62.19529071469083,-2.8319882563337915],[-62.204241466002834,-2.8319882563337915],[-62.204241466002834,-2.8409853931818874]]]}"
000000000000000000bd,2527.3118921810174,25.450000762939453,0,190,Cacajao hosomi,background species,1995,"{""geodesic"":false,""type"":""Polygon"",""coordinates"":[[[-66.20423247549336,0.15901307264936992],[-66.1952926545072,0.15901307264936992],[-66.1952926545072,0.16801020950457987],[-66.20423247549336,0.16801020950457987],[-66.20423247549336,0.15901307264936992]]]}"
00000000000000000094,1919.9097910437565,25.25,0,149,Cavia tschudii,background species,2022,"{""geodesic"":false,""type"":""Polygon"",""coordinates"":[[[-65.20438838673003,-14.840983715607189],[-65.19514027230946,-14.840983715607189],[-65.19514027230946,-14.831986578788326],[-65.20438838673003,-14.831986578788326],[-65.20438838673003,-14.840983715607189]]]}"
000000000000000000ab,977.0851783437176,12.610525777517273,0,172,Myotis oxyotus,background species,2018,"{""geodesic"":false,""type"":""Polygon"",""coordinates"":[[[-76.20430136850227,-9.840984786188645],[-76.19522820036958,-9.840984786188645],[-76.19522820036958,-9.831987649357359],[-76.20430136850227,-9.831987649357359],[-76.20430136850227,-9.840984786188645]]]}"
0000000000000000005f,3312.5693764587654,25.570251646872876,0,96,Saguinus midas,background species,2022,"{""geodesic"":false,""type"":""Polygon"",""coordinates"":[[[-52.20424547703563,4.159013999825072],[-52.19528203785234,4.159013999825072],[-52.19528203785234,4.168011136689777],[-52.20424547703563,4.168011136689777],[-52.20424547703563,4.159013999825072]]]}"
00000000000000000044,2194.7021757893544,26.137353461807695,0,69,Sapajus apella,background species,2019,"{""geodesic"":false,""type"":""Polygon"",""coordinates"":[[[-56.204250549578056,-4.840985856769725],[-56.19527881912989,-4.840985856769725],[-56.19527881912989,-4.83198871992639],[-56.204250549578056,-4.83198871992639],[-56.204250549578056,-4.840985856769725]]]}"
000000000000000000ba,3410.6968431908067,26.334443848162767,0,187,Sapajus apella,background species,2022,"{""geodesic"":false,""type"":""Polygon"",""coordinates"":[[[-65.20423993184119,-2.840985393181888],[-65.19528918052919,-2.840985393181888],[-65.19528918052919,-2.8319882563337915],[-65.20423993184119,-2.8319882563337915],[-65.20423993184119,-2.840985393181888]]]}"
00000000000000000071,2145.3648251102177,25.338904392669807,0,114,Aotus nigriceps,background species,1996,"{""geodesic"":false,""type"":""Polygon"",""coordinates"":[[[-74.20426627544363,-6.840986320357536],[-74.19526247176009,-6.840986320357536],[-74.19526247176009,-6.83198918351899],[-74.20426627544363,-6.83198918351899],[-74.20426627544363,-6.840986320357536]]]}"
000000000000000000b7,2022.756418061949,23.986259317991646,0,184,Cebus olivaceus,background species,2007,"{""geodesic"":false,""type"":""Polygon"",""coordinates"":[[[-63.20425993383748,6.159014463412893],[-63.195268173748175,6.159014463412893],[-63.195268173748175,6.168011600282376],[-63.20425993383748,6.168011600282376],[-63.20425993383748,6.159014463412893]]]}"
00000000000000000047,580.4981054189254,16.428374053020864,0,72,Graomys domorum,background species,2021,"{""geodesic"":false,""type"":""Polygon"",""coordinates"":[[[-65.2044870070248,-18.840984642782033],[-65.19504134585743,-18.840984642782033],[-65.19504134585743,-18.83198750597353],[-65.2044870070248,-18.83198750597353],[-65.2044870070248,-18.840984642782033]]]}"
00000000000000000042,1724.492389599812,27.169577934929936,0,67,Mico argentatus,background species,1912,"{""geodesic"":false,""type"":""Polygon"",""coordinates"":[[[-54.20423642989895,-1.840982931837435],[-54.1952920507544,-1.840982931837435],[-54.1952920507544,-1.831985794986965],[-54.20423642989895,-1.831985794986965],[-54.20423642989895,-1.840982931837435]]]}"
0000000000000000009d,1804.4034226286956,26.912763579752436,0,158,Mico argentatus,background species,2021,"{""geodesic"":false,""type"":""Polygon"",""coordinates"":[[[-49.20427728186207,-7.840984322600899],[-49.19525322218025,-7.840984322600899],[-49.19525322218025,-7.831987185764762],[-49.20427728186207,-7.831987185764762],[-49.20427728186207,-7.840984322600899]]]}"
000000000000000000a6,2564.6942427385898,24.949854419439163,0,167,Nectomys rattus,background species,1982,"{""geodesic"":false,""type"":""Polygon"",""coordinates"":[[[-59.204259006652286,6.159014463412892],[-59.19526724656298,6.159014463412892],[-59.19526724656298,6.168011600282375],[-59.204259006652286,6.168011600282375],[-59.204259006652286,6.159014463412892]]]}"
000000000000000000aa,2058.193349244684,25.75,0,171,Nectomys rattus,background species,2018,"{""geodesic"":false,""type"":""Polygon"",""coordinates"":[[[-57.2042394095744,3.159015997581679],[-57.195285981445515,3.159015997581679],[-57.195285981445515,3.1680131344440063],[-57.2042394095744,3.1680131344440063],[-57.2042394095744,3.159015997581679]]]}"
000000000000000000bf,2174.0775485849977,25.83431138636165,0,192,Oecomys roberti,background species,2021,"{""geodesic"":false,""type"":""Polygon"",""coordinates"":[[[-52.20424369773492,-3.840983395425284],[-52.1952838339959,-3.840983395425284],[-52.1952838339959,-3.831986258579565],[-52.20424369773492,-3.831986258579565],[-52.20424369773492,-3.840983395425284]]]}"
000000000000000000b1,2520.0206577411827,18.5321582936647,0,178,Vicugna vicugna,background species,2022,"{""geodesic"":false,""type"":""Polygon"",""coordinates"":[[[-79.20423553615484,-1.840982931837435],[-79.1952911570103,-1.840982931837435],[-79.1952911570103,-1.8319857949869651],[-79.20423553615484,-1.8319857949869651],[-79.20423553615484,-1.840982931837435]]]}"
00000000000000000077,1916.6142718782153,20.726450672856085,0,120,Akodon orophilus,background species,2015,"{""geodesic"":false,""type"":""Polygon"",""coordinates"":[[[-74.2043312757984,-11.840985249776327],[-74.19519727252656,-11.840985249776327],[-74.19519727252656,-11.83198811294996],[-74.2043312757984,-11.83198811294996],[-74.2043312757984,-11.840985249776327]]]}"
00000000000000000063,1303.3909314316486,3.4474438090383273,0,100,Akodon subfuscus,background species,1987,"{""geodesic"":false,""type"":""Polygon"",""coordinates"":[[[-73.20438578199938,-14.840983715607189],[-73.1951376675788,-14.840983715607189],[-73.1951376675788,-14.83198657878833],[-73.20438578199938,-14.83198657878833],[-73.20438578199938,-14.840983715607189]]]}"
00000000000000000084,1303.3909314316486,3.4474438090383273,0,133,Akodon subfuscus,background species,1987,"{""geodesic"":false,""type"":""Polygon"",""coordinates"":[[[-73.20438578199938,-14.840983715607189],[-73.1951376675788,-14.840983715607189],[-73.1951376675788,-14.83198657878833],[-73.20438578199938,-14.83198657878833],[-73.20438578199938,-14.840983715607189]]]}"
0000000000000000005a,3019.824771118164,24.66711654663086,0,91,Aotus vociferans,background species,2022,"{""geodesic"":false,""type"":""Polygon"",""coordinates"":[[[-72.20423703007202,2.159013536237227],[-72.1952908686502,2.159013536237227],[-72.1952908686502,2.1680106730971787],[-72.20423703007202,2.1680106730971787],[-72.20423703007202,2.159013536237227]]]}"
000000000000000000b9,2471.329967151989,25.75,0,186,Aotus vociferans,background species,2013,"{""geodesic"":false,""type"":""Polygon"",""coordinates"":[[[-77.20424872864878,-4.840985856769725],[-77.19527699820061,-4.840985856769725],[-77.19527699820061,-4.83198871992639],[-77.20424872864878,-4.83198871992639],[-77.20424872864878,-4.840985856769725]]]}"
00000000000000000040,3277.9611897448785,24.63694999821453,0,65,Ateles belzebuth,background species,1977,"{""geodesic"":false,""type"":""Polygon"",""coordinates"":[[[-73.20423186851693,0.15901307264936995],[-73.19529204753078,0.15901307264936995],[-73.19529204753078,0.16801020950457987],[-73.20423186851693,0.16801020950457987],[-73.20423186851693,0.15901307264936995]]]}"
0000000000000000006b,2150.2964859958506,23.45213732580921,0,108,Ateles belzebuth,background species,2022,"{""geodesic"":false,""type"":""Polygon"",""coordinates"":[[[-77.204264741282,-6.840986320357536],[-77.19526093759845,-6.840986320357536],[-77.19526093759845,-6.83198918351899],[-77.204264741282,-6.83198918351899],[-77.204264741282,-6.840986320357536]]]}"
0000000000000000009f,1391.0583617155219,23.71202340401894,0,160,Ateles belzebuth,background species,2018,"{""geodesic"":false,""type"":""Polygon"",""coordinates"":[[[-68.20436630350432,-13.840985713363944],[-68.19515935081579,-13.840985713363944],[-68.19515935081579,-13.83198857654256],[-68.20436630350432,-13.83198857654256],[-68.20436630350432,-13.840985713363944]]]}"
00000000000000000051,1514.7884280357835,5.5215765164222255,0,82,Calomys sorellus,background species,2022,"{""geodesic"":false,""type"":""Polygon"",""coordinates"":[[[-72.20436723068951,-13.840985713363944],[-72.195160278001,-13.840985713363944],[-72.195160278001,-13.83198857654256],[-72.20436723068951,-13.83198857654256],[-72.20436723068951,-13.840985713363944]]]}"
000000000000000000a9,1383.1681008260762,5.755812486664194,0,170,Calomys sorellus,background species,2021,"{""geodesic"":false,""type"":""Polygon"",""coordinates"":[[[-74.20436769428211,-13.840985713363942],[-74.1951607415936,-13.840985713363942],[-74.1951607415936,-13.831988576542559],[-74.20436769428211,-13.831988576542559],[-74.20436769428211,-13.840985713363942]]]}"
000000000000000000b4,1383.1681008260762,5.755812486664194,0,181,Calomys sorellus,background species,2021,"{""geodesic"":false,""type"":""Polygon"",""coordinates"":[[[-74.20436769428211,-13.840985713363942],[-74.1951607415936,-13.840985713363942],[-74.1951607415936,-13.831988576542559],[-74.20436769428211,-13.831988576542559],[-74.20436769428211,-13.840985713363942]]]}"
0000000000000000008d,1931.8139445831173,25.850000381469727,0,142,Dasypus kappleri,background species,2020,"{""geodesic"":false,""type"":""Polygon"",""coordinates"":[[[-58.20424686781343,4.159013999825072],[-58.19528342863013,4.159013999825072],[-58.19528342863013,4.168011136689778],[-58.20424686781343,4.168011136689778],[-58.20424686781343,4.159013999825072]]]}"
00000000000000000055,2615.872643025716,25.973168349266054,0,86,Neacomys guianae,background species,1976,"{""geodesic"":false,""type"":""Polygon"",""coordinates"":[[[-57.20423307713612,-0.8409849295940333],[-57.19529233957125,-0.8409849295940333],[-57.19529233957125,-0.8319877927411928],[-57.20423307713612,-0.8319877927411928],[-57.20423307713612,-0.8409849295940333]]]}"
0000000000000000005d,2369.5210784786527,24.25,0,94,Oecomys phaeotis,background species,2022,"{""geodesic"":false,""type"":""Polygon"",""coordinates"":[[[-70.20434778814779,-12.840983252019619],[-70.19517885201037,-12.840983252019619],[-70.19517885201037,-12.831986115195733],[-70.20434778814779,-12.831986115195733],[-70.20434778814779,-12.840983252019619]]]}"
0000000000000000007d,2497.749825032552,25.70113849639893,0,126,Saimiri collinsi,background species,1982,"{""geodesic"":false,""type"":""Polygon"",""coordinates"":[[[-56.20424007522503,-2.840985393181888],[-56.19528932391302,-2.840985393181888],[-56.19528932391302,-2.8319882563337915],[-56.20424007522503,-2.8319882563337915],[-56.20424007522503,-2.840985393181888]]]}"
0000000000000000009a,2629.532002682508,25.856438545765226,0,155,Saimiri collinsi,background species,2008,"{""geodesic"":false,""type"":""Polygon"",""coordinates"":[[[-57.20423489573731,-1.840982931837435],[-57.195290516592756,-1.840982931837435],[-57.195290516592756,-1.831985794986965],[-57.20423489573731,-1.831985794986965],[-57.20423489573731,-1.840982931837435]]]}"
0000000000000000007c,3772.0170545341557,3.64936582017536,0,125,Abrothrix jelskii,background species,2015,"{""geodesic"":false,""type"":""Polygon"",""coordinates"":[[[-70.20436676709691,-13.840985713363944],[-70.1951598144084,-13.840985713363944],[-70.1951598144084,-13.831988576542559],[-70.20436676709691,-13.831988576542559],[-70.20436676709691,-13.840985713363944]]]}"
00000000000000000081,1271.5858139226468,1.7310147614145475,0,130,Abrothrix jelskii,background species,1987,"{""geodesic"":false,""type"":""Polygon"",""coordinates"":[[[-72.20438777975359,-14.840983715607189],[-72.19513966533303,-14.840983715607189],[-72.19513966533303,-14.83198657878833],[-72.20438777975359,-14.83198657878833],[-72.20438777975359,-14.840983715607189]]]}"
00000000000000000085,769.9555881687853,8.239163390925672,0,134,Akodon albiventer,background species,1983,"{""geodesic"":false,""type"":""Polygon"",""coordinates"":[[[-66.20448500927058,-18.840984642782036],[-66.19503934810322,-18.840984642782036],[-66.19503934810322,-18.83198750597353],[-66.20448500927058,-18.83198750597353],[-66.20448500927058,-18.840984642782036]]]}"
000000000000000000b0,769.9555881687853,8.239163390925672,0,177,Akodon albiventer,background species,1983,"{""geodesic"":false,""type"":""Polygon"",""coordinates"":[[[-66.20448500927058,-18.840984642782036],[-66.19503934810322,-18.840984642782036],[-66.19503934810322,-18.83198750597353],[-66.20448500927058,-18.83198750597353],[-66.20448500927058,-18.840984642782036]]]}"
00000000000000000065,2310.162249173366,25.31034482267388,0,102,Ateles marginatus,background species,1957,"{""geodesic"":false,""type"":""Polygon"",""coordinates"":[[[-57.204274677131416,-7.840984322600898],[-57.1952506174496,-7.840984322600898],[-57.1952506174496,-7.831987185764761],[-57.204274677131416,-7.831987185764761],[-57.204274677131416,-7.840984322600898]]]}"
00000000000000000074,2333.1440258183757,25.442972191109146,0,117,Ateles marginatus,background species,2019,"{""geodesic"":false,""type"":""Polygon"",""coordinates"":[[[-56.20426656221129,-6.840986320357536],[-56.195262758527726,-6.840986320357536],[-56.195262758527726,-6.83198918351899],[-56.20426656221129,-6.83198918351899],[-56.20426656221129,-6.840986320357536]]]}"
00000000000000000073,687.8127700114936,7.992033962359643,0,116,Lagidium viscacia,background species,2022,"{""geodesic"":false,""type"":""Polygon"",""coordinates"":[[[-68.20443279949743,-16.840984179194674],[-68.19509264873078,-16.840984179194674],[-68.19509264873078,-16.83198704238093],[-68.20443279949743,-16.83198704238093],[-68.20443279949743,-16.840984179194674]]]}"
0000000000000000004d,1954.2303980509441,25.75012617111206,0,78,Mazama nemorivaga,background species,2015,"{""geodesic"":false,""type"":""Polygon"",""coordinates"":[[[-53.204232593084086,1.1590155339938262],[-53.195290965058184,1.1590155339938262],[-53.195290965058184,1.1680126708514058],[-53.204232593084086,1.1680126708514058],[-53.204232593084086,1.1590155339938262]]]}"
00000000000000000067,1954.2303980509441,25.75012617111206,0,104,Mazama nemorivaga,background species,2015,"{""geodesic"":false,""type"":""Polygon"",""coordinates"":[[[-53.204232593084086,1.1590155339938262],[-53.195290965058184,1.1590155339938262],[-53.195290965058184,1.1680126708514058],[-53.204232593084086,1.1680126708514058],[-53.204232593084086,1.1590155339938262]]]}"
0000000000000000008e,2104.9599660026583,25.67864952245688,0,143,Pithecia irrorata,background species,2021,"{""geodesic"":false,""type"":""Polygon"",""coordinates"":[[[-59.20429965751572,-9.840984786188644],[-59.19522648938302,-9.840984786188644],[-59.19522648938302,-9.831987649357359],[-59.20429965751572,-9.831987649357359],[-59.20429965751572,-9.840984786188644]]]}"
00000000000000000053,3305.704606994125,25.049999237060547,0,84,Pithecia pithecia,background species,2013,"{""geodesic"":false,""type"":""Polygon"",""coordinates"":[[[-74.20423478812269,-0.8409849295940333],[-74.19529405055782,-0.8409849295940333],[-74.19529405055782,-0.8319877927411929],[-74.20423478812269,-0.8319877927411929],[-74.20423478812269,-0.8409849295940333]]]}"
0000000000000000006c,1795.060591448392,24.9625589995958,0,109,Platyrrhinus masu,background species,2018,"{""geodesic"":false,""type"":""Polygon"",""coordinates"":[[[-76.20428838883477,-8.840982324844253],[-76.19524121975056,-8.840982324844253],[-76.19524121975056,-8.831985188010536],[-76.20428838883477,-8.831985188010536],[-76.20428838883477,-8.840982324844253]]]}"
00000000000000000069,2629.532002682508,25.856438545765226,0,106,Saguinus martinsi,background species,2008,"{""geodesic"":false,""type"":""Polygon"",""coordinates"":[[[-57.20423489573731,-1.840982931837435],[-57.195290516592756,-1.840982931837435],[-57.195290516592756,-1.831985794986965],[-57.20423489573731,-1.831985794986965],[-57.20423489573731,-1.840982931837435]]]}"
0000000000000000004e,3104.967142318789,25.471264645271773,0,79,Vampyrum spectrum,background species,1995,"{""geodesic"":false,""type"":""Polygon"",""coordinates"":[[[-67.20423493684017,0.15901307264936992],[-67.19529511585402,0.15901307264936992],[-67.19529511585402,0.16801020950457987],[-67.20423493684017,0.16801020950457987],[-67.20423493684017,0.15901307264936992]]]}"
00000000000000000087,2141.984981805952,26.111440239110923,0,136,Alouatta nigerrima,background species,2019,"{""geodesic"":false,""type"":""Polygon"",""coordinates"":[[[-58.20425101317066,-4.840985856769724],[-58.195279282722495,-4.840985856769724],[-58.195279282722495,-4.8319887199263905],[-58.20425101317066,-4.8319887199263905],[-58.20425101317066,-4.840985856769724]]]}"
0000000000000000006e,3272.058483886719,25.55289166768392,0,111,Cheracebus lucifer,background species,2022,"{""geodesic"":false,""type"":""Polygon"",""coordinates"":[[[-70.20424341096725,-3.840983395425284],[-70.19528354722824,-3.840983395425284],[-70.19528354722824,-3.831986258579565],[-70.20424341096725,-3.831986258579565],[-70.20424341096725,-3.840983395425284]]]}"
00000000000000000052,6034.3322491606405,22.729583164877145,0,83,Chiropotes satanas,background species,1990,"{""geodesic"":false,""type"":""Polygon"",""coordinates"":[[[-67.20425309901347,5.1590164611695135],[-67.19527688901016,5.1590164611695135],[-67.19527688901016,5.168013598036603],[-67.20425309901347,5.168013598036603],[-67.20425309901347,5.1590164611695135]]]}"
00000000000000000072,1640.313469500581,26.640493818551057,0,115,Chiropotes satanas,background species,2015,"{""geodesic"":false,""type"":""Polygon"",""coordinates"":[[[-46.20424230695712,-3.840983395425284],[-46.19528244321811,-3.840983395425284],[-46.19528244321811,-3.831986258579565],[-46.20424230695712,-3.831986258579565],[-46.20424230695712,-3.840983395425284]]]}"
00000000000000000043,2344.525954883623,25.850000381469727,0,68,Isothrix bistriata,background species,1991,"{""geodesic"":false,""type"":""Polygon"",""coordinates"":[[[-76.20425072640299,-4.840985856769725],[-76.19527899595482,-4.840985856769725],[-76.19527899595482,-4.8319887199263905],[-76.20425072640299,-4.8319887199263905],[-76.20425072640299,-4.840985856769725]]]}"
000000000000000000b6,1940.5954377986181,25.35637913853669,0,183,Leopardus pardalis,background species,2021,"{""geodesic"":false,""type"":""Polygon"",""coordinates"":[[[-69.20428899581121,-8.840982324844253],[-69.19524182672698,-8.840982324844253],[-69.19524182672698,-8.831985188010535],[-69.20428899581121,-8.831985188010535],[-69.20428899581121,-8.840982324844253]]]}"
00000000000000000048,1034.3404606053089,24.56029401841711,0,73,Necromys lenguarum,background species,2019,"{""geodesic"":false,""type"":""Polygon"",""coordinates"":[[[-62.204488541186436,-18.840984642782036],[-62.19504288001907,-18.840984642782036],[-62.19504288001907,-18.83198750597353],[-62.204488541186436,-18.83198750597353],[-62.204488541186436,-18.840984642782036]]]}"
00000000000000000062,1582.5201370804398,24.845621171802165,0,99,Necromys lenguarum,background species,2000,"{""geodesic"":false,""type"":""Polygon"",""coordinates"":[[[-60.204368908234976,-13.840985713363944],[-60.19516195554645,-13.840985713363944],[-60.19516195554645,-13.83198857654256],[-60.204368908234976,-13.83198857654256],[-60.204368908234976,-13.840985713363944]]]}"
00000000000000000046,2021.8795216457906,25.781347684623782,0,71,Proechimys roberti,background species,1972,"{""geodesic"":false,""type"":""Polygon"",""coordinates"":[[[-53.20423715028561,-2.840985393181888],[-53.19528639897361,-2.840985393181888],[-53.19528639897361,-2.8319882563337915],[-53.20423715028561,-2.8319882563337915],[-53.20423715028561,-2.840985393181888]]]}"
00000000000000000061,1464.052843834743,23.04189640234324,0,98,Saguinus imperator,background species,2022,"{""geodesic"":false,""type"":""Polygon"",""coordinates"":[[[-72.2043308122058,-11.84098524977633],[-72.19519680893396,-11.84098524977633],[-72.19519680893396,-11.831988112949961],[-72.2043308122058,-11.831988112949961],[-72.2043308122058,-11.84098524977633]]]}"
000000000000000000bb,1912.7647740534233,25.212600605121786,0,188,Saguinus imperator,background species,2022,"{""geodesic"":false,""type"":""Polygon"",""coordinates"":[[[-68.20429951413189,-9.840984786188645],[-68.19522634599919,-9.840984786188645],[-68.19522634599919,-9.831987649357359],[-68.20429951413189,-9.831987649357359],[-68.20429951413189,-9.840984786188645]]]}"
00000000000000000093,1818.4707845052083,26.234093546867367,0,148,Tapirus terrestris,background species,2022,"{""geodesic"":false,""type"":""Polygon"",""coordinates"":[[[-47.204244768303944,-3.840983395425283],[-47.195284904564936,-3.840983395425283],[-47.195284904564936,-3.831986258579565],[-47.204244768303944,-3.831986258579565],[-47.204244768303944,-3.840983395425283]]]}"
000000000000000000b2,3887.2942911783853,24.858352788289388,0,179,Tapirus terrestris,background species,2022,"{""geodesic"":false,""type"":""Polygon"",""coordinates"":[[[-71.20423814088551,-1.8409829318374353],[-71.19529376174096,-1.8409829318374353],[-71.19529376174096,-1.8319857949869651],[-71.20423814088551,-1.8319857949869651],[-71.20423814088551,-1.8409829318374353]]]}"
0000000000000000007a,2281.834219360351,25.78167644341787,0,123,Tonatia saurophila,background species,2022,"{""geodesic"":false,""type"":""Polygon"",""coordinates"":[[[-58.204253242397314,5.1590164611695135],[-58.19527703239401,5.1590164611695135],[-58.19527703239401,5.168013598036603],[-58.204253242397314,5.168013598036603],[-58.204253242397314,5.1590164611695135]]]}"
00000000000000000092,2130.5414775674276,25.470791029237613,0,147,Coendou prehensilis,background species,2022,"{""geodesic"":false,""type"":""Polygon"",""coordinates"":[[[-57.20429919392312,-9.840984786188645],[-57.19522602579042,-9.840984786188645],[-57.19522602579042,-9.831987649357359],[-57.20429919392312,-9.831987649357359],[-57.20429919392312,-9.840984786188645]]]}"
000000000000000000be,2206.1893599260893,25.10641171625541,0,191,Coendou prehensilis,background species,2020,"{""geodesic"":false,""type"":""Polygon"",""coordinates"":[[[-68.20428653446439,-8.840982324844253],[-68.19523936538016,-8.840982324844253],[-68.19523936538016,-8.831985188010535],[-68.20428653446439,-8.831985188010535],[-68.20428653446439,-8.840982324844253]]]}"
00000000000000000057,2028.3652607138229,26.350000381469727,0,88,Dasyprocta leporina,background species,2022,"{""geodesic"":false,""type"":""Polygon"",""coordinates"":[[[-61.20423444745449,1.1590155339938262],[-61.19529281942859,1.1590155339938262],[-61.19529281942859,1.1680126708514058],[-61.20423444745449,1.1680126708514058],[-61.20423444745449,1.1590155339938262]]]}"
00000000000000000075,2628.2708516438806,25.75,0,118,Dasyprocta leporina,background species,2020,"{""geodesic"":false,""type"":""Polygon"",""coordinates"":[[[-62.20423828426934,-1.840982931837435],[-62.19529390512479,-1.840982931837435],[-62.19529390512479,-1.8319857949869651],[-62.20423828426934,-1.8319857949869651],[-62.20423828426934,-1.840982931837435]]]}"
00000000000000000088,2568.0185597526583,23.850000381469727,0,137,Diclidurus scutatus,background species,2022,"{""geodesic"":false,""type"":""Polygon"",""coordinates"":[[[-62.20424779499862,4.159013999825072],[-62.19528435581533,4.159013999825072],[-62.19528435581533,4.168011136689778],[-62.20424779499862,4.168011136689778],[-62.20424779499862,4.159013999825072]]]}"
00000000000000000070,2527.1460933447875,26.616131691517175,0,113,Holochilus sciureus,background species,2022,"{""geodesic"":false,""type"":""Polygon"",""coordinates"":[[[-48.20423503912115,-1.840982931837435],[-48.19529065997661,-1.840982931837435],[-48.19529065997661,-1.831985794986965],[-48.20423503912115,-1.831985794986965],[-48.20423503912115,-1.840982931837435]]]}"
00000000000000000086,1099.6293665151127,25.149999618530273,0,135,Marmosops ocellatus,background species,2022,"{""geodesic"":false,""type"":""Polygon"",""coordinates"":[[[-61.2044588811522,-17.84098664053889],[-61.195067701907476,-17.84098664053889],[-61.195067701907476,-17.831989503727755],[-61.2044588811522,-17.831989503727755],[-61.2044588811522,-17.84098664053889]]]}"
0000000000000000006f,2111.3866964633035,25.915773011836766,0,112,Philander andersoni,background species,2019,"{""geodesic"":false,""type"":""Polygon"",""coordinates"":[[[-75.20425557371385,-5.840983859013108],[-75.19526920417415,-5.840983859013108],[-75.19526920417415,-5.831986722172164],[-75.20425557371385,-5.831986722172164],[-75.20425557371385,-5.840983859013108]]]}"
00000000000000000066,1852.793569477762,26.991935674580304,0,103,Procyon cancrivorus,background species,2022,"{""geodesic"":false,""type"":""Polygon"",""coordinates"":[[[-61.204240336759604,3.159015997581679],[-61.195286908630706,3.159015997581679],[-61.195286908630706,3.1680131344440055],[-61.204240336759604,3.1680131344440055],[-61.204240336759604,3.159015997581679]]]}"
000000000000000000ae,3099.8274209430106,25.049999237060547,0,175,Rhinophylla pumilio,background species,2016,"{""geodesic"":false,""type"":""Polygon"",""coordinates"":[[[-69.2042471880222,4.159013999825072],[-69.1952837488389,4.159013999825072],[-69.1952837488389,4.168011136689778],[-69.2042471880222,4.168011136689778],[-69.2042471880222,4.159013999825072]]]}"
00000000000000000045,3746.3621375372795,24.889525544099296,0,70,Sciurus igniventris,background species,2018,"{""geodesic"":false,""type"":""Polygon"",""coordinates"":[[[-77.20423825429575,-2.840985393181888],[-77.19528750298375,-2.840985393181888],[-77.19528750298375,-2.8319882563337915],[-77.20423825429575,-2.8319882563337915],[-77.20423825429575,-2.840985393181888]]]}"
00000000000000000096,2568.0185597526583,23.850000381469727,0,151,Alouatta macconnelli,background species,2022,"{""geodesic"":false,""type"":""Polygon"",""coordinates"":[[[-62.20424779499862,4.159013999825072],[-62.19528435581533,4.159013999825072],[-62.19528435581533,4.168011136689778],[-62.20424779499862,4.168011136689778],[-62.20424779499862,4.159013999825072]]]}"
000000000000000000af,2470.4838077022823,25.494152274863847,0,176,Alouatta macconnelli,background species,2021,"{""geodesic"":false,""type"":""Polygon"",""coordinates"":[[[-59.20423535932991,-1.840982931837435],[-59.19529098018536,-1.840982931837435],[-59.19529098018536,-1.8319857949869651],[-59.20423535932991,-1.8319857949869651],[-59.20423535932991,-1.840982931837435]]]}"
0000000000000000004a,1559.2125948197615,26.149999618530273,0,75,Bradypus tridactylus,background species,2019,"{""geodesic"":false,""type"":""Polygon"",""coordinates"":[[[-56.204260540813905,6.159014463412892],[-56.195268780724604,6.159014463412892],[-56.195268780724604,6.168011600282376],[-56.204260540813905,6.168011600282376],[-56.204260540813905,6.159014463412892]]]}"
0000000000000000005c,2490.1155889360734,24.990958542250002,0,93,Bradypus tridactylus,background species,2012,"{""geodesic"":false,""type"":""Polygon"",""coordinates"":[[[-53.204234855492864,2.159013536237227],[-53.19528869407104,2.159013536237227],[-53.19528869407104,2.168010673097178],[-53.204234855492864,2.168010673097178],[-53.204234855492864,2.159013536237227]]]}"
0000000000000000006a,1932.7840976402408,25.75,0,107,Dasyprocta variegata,background species,2022,"{""geodesic"":false,""type"":""Polygon"",""coordinates"":[[[-66.20436583991172,-13.840985713363944],[-66.1951588872232,-13.840985713363944],[-66.1951588872232,-13.83198857654256],[-66.20436583991172,-13.83198857654256],[-66.20436583991172,-13.840985713363944]]]}"
0000000000000000009b,2478.2902589908313,15.480588290317002,0,156,Euryoryzomys nitidus,background species,2021,"{""geodesic"":false,""type"":""Polygon"",""coordinates"":[[[-68.2043868525684,-14.840983715607189],[-68.19513873814783,-14.840983715607189],[-68.19513873814783,-14.831986578788326],[-68.2043868525684,-14.831986578788326],[-68.2043868525684,-14.840983715607189]]]}"
000000000000000000ac,1981.8750448936273,25.25,0,173,Euryoryzomys nitidus,background species,2019,"{""geodesic"":false,""type"":""Polygon"",""coordinates"":[[[-67.20431595440016,-10.840982788431967],[-67.19521385690446,-10.840982788431967],[-67.19521385690446,-10.831985651603134],[-67.20431595440016,-10.831985651603134],[-67.20431595440016,-10.840982788431967]]]}"
00000000000000000082,1203.709585102762,14.158592220163937,0,131,Lagothrix flavicauda,background species,2019,"{""geodesic"":false,""type"":""Polygon"",""coordinates"":[[[-77.20428639108056,-8.840982324844253],[-77.19523922199635,-8.840982324844253],[-77.19523922199635,-8.831985188010535],[-77.20428639108056,-8.831985188010535],[-77.20428639108056,-8.840982324844253]]]}"
0000000000000000009c,2292.978793195669,24.950365652187234,0,157,Leontocebus weddelli,background species,2011,"{""geodesic"":false,""type"":""Polygon"",""coordinates"":[[[-71.20427792227962,-7.840984322600898],[-71.19525386259778,-7.840984322600898],[-71.19525386259778,-7.831987185764761],[-71.20427792227962,-7.831987185764761],[-71.20427792227962,-7.840984322600898]]]}"
0000000000000000004c,3096.9483105066874,7.610003375222164,0,77,Marmosops noctivagus,background species,2022,"{""geodesic"":false,""type"":""Polygon"",""coordinates"":[[[-68.20440900569749,-15.840986176951468],[-68.19511651635912,-15.840986176951468],[-68.19511651635912,-15.831989040135152],[-68.20440900569749,-15.831989040135152],[-68.20440900569749,-15.840986176951468]]]}"
00000000000000000083,1845.1542107673108,26.54201921486756,0,132,Marmosops noctivagus,background species,2013,"{""geodesic"":false,""type"":""Polygon"",""coordinates"":[[[-57.204255860481524,-5.840983859013109],[-57.195269490941804,-5.840983859013109],[-57.195269490941804,-5.831986722172165],[-57.204255860481524,-5.831986722172165],[-57.204255860481524,-5.840983859013109]]]}"
00000000000000000091,3648.864149983724,25.477103670438133,0,146,Proechimys oconnelli,background species,2022,"{""geodesic"":false,""type"":""Polygon"",""coordinates"":[[[-73.20423865921414,3.159015997581679],[-73.19528523108525,3.159015997581679],[-73.19528523108525,3.168013134444006],[-73.20423865921414,3.168013134444006],[-73.20423865921414,3.159015997581679]]]}"
00000000000000000079,1267.6833931344454,24.313998409959137,0,122,Pygoderma bilabiatum,background species,2019,"{""geodesic"":false,""type"":""Polygon"",""coordinates"":[[[-62.2044358678207,-16.840984179194674],[-62.19509571705406,-16.840984179194674],[-62.19509571705406,-16.83198704238093],[-62.2044358678207,-16.83198704238093],[-62.2044358678207,-16.840984179194674]]]}"
0000000000000000006d,2141.984981805952,26.111440239110923,0,110,Rhynchonycteris naso,background species,2019,"{""geodesic"":false,""type"":""Polygon"",""coordinates"":[[[-58.20425101317066,-4.840985856769724],[-58.195279282722495,-4.840985856769724],[-58.195279282722495,-4.8319887199263905],[-58.20425101317066,-4.8319887199263905],[-58.20425101317066,-4.840985856769724]]]}"
000000000000000000a5,1583.302240522076,26.157967800915984,0,166,Trinycteris nicefori,background species,1968,"{""geodesic"":false,""type"":""Polygon"",""coordinates"":[[[-62.20427109306212,7.159016924757317],[-62.19526097950859,7.159016924757317],[-62.19526097950859,7.168014061629202],[-62.20427109306212,7.168014061629202],[-62.20427109306212,7.159016924757317]]]}"
0000000000000000008a,2571.2507820604255,25.450000762939453,0,139,Cebuella niveiventris,background species,2012,"{""geodesic"":false,""type"":""Polygon"",""coordinates"":[[[-67.2042581784445,-5.840983859013108],[-67.19527180890479,-5.840983859013108],[-67.19527180890479,-5.831986722172164],[-67.2042581784445,-5.831986722172164],[-67.2042581784445,-5.840983859013108]]]}"
00000000000000000041,5355.307881505037,25.117782624299863,0,66,Dasyprocta fuliginosa,background species,2022,"{""geodesic"":false,""type"":""Polygon"",""coordinates"":[[[-76.20423569484845,1.1590155339938262],[-76.19529406682256,1.1590155339938262],[-76.19529406682256,1.1680126708514058],[-76.20423569484845,1.1680126708514058],[-76.20423569484845,1.1590155339938262]]]}"
000000000000000000ad,2629.6951301543054,25.85729362361164,0,174,Euphractus sexcinctus,background species,1972,"{""geodesic"":false,""type"":""Polygon"",""coordinates"":[[[-51.204236588592536,1.1590155339938262],[-51.19529496056664,1.1590155339938262],[-51.19529496056664,1.1680126708514058],[-51.204236588592536,1.1680126708514058],[-51.204236588592536,1.1590155339938262]]]}"
000000000000000000b3,2192.5234173230883,25.651668997835525,0,180,Lagothrix lagothricha,background species,2019,"{""geodesic"":false,""type"":""Polygon"",""coordinates"":[[[-59.204286677848216,-8.840982324844253],[-59.19523950876399,-8.840982324844253],[-59.19523950876399,-8.831985188010535],[-59.204286677848216,-8.831985188010535],[-59.204286677848216,-8.840982324844253]]]}"
0000000000000000007e,2631.0342711146477,23.649999618530273,0,127,Platyrrhinus infuscus,background species,2022,"{""geodesic"":false,""type"":""Polygon"",""coordinates"":[[[-65.20443433365905,-16.840984179194674],[-65.19509418289242,-16.840984179194674],[-65.19509418289242,-16.83198704238093],[-65.20443433365905,-16.83198704238093],[-65.20443433365905,-16.840984179194674]]]}"
0000000000000000004b,2026.771072577639,13.862933511061293,0,76,Platyrrhinus lineatus,background species,2007,"{""geodesic"":false,""type"":""Polygon"",""coordinates"":[[[-77.20427485395636,-7.840984322600898],[-77.19525079427454,-7.840984322600898],[-77.19525079427454,-7.831987185764761],[-77.20427485395636,-7.831987185764761],[-77.20427485395636,-7.840984322600898]]]}"
00000000000000000068,1912.7647740534233,25.212600605121786,0,105,Plecturocebus toppini,background species,2022,"{""geodesic"":false,""type"":""Polygon"",""coordinates"":[[[-68.20429951413189,-9.840984786188645],[-68.19522634599919,-9.840984786188645],[-68.19522634599919,-9.831987649357359],[-68.20429951413189,-9.831987649357359],[-68.20429951413189,-9.840984786188645]]]}"
0000000000000000009e,1931.8139445831173,25.850000381469727,0,159,Rhipidomys mastacalis,background species,2020,"{""geodesic"":false,""type"":""Polygon"",""coordinates"":[[[-58.20424686781343,4.159013999825072],[-58.19528342863013,4.159013999825072],[-58.19528342863013,4.168011136689778],[-58.20424686781343,4.168011136689778],[-58.20424686781343,4.159013999825072]]]}"
000000000000000000b8,2154.792203911112,25.2620451440455,0,185,Uroderma magnirostrum,background species,2021,"{""geodesic"":false,""type"":""Polygon"",""coordinates"":[[[-69.20427745868702,-7.840984322600898],[-69.1952533990052,-7.840984322600898],[-69.1952533990052,-7.831987185764761],[-69.20427745868702,-7.831987185764761],[-69.20427745868702,-7.840984322600898]]]}"
000000000000000000b5,3270.4541998265695,25.359110448370338,0,182,Cacajao melanocephalus,background species,1820,"{""geodesic"":false,""type"":""Polygon"",""coordinates"":[[[-69.20424085902638,-2.840985393181888],[-69.1952901077144,-2.840985393181888],[-69.1952901077144,-2.8319882563337915],[-69.20424085902638,-2.8319882563337915],[-69.20424085902638,-2.840985393181888]]]}"
00000000000000000089,1808.560286659272,24.37347444290977,0,138,Oxymycterus paramensis,background species,1901,"{""geodesic"":false,""type"":""Polygon"",""coordinates"":[[[-66.2044085421049,-15.840986176951468],[-66.19511605276652,-15.840986176951468],[-66.19511605276652,-15.831989040135152],[-66.2044085421049,-15.831989040135152],[-66.2044085421049,-15.840986176951468]]]}"
00000000000000000090,2168.6682817767764,25.743743049653244,0,145,Plecturocebus brunneus,background species,2016,"{""geodesic"":false,""type"":""Polygon"",""coordinates"":[[[-62.20430258245514,-9.840984786188645],[-62.19522941432245,-9.840984786188645],[-62.19522941432245,-9.831987649357359],[-62.20430258245514,-9.831987649357359],[-62.20430258245514,-9.840984786188645]]]}"
0000000000000000005b,1672.1968025648891,23.856258817940702,0,92,Pteronura brasiliensis,background species,2022,"{""geodesic"":false,""type"":""Polygon"",""coordinates"":[[[-71.20433280996002,-11.84098524977633],[-71.19519880668817,-11.84098524977633],[-71.19519880668817,-11.83198811294996],[-71.20433280996002,-11.83198811294996],[-71.20433280996002,-11.84098524977633]]]}"
00000000000000000080,1576.1866741415895,24.331642260767303,0,129,Holochilus brasiliensis,background species,2018,"{""geodesic"":false,""type"":""Polygon"",""coordinates"":[[[-63.20441007626653,-15.840986176951468],[-63.195117586928156,-15.840986176951468],[-63.195117586928156,-15.831989040135152],[-63.20441007626653,-15.831989040135152],[-63.20441007626653,-15.840986176951468]]]}"
00000000000000000076,1658.9486356372674,25.335163329258435,0,119,Myrmecophaga tridactyla,background species,2022,"{""geodesic"":false,""type"":""Polygon"",""coordinates"":[[[-64.20432895783539,-11.84098524977633],[-64.19519495456356,-11.84098524977633],[-64.19519495456356,-11.83198811294996],[-64.20432895783539,-11.83198811294996],[-64.20432895783539,-11.84098524977633]]]}"
0000000000000000005e,3585.7279355388046,21.868952822094123,0,95,Oligoryzomys destructor,background species,2022,"{""geodesic"":false,""type"":""Polygon"",""coordinates"":[[[-71.20435024949461,-12.84098325201962],[-71.19518131335721,-12.84098325201962],[-71.19518131335721,-12.831986115195734],[-71.20435024949461,-12.831986115195734],[-71.20435024949461,-12.84098325201962]]]}"
0000000000000000007b,2631.0342711146477,23.649999618530273,0,124,Oligoryzomys flavescens,background species,2022,"{""geodesic"":false,""type"":""Polygon"",""coordinates"":[[[-65.20443433365905,-16.840984179194674],[-65.19509418289242,-16.840984179194674],[-65.19509418289242,-16.83198704238093],[-65.20443433365905,-16.83198704238093],[-65.20443433365905,-16.840984179194674]]]}"
000000000000000000a3,1000.6270386742763,24.731088560135635,0,164,Herpailurus yagouaroundi,background species,2019,"{""geodesic"":false,""type"":""Polygon"",""coordinates"":[[[-61.204486079839604,-18.840984642782033],[-61.19504041867224,-18.840984642782033],[-61.19504041867224,-18.83198750597353],[-61.204486079839604,-18.83198750597353],[-61.204486079839604,-18.840984642782033]]]}"
00000000000000000058,4040.6855093928293,25.251050561295504,0,89,Microsciurus flaviventer,background species,2022,"{""geodesic"":false,""type"":""Polygon"",""coordinates"":[[[-75.20423323350163,1.1590155339938262],[-75.19529160547573,1.1590155339938262],[-75.19529160547573,1.168012670851406],[-75.20423323350163,1.168012670851406],[-75.20423323350163,1.1590155339938262]]]}"
00000000000000000060,3238.070481676284,24.681695692766755,0,97,Nyctinomops laticaudatus,background species,1990,"{""geodesic"":false,""type"":""Polygon"",""coordinates"":[[[-70.20423656647942,2.159013536237227],[-70.1952904050576,2.159013536237227],[-70.1952904050576,2.168010673097178],[-70.20423656647942,2.168010673097178],[-70.20423656647942,2.159013536237227]]]}"
00000000000000000098,3683.1793916947618,24.241596752182577,0,153,Rhipidomys leucodactylus,background species,2021,"{""geodesic"":false,""type"":""Polygon"",""coordinates"":[[[-77.20423507256226,-1.8409829318374353],[-77.19529069341769,-1.8409829318374353],[-77.19529069341769,-1.8319857949869651],[-77.20423507256226,-1.8319857949869651],[-77.20423507256226,-1.8409829318374353]]]}"
0000000000000000004f,2539.981785691131,25.326896002678456,0,80,Lampronycteris brachyotis,background species,2022,"{""geodesic"":false,""type"":""Polygon"",""coordinates"":[[[-75.20428592748796,-8.840982324844253],[-75.19523875840373,-8.840982324844253],[-75.19523875840373,-8.831985188010535],[-75.20428592748796,-8.831985188010535],[-75.20428592748796,-8.840982324844253]]]}"
0000000000000000008b,2712.6077815012313,24.47192394683964,0,140,Platyrrhinus brachycephalus,background species,1991,"{""geodesic"":false,""type"":""Polygon"",""coordinates"":[[[-59.20426816812268,7.159016924757317],[-59.19525805456916,7.159016924757317],[-59.19525805456916,7.168014061629202],[-59.20426816812268,7.168014061629202],[-59.20426816812268,7.159016924757317]]]}"
0000000000000000008c,3369.8231180826824,25.480164162317912,0,141,Sphaeronycteris toxophyllum,background species,1965,"{""geodesic"":false,""type"":""Polygon"",""coordinates"":[[[-67.20423583823228,1.159015533993826],[-67.19529421020638,1.159015533993826],[-67.19529421020638,1.1680126708514058],[-67.20423583823228,1.1680126708514058],[-67.20423583823228,1.159015533993826]]]}"
00000000000000000000,4978.8700260146525,22.915814815220493,1,1,Atelocynus microtis,Atelocynus microtis,2022,"{""geodesic"":false,""type"":""Polygon"",""coordinates"":[[[-77.77698402369646,-1.7237442469405142],[-77.76804021263989,-1.7237442469405142],[-77.76804021263989,-1.7147471100897664],[-77.77698402369646,-1.7147471100897664],[-77.77698402369646,-1.7237442469405142]]]}"
00000000000000000001,2252.6577158567816,24.768731548578415,1,2,Atelocynus microtis,Atelocynus microtis,2020,"{""geodesic"":false,""type"":""Polygon"",""coordinates"":[[[-68.89648834293094,-12.303362815310148],[-68.88733856699794,-12.303362815310148],[-68.88733856699794,-12.29436567848492],[-68.89648834293094,-12.29436567848492],[-68.89648834293094,-12.303362815310148]]]}"
00000000000000000002,2256.710446192213,24.701917766539523,1,3,Atelocynus microtis,Atelocynus microtis,2020,"{""geodesic"":false,""type"":""Polygon"",""coordinates"":[[[-69.07553457793368,-12.30050899063595],[-69.06638490134621,-12.30050899063595],[-69.06638490134621,-12.291511853810722],[-69.07553457793368,-12.291511853810722],[-69.07553457793368,-12.30050899063595]]]}"
00000000000000000003,2115.573393514334,24.890667592198394,1,4,Atelocynus microtis,Atelocynus microtis,2020,"{""geodesic"":false,""type"":""Polygon"",""coordinates"":[[[-69.16110802278784,-8.550636877951936],[-69.15206785942328,-8.550636877951936],[-69.15206785942328,-8.541639741117514],[-69.16110802278784,-8.541639741117514],[-69.16110802278784,-8.550636877951936]]]}"
00000000000000000004,3243.7524353027343,24.950000762939453,1,5,Atelocynus microtis,Atelocynus microtis,2019,"{""geodesic"":false,""type"":""Polygon"",""coordinates"":[[[-76.34038920264427,-0.5927333966461291],[-76.33144894677103,-0.5927333966461291],[-76.33144894677103,-0.5837362597927004],[-76.34038920264427,-0.5837362597927004],[-76.34038920264427,-0.5927333966461291]]]}"
00000000000000000005,3324.975699869792,24.500242376327513,1,6,Atelocynus microtis,Atelocynus microtis,2019,"{""geodesic"":false,""type"":""Polygon"",""coordinates"":[[[-72.44380371888604,-0.5563783457574709],[-72.43486351946075,-0.5563783457574709],[-72.43486351946075,-0.547381208903956],[-72.44380371888604,-0.547381208903956],[-72.44380371888604,-0.5563783457574709]]]}"
00000000000000000006,3370.000041707356,24.563707971572875,1,7,Atelocynus microtis,Atelocynus microtis,2019,"{""geodesic"":false,""type"":""Polygon"",""coordinates"":[[[-72.43722654236788,-0.5530875291800358],[-72.42828634787448,-0.5530875291800358],[-72.42828634787448,-0.5440903923265131],[-72.43722654236788,-0.5440903923265131],[-72.43722654236788,-0.5530875291800358]]]}"
00000000000000000007,4236.824480112163,24.93739128904224,1,8,Atelocynus microtis,Atelocynus microtis,2018,"{""geodesic"":false,""type"":""Polygon"",""coordinates"":[[[-74.7675270708994,1.3668943660039268],[-74.7585847251104,1.3668943660039268],[-74.7585847251104,1.3758915028619991],[-74.7675270708994,1.3758915028619991],[-74.7675270708994,1.3668943660039268]]]}"
00000000000000000008,3491.031551883429,25.140286378346048,1,9,Atelocynus microtis,Atelocynus microtis,2018,"{""geodesic"":false,""type"":""Polygon"",""coordinates"":[[[-69.60581639360376,-2.202807768616335],[-69.59687002453163,-2.202807768616335],[-69.59687002453163,-2.193810631766724],[-69.60581639360376,-2.193810631766724],[-69.60581639360376,-2.202807768616335]]]}"
00000000000000000009,4280.196499773081,24.912240887083946,1,10,Atelocynus microtis,Atelocynus microtis,2018,"{""geodesic"":false,""type"":""Polygon"",""coordinates"":[[[-74.75501929192076,1.3666134426375605],[-74.74607694718124,1.3666134426375605],[-74.74607694718124,1.3756105794956321],[-74.75501929192076,1.3756105794956321],[-74.75501929192076,1.3666134426375605]]]}"
0000000000000000000a,3301.2735458943853,25.649999618530273,1,11,Atelocynus microtis,Atelocynus microtis,2018,"{""geodesic"":false,""type"":""Polygon"",""coordinates"":[[[-72.57329531831674,-3.5229201763847984],[-72.56433865085667,-3.5229201763847984],[-72.56433865085667,-3.513923039538323],[-72.57329531831674,-3.513923039538323],[-72.57329531831674,-3.5229201763847984]]]}"
0000000000000000000b,3280.68469136556,24.753750014305115,1,12,Atelocynus microtis,Atelocynus microtis,2018,"{""geodesic"":false,""type"":""Polygon"",""coordinates"":[[[-74.61532779146545,0.22405352061477737],[-74.60638793576896,0.22405352061477737],[-74.60638793576896,0.2330506574701415],[-74.61532779146545,0.2330506574701415],[-74.61532779146545,0.22405352061477737]]]}"
0000000000000000000c,3193.5565919994815,24.850000381469727,1,13,Atelocynus microtis,Atelocynus microtis,2018,"{""geodesic"":false,""type"":""Polygon"",""coordinates"":[[[-74.6502737744909,0.24875248134975558],[-74.64133390259516,0.24875248134975558],[-74.64133390259516,0.2577496182051782],[-74.6502737744909,0.2577496182051782],[-74.6502737744909,0.24875248134975558]]]}"
0000000000000000000d,3150.449085029824,24.853328570290717,1,14,Atelocynus microtis,Atelocynus microtis,2018,"{""geodesic"":false,""type"":""Polygon"",""coordinates"":[[[-74.68678936697687,0.2865611991818336],[-74.67784946706553,0.2865611991818336],[-74.67784946706553,0.2955583360373459],[-74.68678936697687,0.2955583360373459],[-74.68678936697687,0.2865611991818336]]]}"
0000000000000000000e,3170.2472070717713,24.852398140301847,1,15,Atelocynus microtis,Atelocynus microtis,2018,"{""geodesic"":false,""type"":""Polygon"",""coordinates"":[[[-74.68820736908033,0.30608314359377337],[-74.67926745317956,0.30608314359377337],[-74.67926745317956,0.3150802804493318],[-74.68820736908033,0.3150802804493318],[-74.68820736908033,0.30608314359377337]]]}"
0000000000000000000f,3047.8281847688663,25.0254336313588,1,16,Atelocynus microtis,Atelocynus microtis,2018,"{""geodesic"":false,""type"":""Polygon"",""coordinates"":[[[-74.69922576503717,0.1783343575139051],[-74.6902859349426,0.1783343575139051],[-74.6902859349426,0.18733149436916086],[-74.69922576503717,0.18733149436916086],[-74.69922576503717,0.1783343575139051]]]}"
00000000000000000010,3069.1599639892574,24.950029333432514,1,17,Atelocynus microtis,Atelocynus microtis,2018,"{""geodesic"":false,""type"":""Polygon"",""coordinates"":[[[-74.66804327110276,0.17725079595792032],[-74.65910344154588,0.17725079595792032],[-74.65910344154588,0.1862479328131735],[-74.66804327110276,0.1862479328131735],[-74.66804327110276,0.17725079595792032]]]}"
00000000000000000011,3128.8305948893226,24.89627857208252,1,18,Atelocynus microtis,Atelocynus microtis,2018,"{""geodesic"":false,""type"":""Polygon"",""coordinates"":[[[-74.68646384576091,0.26869358126071835],[-74.67752395957433,0.26869358126071835],[-74.67752395957433,0.27769071811618823],[-74.68646384576091,0.27769071811618823],[-74.68646384576091,0.26869358126071835]]]}"
00000000000000000012,3300.6026550292963,24.75,1,19,Atelocynus microtis,Atelocynus microtis,2018,"{""geodesic"":false,""type"":""Polygon"",""coordinates"":[[[-74.61962192186944,0.27111041403168024],[-74.61068203387725,0.27111041403168024],[-74.61068203387725,0.2801075508871558],[-74.61962192186944,0.2801075508871558],[-74.61962192186944,0.27111041403168024]]]}"
00000000000000000013,3301.3348383606717,24.75,1,20,Atelocynus microtis,Atelocynus microtis,2018,"{""geodesic"":false,""type"":""Polygon"",""coordinates"":[[[-74.62541875819642,0.2840641025919098],[-74.61647886025544,0.2840641025919098],[-74.61647886025544,0.29306123944741613],[-74.62541875819642,0.29306123944741613],[-74.62541875819642,0.2840641025919098]]]}"
00000000000000000014,3319.017608642578,24.75,1,21,Atelocynus microtis,Atelocynus microtis,2018,"{""geodesic"":false,""type"":""Polygon"",""coordinates"":[[[-74.61606356298293,0.2809739455618792],[-74.6071236674568,0.2809739455618792],[-74.6071236674568,0.28997108241737807],[-74.61606356298293,0.28997108241737807],[-74.61606356298293,0.2809739455618792]]]}"
00000000000000000015,3180.2605967203776,24.845048499107364,1,22,Atelocynus microtis,Atelocynus microtis,2018,"{""geodesic"":false,""type"":""Polygon"",""coordinates"":[[[-74.67143222382909,0.28878183150644426],[-74.66249232215128,0.28878183150644426],[-74.66249232215128,0.29777896836196177],[-74.67143222382909,0.29777896836196177],[-74.67143222382909,0.28878183150644426]]]}"
00000000000000000016,2359.419268823945,24.450000762939453,1,23,Atelocynus microtis,Atelocynus microtis,2018,"{""geodesic"":false,""type"":""Polygon"",""coordinates"":[[[-69.71581284244508,-13.067639358565707],[-69.70663556201688,-13.067639358565707],[-69.70663556201688,-13.058642221742385],[-69.71581284244508,-13.058642221742385],[-69.71581284244508,-13.067639358565707]]]}"
00000000000000000017,2374.5248690518465,24.440326974411644,1,24,Atelocynus microtis,Atelocynus microtis,2018,"{""geodesic"":false,""type"":""Polygon"",""coordinates"":[[[-69.72068673919925,-13.072990279829831],[-69.7115092598588,-13.072990279829831],[-69.7115092598588,-13.063993143006524],[-69.72068673919925,-13.063993143006524],[-69.72068673919925,-13.072990279829831]]]}"
00000000000000000018,2481.263153328383,23.857007160659666,1,25,Atelocynus microtis,Atelocynus microtis,2018,"{""geodesic"":false,""type"":""Polygon"",""coordinates"":[[[-69.66648772147506,-13.145798481830312],[-69.65730752678608,-13.145798481830312],[-69.65730752678608,-13.136801345007187],[-69.66648772147506,-13.136801345007187],[-69.66648772147506,-13.145798481830312]]]}"
00000000000000000019,2458.7791923868313,24.25655556510015,1,26,Atelocynus microtis,Atelocynus microtis,2018,"{""geodesic"":false,""type"":""Polygon"",""coordinates"":[[[-69.72725546867085,-13.098478501451263],[-69.71807704062762,-13.098478501451263],[-69.71807704062762,-13.089481364628018],[-69.72725546867085,-13.089481364628018],[-69.72725546867085,-13.098478501451263]]]}"
0000000000000000001a,2541.0170365949716,23.848285070662637,1,27,Atelocynus microtis,Atelocynus microtis,2018,"{""geodesic"":false,""type"":""Polygon"",""coordinates"":[[[-69.72068319260303,-13.12204930961972],[-69.71150388543407,-13.12204930961972],[-69.71150388543407,-13.113052172796532],[-69.72068319260303,-13.113052172796532],[-69.72068319260303,-13.12204930961972]]]}"
0000000000000000001b,2394.5947559404176,24.443666070328707,1,28,Atelocynus microtis,Atelocynus microtis,2018,"{""geodesic"":false,""type"":""Polygon"",""coordinates"":[[[-69.79547443842053,-13.054462714952807],[-69.78629764743584,-13.054462714952807],[-69.78629764743584,-13.045465578129452],[-69.79547443842053,-13.045465578129452],[-69.79547443842053,-13.054462714952807]]]}"
0000000000000000001c,2457.0764646411435,24.30432599016245,1,29,Atelocynus microtis,Atelocynus microtis,2018,"{""geodesic"":false,""type"":""Polygon"",""coordinates"":[[[-69.76008315390922,-13.086822411297582],[-69.75090515996963,-13.086822411297582],[-69.75090515996963,-13.077825274474309],[-69.76008315390922,-13.077825274474309],[-69.76008315390922,-13.086822411297582]]]}"
0000000000000000001d,2421.2598560474535,24.375672681832018,1,30,Atelocynus microtis,Atelocynus microtis,2018,"{""geodesic"":false,""type"":""Polygon"",""coordinates"":[[[-69.70695318041327,-13.098416074036514],[-69.69777475469611,-13.098416074036514],[-69.69777475469611,-13.08941893721327],[-69.70695318041327,-13.08941893721327],[-69.70695318041327,-13.098416074036514]]]}"
0000000000000000001e,2478.7531173327743,23.81800642092366,1,31,Atelocynus microtis,Atelocynus microtis,2018,"{""geodesic"":false,""type"":""Polygon"",""coordinates"":[[[-69.78535864905399,-13.15712905760709],[-69.77617803031866,-13.15712905760709],[-69.77617803031866,-13.148131920783992],[-69.78535864905399,-13.148131920783992],[-69.78535864905399,-13.15712905760709]]]}"
0000000000000000001f,2322.6492985768937,24.549999237060547,1,32,Atelocynus microtis,Atelocynus microtis,2018,"{""geodesic"":false,""type"":""Polygon"",""coordinates"":[[[-69.66734175269416,-13.031944254632961],[-69.65816579690858,-13.031944254632961],[-69.65816579690858,-13.022947117809553],[-69.66734175269416,-13.022947117809553],[-69.66734175269416,-13.031944254632961]]]}"
00000000000000000020,2523.621847357632,23.87925483766666,1,33,Atelocynus microtis,Atelocynus microtis,2018,"{""geodesic"":false,""type"":""Polygon"",""coordinates"":[[[-69.80385424408169,-13.116609206334529],[-69.79467513996633,-13.116609206334529],[-69.79467513996633,-13.10761206951133],[-69.80385424408169,-13.10761206951133],[-69.80385424408169,-13.116609206334529]]]}"
00000000000000000021,2389.3809683303202,24.237058836566515,1,34,Atelocynus microtis,Atelocynus microtis,2018,"{""geodesic"":false,""type"":""Polygon"",""coordinates"":[[[-69.65708892941662,-13.19885286616408],[-69.64790674573543,-13.19885286616408],[-69.64790674573543,-13.189855729341087],[-69.65708892941662,-13.189855729341087],[-69.65708892941662,-13.19885286616408]]]}"
00000000000000000022,2396.570469879907,24.420040887249407,1,35,Atelocynus microtis,Atelocynus microtis,2018,"{""geodesic"":false,""type"":""Polygon"",""coordinates"":[[[-69.75571734869351,-13.068227959904764],[-69.7465400463893,-13.068227959904764],[-69.7465400463893,-13.059230823081442],[-69.75571734869351,-13.059230823081442],[-69.75571734869351,-13.068227959904764]]]}"
00000000000000000023,4007.8606770833326,24.506102951367694,1,36,Atelocynus microtis,Atelocynus microtis,2017,"{""geodesic"":false,""type"":""Polygon"",""coordinates"":[[[-76.7803105046236,0.08199102015338174],[-76.77137070984313,0.08199102015338174],[-76.77137070984313,0.09098815700840922],[-76.7803105046236,0.09098815700840922],[-76.7803105046236,0.08199102015338174]]]}"
00000000000000000024,3637.5121877836486,25.389864221153417,1,37,Atelocynus microtis,Atelocynus microtis,2017,"{""geodesic"":false,""type"":""Polygon"",""coordinates"":[[[-70.05842245589845,-3.9478858840803404],[-70.04946145534645,-3.9478858840803404],[-70.04946145534645,-3.9388887472348757],[-70.05842245589845,-3.9388887472348757],[-70.05842245589845,-3.9478858840803404]]]}"
00000000000000000025,3679.603438634596,25.350000381469727,1,38,Atelocynus microtis,Atelocynus microtis,2017,"{""geodesic"":false,""type"":""Polygon"",""coordinates"":[[[-72.44788247546464,-3.3900077512850535],[-72.43892706125179,-3.3900077512850535],[-72.43892706125179,-3.381010614438262],[-72.44788247546464,-3.381010614438262],[-72.44788247546464,-3.3900077512850535]]]}"
00000000000000000026,3090.492219917013,24.779164270741315,1,39,Atelocynus microtis,Atelocynus microtis,2016,"{""geodesic"":false,""type"":""Polygon"",""coordinates"":[[[-73.79746521174893,2.256502862568483],[-73.78851846229351,2.256502862568483],[-73.78851846229351,2.2654999994286658],[-73.79746521174893,2.2654999994286658],[-73.79746521174893,2.256502862568483]]]}"
00000000000000000027,3049.5732228597003,24.837498807907107,1,40,Atelocynus microtis,Atelocynus microtis,2016,"{""geodesic"":false,""type"":""Polygon"",""coordinates"":[[[-73.79022808820139,2.255677928873598],[-73.78128134383077,2.255677928873598],[-73.78128134383077,2.264675065733778],[-73.79022808820139,2.264675065733778],[-73.79022808820139,2.255677928873598]]]}"
00000000000000000028,2855.105954996745,25.04178670247396,1,41,Atelocynus microtis,Atelocynus microtis,2016,"{""geodesic"":false,""type"":""Polygon"",""coordinates"":[[[-73.78022626449463,2.2360712615416425],[-73.77127964042981,2.2360712615416425],[-73.77127964042981,2.2450683984017767],[-73.78022626449463,2.2450683984017767],[-73.78022626449463,2.2360712615416425]]]}"
00000000000000000029,3440.676701082728,24.79917205715575,1,42,Atelocynus microtis,Atelocynus microtis,2011,"{""geodesic"":false,""type"":""Polygon"",""coordinates"":[[[-76.45739598962383,-0.5610737791667384],[-76.44845578311046,-0.5610737791667384],[-76.44845578311046,-0.5520766423132347],[-76.45739598962383,-0.5520766423132347],[-76.45739598962383,-0.5610737791667384]]]}"
0000000000000000002a,2412.7274732154438,25.556978320679722,1,43,Atelocynus microtis,Atelocynus microtis,2011,"{""geodesic"":false,""type"":""Polygon"",""coordinates"":[[[-67.85543433110415,-6.401680143674155],[-67.846438532179,-6.401680143674155],[-67.846438532179,-6.392683006834555],[-67.85543433110415,-6.392683006834555],[-67.85543433110415,-6.401680143674155]]]}"
0000000000000000002b,3235.5702456399117,25.049999237060547,1,44,Atelocynus microtis,Atelocynus microtis,2009,"{""geodesic"":false,""type"":""Polygon"",""coordinates"":[[[-73.02316679972311,-2.8894959535422107],[-73.0142156696992,-2.8894959535422107],[-73.0142156696992,-2.8804988166942302],[-73.02316679972311,-2.8804988166942302],[-73.02316679972311,-2.8894959535422107]]]}"
0000000000000000002c,3353.1200452622534,24.874571598417035,1,45,Atelocynus microtis,Atelocynus microtis,2009,"{""geodesic"":false,""type"":""Polygon"",""coordinates"":[[[-72.92197160379749,-2.797299580161382],[-72.91302118801377,-2.797299580161382],[-72.91302118801377,-2.7883024433131824],[-72.92197160379749,-2.7883024433131824],[-72.92197160379749,-2.797299580161382]]]}"
0000000000000000002d,1333.142560903462,22.88520254238018,1,46,Atelocynus microtis,Atelocynus microtis,2008,"{""geodesic"":false,""type"":""Polygon"",""coordinates"":[[[-77.58076376777052,0.23270417665844187],[-77.57182390658939,0.23270417665844187],[-77.57182390658939,0.2417013135138265],[-77.58076376777052,0.2417013135138265],[-77.58076376777052,0.23270417665844187]]]}"
0000000000000000002e,2966.375045776367,24.79856235980988,1,47,Atelocynus microtis,Atelocynus microtis,2007,"{""geodesic"":false,""type"":""Polygon"",""coordinates"":[[[-75.3634623769136,-0.18919812861339366],[-75.3545225458228,-0.18919812861339366],[-75.3545225458228,-0.18020099175900875],[-75.3634623769136,-0.18020099175900875],[-75.3634623769136,-0.18919812861339366]]]}"
0000000000000000002f,2399.2632380714103,24.163363031119356,1,48,Atelocynus microtis,Atelocynus microtis,2004,"{""geodesic"":false,""type"":""Polygon"",""coordinates"":[[[-70.0733631326571,-12.422701736803225],[-70.06420918010306,-12.422701736803225],[-70.06420918010306,-12.413704599978294],[-70.0733631326571,-12.413704599978294],[-70.0733631326571,-12.422701736803225]]]}"
00000000000000000030,3465.2226058077226,24.953457887507668,1,49,Atelocynus microtis,Atelocynus microtis,2003,"{""geodesic"":false,""type"":""Polygon"",""coordinates"":[[[-72.1323680444765,-2.9700986641841056],[-72.12341627094307,-2.9700986641841056],[-72.12341627094307,-2.961101527336317],[-72.1323680444765,-2.961101527336317],[-72.1323680444765,-2.9700986641841056]]]}"
00000000000000000031,1801.227602883493,24.455755194193106,1,50,Atelocynus microtis,Atelocynus microtis,2002,"{""geodesic"":false,""type"":""Polygon"",""coordinates"":[[[-71.18093850860676,-10.28411687157585],[-71.17185288508888,-10.28411687157585],[-71.17185288508888,-10.275119734745653],[-71.18093850860676,-10.275119734745653],[-71.18093850860676,-10.28411687157585]]]}"
00000000000000000032,1962.8040639241538,24.370165165265405,1,51,Atelocynus microtis,Atelocynus microtis,2001,"{""geodesic"":false,""type"":""Polygon"",""coordinates"":[[[-77.38916065742085,0.24130132348946523],[-77.38022079058707,0.24130132348946523],[-77.38022079058707,0.2502984603448702],[-77.38916065742085,0.2502984603448702],[-77.38916065742085,0.24130132348946523]]]}"
00000000000000000033,4163.641448217974,25.518941634942674,1,52,Atelocynus microtis,Atelocynus microtis,2000,"{""geodesic"":false,""type"":""Polygon"",""coordinates"":[[[-75.7061124686995,-8.409796171179188],[-75.69707561621756,-8.409796171179188],[-75.69707561621756,-8.400799034344427],[-75.7061124686995,-8.400799034344427],[-75.7061124686995,-8.409796171179188]]]}"
00000000000000000034,2676.6179471607056,22.948371091164834,1,53,Atelocynus microtis,Atelocynus microtis,1999,"{""geodesic"":false,""type"":""Polygon"",""coordinates"":[[[-71.27357029479808,-12.67282609219354],[-71.26440744694457,-12.67282609219354],[-71.26440744694457,-12.663828955369233],[-71.27357029479808,-12.663828955369233],[-71.27357029479808,-12.67282609219354]]]}"
00000000000000000035,2201.252281347251,24.9548390495332,1,54,Atelocynus microtis,Atelocynus microtis,1996,"{""geodesic"":false,""type"":""Polygon"",""coordinates"":[[[-68.7045680022011,-12.521497579743125],[-68.6954105590359,-12.521497579743125],[-68.6954105590359,-12.512500442918443],[-68.7045680022011,-12.512500442918443],[-68.7045680022011,-12.521497579743125]]]}"
00000000000000000036,2442.3041821389534,24.75,1,55,Atelocynus microtis,Atelocynus microtis,1992,"{""geodesic"":false,""type"":""Polygon"",""coordinates"":[[[-69.29957391649958,-12.842499346377787],[-69.29040492507447,-12.842499346377787],[-69.29040492507447,-12.833502209553902],[-69.29957391649958,-12.833502209553902],[-69.29957391649958,-12.842499346377787]]]}"
00000000000000000037,1919.1404553172006,25.450000762939453,1,56,Atelocynus microtis,Atelocynus microtis,1992,"{""geodesic"":false,""type"":""Polygon"",""coordinates"":[[[-66.73754512301433,-10.771496616716291],[-66.72844513137657,-10.771496616716291],[-66.72844513137657,-10.762499479887287],[-66.73754512301433,-10.762499479887287],[-66.73754512301433,-10.771496616716291]]]}"
00000000000000000038,2429.8752833236886,24.75,1,57,Atelocynus microtis,Atelocynus microtis,1992,"{""geodesic"":false,""type"":""Polygon"",""coordinates"":[[[-68.88658307263056,-12.961499376190801],[-68.87740971948318,-12.961499376190801],[-68.87740971948318,-12.952502239367211],[-68.88658307263056,-12.952502239367211],[-68.88658307263056,-12.961499376190801]]]}"
00000000000000000039,1914.9400382554236,25.350000381469727,1,58,Atelocynus microtis,Atelocynus microtis,1992,"{""geodesic"":false,""type"":""Polygon"",""coordinates"":[[[-66.85454151604873,-10.671496816491961],[-66.84544452983361,-10.671496816491961],[-66.84544452983361,-10.662499679662709],[-66.85454151604873,-10.662499679662709],[-66.85454151604873,-10.671496816491961]]]}"
0000000000000000003a,1681.7905308747095,26.049999237060547,1,59,Atelocynus microtis,Atelocynus microtis,1990,"{""geodesic"":false,""type"":""Polygon"",""coordinates"":[[[-74.35895760143546,-8.946168059593731],[-74.34990783428262,-8.946168059593731],[-74.34990783428262,-8.937170922760268],[-74.35895760143546,-8.937170922760268],[-74.35895760143546,-8.946168059593731]]]}"
0000000000000000003b,2511.6128861676607,25.812960272508036,1,60,Atelocynus microtis,Atelocynus microtis,1979,"{""geodesic"":false,""type"":""Polygon"",""coordinates"":[[[-77.75547341209165,-4.02649537655135],[-77.74651155550603,-4.02649537655135],[-77.74651155550603,-4.0174982397060734],[-77.75547341209165,-4.0174982397060734],[-77.75547341209165,-4.02649537655135]]]}"
0000000000000000003c,1731.107118457433,24.849592161767276,1,61,Atelocynus microtis,Atelocynus microtis,1968,"{""geodesic"":false,""type"":""Polygon"",""coordinates"":[[[-71.22153653437572,-10.137497169837856],[-71.2124550959144,-10.137497169837856],[-71.2124550959144,-10.128500033007297],[-71.22153653437572,-10.128500033007297],[-71.22153653437572,-10.137497169837856]]]}"
0000000000000000003d,1612.312022862098,24.05651075909247,1,62,Atelocynus microtis,Atelocynus microtis,1961,"{""geodesic"":false,""type"":""Polygon"",""coordinates"":[[[-71.13789836748201,-12.204495626753388],[-71.12875201877405,-12.204495626753388],[-71.12875201877405,-12.19549848992792],[-71.13789836748201,-12.19549848992792],[-71.13789836748201,-12.204495626753388]]]}"
0000000000000000003e,4750.8433245267115,21.10680814402727,1,63,Atelocynus microtis,Atelocynus microtis,1958,"{""geodesic"":false,""type"":""Polygon"",""coordinates"":[[[-77.98746621525187,-1.3629762171112776],[-77.97852391703054,-1.3629762171112776],[-77.97852391703054,-1.3539790802596743],[-77.98746621525187,-1.3539790802596743],[-77.98746621525187,-1.3629762171112776]]]}"
0000000000000000003f,2764.716548698993,23.341808665882457,1,64,Atelocynus microtis,Atelocynus microtis,1941,"{""geodesic"":false,""type"":""Polygon"",""coordinates"":[[[-69.68792528040285,-13.521165608508445],[-69.67873082518281,-13.521165608508445],[-69.67873082518281,-13.512168471686262],[-69.68792528040285,-13.512168471686262],[-69.68792528040285,-13.521165608508445]]]}"
