"","row_code","scientificName","year","lon","lat","presence","species","farming","flooded_forest","grassland","other_non_vegetated","urban","wetland","forest_formation","river_lake_ocean","not_observed","mangrove","non_forested_natural","savannah_formation","rocky_outcrop","mining","fold"
"1",1,"Bradypus tridactylus",2022,-55.211258,5.84551,1,"Bradypus tridactylus",0.279044430969238,0.170369553894043,0.00355780773925781,0.0747948144975142,0.442461724770285,0.00889446032714844,0,0,0,0,0,0,0,0,5
"2",2,"Bradypus tridactylus",2022,-52.247773,4.710535,1,"Bradypus tridactylus",0,0.90128494894751,0,0,0,0.0170237231606115,0.0573826586303711,0,0,0,0,0,0,0,1
"3",3,"Bradypus tridactylus",2022,-55.390009,4.338627,1,"Bradypus tridactylus",0,0,0,0,0,0,0.761868060712336,0.228424612985583,0,0,0,0,0,0,5
"4",4,"Bradypus tridactylus",2018,-55.1178,5.7995,1,"Bradypus tridactylus",0.350506160059703,0.490579061124849,0,0.0177846961351881,0.0859026224541921,0.0614729102824958,0,0,0,0,0,0,0,0,5
"5",5,"Bradypus tridactylus",2022,-55.862926,-1.760728,1,"Bradypus tridactylus",0,0,0,0,0.969275432954673,0,0,0,0,0,0,0,0,0,4
"6",6,"Bradypus tridactylus",2022,-52.338889,4.767101,1,"Bradypus tridactylus",0.0649701917580344,0.727524932176385,0,0,0.00207891404215495,0.0682370501176314,0.116328584793629,0,0,0,0,0,0,0,1
"7",7,"Bradypus tridactylus",2022,-59.017977,4.122754,1,"Bradypus tridactylus",0,0,0,0,0,0,0.990208164488545,0,0,0,0,0,0,0,5
"8",8,"Bradypus tridactylus",2022,-53.125782,3.933889,1,"Bradypus tridactylus",0,0,0,0,0,0,0.964265244682758,0,0,0,0,0,0,0,1
"9",9,"Bradypus tridactylus",2022,-59.240981,7.808831,1,"Bradypus tridactylus",0,0.727945704324685,0,0,0,0.0211683271957207,0.118100242552514,0.108885273313341,0,0,0,0,0,0,5
"10",10,"Bradypus tridactylus",2022,-55.053947,5.669207,1,"Bradypus tridactylus",0.135135178837338,0.726291397732192,0,0.0333333338589537,0.00873544556773793,0.0093420930480957,0,0.0702146344661501,0,0,0,0,0,0,5
"11",11,"Bradypus tridactylus",2022,-60.093275,-3.058592,1,"Bradypus tridactylus",0.135920204974724,0,0.0199686050692472,0,0.156602775119786,0.00101781728084789,0.663804048467983,0.00267819649251302,0,0,0,0,0,0,4
"12",12,"Bradypus tridactylus",2021,-52.370663,4.682575,1,"Bradypus tridactylus",0.0114566224452427,0.160576710140735,0,0.0121779952799479,0,0.0694225494384766,0.723768472663672,0,0,0,0,0,0,0,1
"13",13,"Bradypus tridactylus",2021,-52.653703,5.171483,1,"Bradypus tridactylus",0.133160170521129,0.110899328346946,0.0104424126475941,0.0760106872836026,0.541949808971056,0.0658111798428622,0,0.0269556941250888,0.00445215057373047,0,0,0,0,0,1
"14",14,"Bradypus tridactylus",2021,-60.091808,-3.049012,1,"Bradypus tridactylus",0.232067297652921,0,0.0316979444223224,0,0.0849774768825593,0.00852165563409979,0.625898135201727,0,0,0,0,0,0,0,4
"15",15,"Bradypus tridactylus",2015,-52.262664,4.889554,1,"Bradypus tridactylus",0.0612228501032048,0.0629231539806019,0,0.00400861312866211,0.0161154359519265,0.0105114858642578,0.817276586164994,0.00704549979469993,0,0,0,0,0,0,1
"16",16,"Bradypus tridactylus",2021,-52.257361,4.882252,1,"Bradypus tridactylus",0,0,0,0,0,0,0.967010806360973,0.000817459199793198,0,0,0,0,0,0,1
"17",17,"Bradypus tridactylus",2021,-55.173494,5.803282,1,"Bradypus tridactylus",0.168342944103634,0.0185181242842241,0.00493708154081457,0.183138130159222,0.601820003458463,0.00760379191011317,0,0,0,0,0,0,0,0,5
"18",18,"Bradypus tridactylus",2021,-59.063145,4.17468,1,"Bradypus tridactylus",0,0,0,0,0,0,0.968370743316296,0,0,0,0,0,0,0,5
"19",19,"Bradypus tridactylus",2020,-52.701111,5.073611,1,"Bradypus tridactylus",0,0,0,0,0,0,0.969595426818601,0,0,0,0,0,0,0,1
"20",20,"Bradypus tridactylus",2019,-60.087267,-3.0164,1,"Bradypus tridactylus",0.315022967040298,0,0.0422036933094371,0,0,0.00211018717262962,0.52135779632453,0.0837578503528942,0.000892770080566406,0,0,0,0,0,4
"21",21,"Bradypus tridactylus",2020,-57.19709,4.423802,1,"Bradypus tridactylus",0,0,0,0,0,0,0.953372447952733,0.0279455471953203,0,0,0,0,0,0,5
"22",22,"Bradypus tridactylus",2017,-55.180413,4.948807,1,"Bradypus tridactylus",0,0,0.00623512335205078,0,0,0,0.963445291073156,0,0,0,0,0,0,0,5
"23",23,"Bradypus tridactylus",2020,-55.09768,5.626479,1,"Bradypus tridactylus",0.497190393194939,0.447633230865142,0,0.027473701393821,0.0155307035411488,0.0085396288320504,0,0,0,0,0,0,0,0,5
"24",24,"Bradypus tridactylus",2018,-55.158681,5.845823,1,"Bradypus tridactylus",0.337809115048637,0.243043664705339,0,0.0654845088448101,0.289745129692309,0.00444723785400391,0.028785892578125,0,0,0,0,0,0,0,5
"25",25,"Bradypus tridactylus",2020,-55.299747,5.813652,1,"Bradypus tridactylus",0.532693791769479,0.360191428752258,0.00745871616085277,0.0154788205556614,0.00694125463116488,0.0607768388902742,0,0,0,0,0,0,0,0,5
"26",26,"Bradypus tridactylus",2020,-60.086765,-3.017055,1,"Bradypus tridactylus",0.302436856833218,0,0.0397465559313551,0,0,0.00211018717262962,0.539483584732681,0.092431174670693,0.000892770080566406,0,0,0,0,0,4
"27",27,"Bradypus tridactylus",2018,-52.27913,4.88412,1,"Bradypus tridactylus",0.0641184349609375,0.250226760684481,0,0.0377110986938477,0.521914840846945,0.0142530216230913,0.0874622209694603,0,0,0,0,0,0,0,1
"28",28,"Bradypus tridactylus",2020,-52.260729,4.876562,1,"Bradypus tridactylus",0,0,0,0,0,0,0.963663163890163,0,0,0,0,0,0,0,1
"29",29,"Bradypus tridactylus",2020,-52.268278,4.893242,1,"Bradypus tridactylus",0.0375299909945619,0.0771014148417699,0,0.00612906003023035,0.0406053361728498,0.000890804870605469,0.820562884576405,0,0,0,0,0,0,0,1
"30",30,"Bradypus tridactylus",2020,-52.532228,4.530643,1,"Bradypus tridactylus",0,0,0,0,0,0,0.969655166417011,0,0,0,0,0,0,0,1
"31",31,"Bradypus tridactylus",2020,-52.50868,4.98305,1,"Bradypus tridactylus",0.0717407063987039,0.76674260988025,0.00213766040039063,0,0,0.0723885351451527,0.0563847128710415,0,0,0,0,0,0,0,1
"32",32,"Bradypus tridactylus",2020,-52.56832,5.092595,1,"Bradypus tridactylus",0.0689461120290827,0.613737292632696,0,0,0,0.0419126761412595,0,0,0,0.256496198704945,0,0,0,0,1
"33",33,"Bradypus tridactylus",2020,-53.446104,5.549099,1,"Bradypus tridactylus",0.0659580600973473,0.228743067580236,0.0245933591696999,0.00133485003662109,0,0.205472790831192,0.440060764968148,0,0,0,0,0,0,0,1
"34",34,"Bradypus tridactylus",2016,-52.33775,4.808608,1,"Bradypus tridactylus",0.106725205348877,0.524751960899247,0.0242130387290007,0,0.00119067142142502,0.103640695089096,0.247977686161883,0,0,0,0,0,0,0,1
"35",35,"Bradypus tridactylus",2019,-55.096916,5.648654,1,"Bradypus tridactylus",0.304719872281814,0.464457327021276,0.0401959525314032,0.0245541979277795,0,0.131634068089406,0,0.0528186119606711,0,0,0,0,0,0,5
"36",36,"Bradypus tridactylus",2018,-55.129589,5.790315,1,"Bradypus tridactylus",0.206948161847848,0.737813309795613,0,0.00841012239768288,0.0269285450938832,0,0,0,0,0,0,0,0,0,5
"37",37,"Bradypus tridactylus",2019,-58.788728,4.49864,1,"Bradypus tridactylus",0,0,0.0117489218694514,0,0,0,0.969702428215744,0,0,0,0,0,0,0,5
"38",38,"Bradypus tridactylus",2019,-59.93969,-3.003247,1,"Bradypus tridactylus",0,0,0,0,0.0337393200941443,0,0.943273655244059,0,0,0,0,0,0,0,4
"39",39,"Bradypus tridactylus",2019,-55.545681,5.836589,1,"Bradypus tridactylus",0.56747781203946,0.331769837019487,0,0.013119565071106,0.005336779296875,0.0569259856012518,0,0,0,0,0,0,0,0,5
"40",40,"Bradypus tridactylus",2019,-59.771525,-2.448927,1,"Bradypus tridactylus",0,0,0,0,0,0,0.97710086442991,0,0,0,0,0,0,0,4
"41",41,"Bradypus tridactylus",2019,-55.481414,5.770633,1,"Bradypus tridactylus",0.0655044106689453,0.889482334328004,0,0,0,0.0161568686117407,0.0043501292628868,0,0,0,0,0,0,0,5
"42",42,"Bradypus tridactylus",2019,-55.890198,5.779693,1,"Bradypus tridactylus",0.067811436967199,0.759666724381771,0,0.00362271763341567,0,0.00970419440806996,0,0.12914619259736,0,0.0114752359802246,0,0,0,0,5
"43",43,"Bradypus tridactylus",2019,-59.976764,-3.098266,1,"Bradypus tridactylus",0.0849688840553977,0,0,0,0.210109903891823,0.00576198876953125,0.667650617416865,0,0.000892701049804687,0,0,0,0,0,4
"44",44,"Bradypus tridactylus",2019,-52.255422,4.889341,1,"Bradypus tridactylus",0.0057902307434082,0.130867351900968,0,0.0128761911787553,0.0282628172108043,0.000890803939819336,0.684385272161315,0.0770951112060546,0,0,0,0,0,0,1
"45",45,"Bradypus tridactylus",2019,-57.246895,4.400736,1,"Bradypus tridactylus",0,0,0,0,0,0,0.940344723199367,0.0238249920321378,0,0,0,0,0,0,5
"46",46,"Bradypus tridactylus",2017,-55.133768,5.038977,1,"Bradypus tridactylus",0,0,0.014260602265699,0.00597232442698759,0,0,0.974565095926282,0.00979675036621094,0,0,0,0,0,0,5
"47",47,"Bradypus tridactylus",2018,-56.767088,3.477655,1,"Bradypus tridactylus",0,0,0,0,0,0,0.967636522623216,0,0,0,0,0,0,0,5
"48",48,"Bradypus tridactylus",2018,-55.33126,4.49734,1,"Bradypus tridactylus",0.000674584641400506,0,0.00841818209606162,0,0,0,0.750079238264115,0.232996577659153,0,0,0,0,0,0,5
"49",49,"Bradypus tridactylus",2018,-55.730405,5.842639,1,"Bradypus tridactylus",0.262303028212886,0.237696836658563,0.0474001221224916,0,0,0.0999108013794598,0.308468922851345,0,0,0.0344760981303876,0,0,0,0,5
"50",50,"Bradypus tridactylus",2018,-59.972663,-3.051539,1,"Bradypus tridactylus",0.0236574432504039,0,0,0,0.883890436785658,0,0.0760850146251549,0,0,0,0,0,0,0,4
"51",51,"Bradypus tridactylus",2015,-59.987812,-3.097481,1,"Bradypus tridactylus",0.0266999933971058,0,0.00722277953546697,0,0.785692469572743,0.00662381944292854,0.142218680854153,0,0,0,0,0,0,0,4
"52",52,"Bradypus tridactylus",2018,-60.046095,-3.069514,1,"Bradypus tridactylus",0,0,0,0,0.96083298716682,0,0.0293235026154163,0,0,0,0,0,0,0,4
"53",53,"Bradypus tridactylus",2018,-59.986331,-3.097612,1,"Bradypus tridactylus",0.0266999933971058,0,0.00722277953546697,0,0.716289024745892,0.00673584478759766,0.221847804858203,0,0,0,0,0,0,0,4
"54",54,"Bradypus tridactylus",2018,-59.065287,4.222191,1,"Bradypus tridactylus",0,0,0,0,0,0,0.982390299696985,0,0,0,0,0,0,0,5
"55",55,"Bradypus tridactylus",2018,-59.34123,3.600205,1,"Bradypus tridactylus",0,0,0.012436542294132,0,0,0.401047978135075,0.561316618156209,0.0162132800005745,0,0,0,0,0,0,5
"56",56,"Bradypus tridactylus",2018,-58.893466,4.235446,1,"Bradypus tridactylus",0,0,0,0,0,0,0.977398396513579,0,0,0,0,0,0,0,5
"57",57,"Bradypus tridactylus",2018,-56.199168,5.095888,1,"Bradypus tridactylus",0,0,0,0,0,0,0.981087395896284,0,0,0,0,0,0,0,5
"58",58,"Bradypus tridactylus",2018,-55.239568,5.698873,1,"Bradypus tridactylus",0.482687979947176,0.429066308876731,0,0.0375280144875266,0.0164184522705078,0.00578289265950521,0,0,0,0,0,0,0,0,5
"59",59,"Bradypus tridactylus",2017,-55.390843,4.646538,1,"Bradypus tridactylus",0,0,0,0,0,0,0.978727636230477,0,0,0,0,0,0,0,5
"60",60,"Bradypus tridactylus",2017,-55.165104,5.82064,1,"Bradypus tridactylus",0.069703790094549,0,0,0.0933153824740323,0.645282459927647,0.00266848248291016,0,0.159866005704013,0,0,0,0,0,0,5
"61",61,"Bradypus tridactylus",2017,-56.014207,5.789108,1,"Bradypus tridactylus",0.0437208630301246,0.907363366540642,0,0,0,0.0277516025959634,0,0,0,0,0,0,0,0,5
"62",62,"Bradypus tridactylus",2017,-60.038909,-2.653622,1,"Bradypus tridactylus",0.157071230898172,0,0.0172756718899487,0,0,0.0008930390625,0.796233207826554,0,0,0,0,0,0,0,4
"63",63,"Bradypus tridactylus",2017,-55.444992,4.064953,1,"Bradypus tridactylus",0,0,0,0,0,0,0.878982535222027,0.0997894742649888,0,0,0,0,0,0,5
"64",64,"Bradypus tridactylus",2017,-52.001094,0.900172,1,"Bradypus tridactylus",0.0498191825018626,0,0.239497624485064,0,0.274041235599837,0,0.400827210356089,0,0,0,0,0,0,0,1
"65",65,"Bradypus tridactylus",2017,-52.36361,4.90715,1,"Bradypus tridactylus",0,0.0358135541635116,0,0.0131064838882985,0.0354896528828177,0.00581245471989251,0,0.846859576714532,0.00278542920692158,0.0402751565551105,0,0,0,0,1
"66",66,"Bradypus tridactylus",2017,-55.334621,4.665658,1,"Bradypus tridactylus",0,0,0,0,0,0,0.970398845947276,0,0,0,0,0,0,0,5
"67",67,"Bradypus tridactylus",2017,-55.140847,5.034908,1,"Bradypus tridactylus",0.0161940376373092,0,0.0474310245802827,0.0365152250310724,0,0.00524624027568742,0.858119478262301,0.0149624011474609,0,0,0,0,0,0,5
"68",68,"Bradypus tridactylus",2017,-55.221263,5.86297,1,"Bradypus tridactylus",0.427532273674134,0.473543189937488,0,0.00652247330729167,0.00962199472878196,0.0510635876676998,0,0.00331514675071023,0,0,0,0,0,0,5
"69",69,"Bradypus tridactylus",2017,-58.906281,4.245277,1,"Bradypus tridactylus",0,0,0.0106990258678089,0,0,0,0.958740044416685,0,0,0,0,0,0,0,5
"70",70,"Bradypus tridactylus",2016,-52.595957,5.112143,1,"Bradypus tridactylus",0.058385334105662,0.757760415200368,0,0,0,0.106447589151148,0,0,0,0.056164936967199,0,0,0,0,1
"71",71,"Bradypus tridactylus",2016,-55.107878,5.77706,1,"Bradypus tridactylus",0.00821764045354307,0.938369612228074,0,0,0,0.0382454728054543,0,0,0,0,0,0,0,0,5
"72",72,"Bradypus tridactylus",2016,-52.734382,5.12383,1,"Bradypus tridactylus",0.0822624726020691,0.363900993848832,0.00712398486328125,0,0,0.0254148896484375,0.492343892758162,0,0,0,0,0,0,0,1
"73",73,"Bradypus tridactylus",2016,-55.346245,4.665315,1,"Bradypus tridactylus",0,0,0,0,0,0,0.970399208496105,0,0,0,0,0,0,0,5
"74",74,"Bradypus tridactylus",2000,-52.344503,4.864213,1,"Bradypus tridactylus",0,0.142168025399242,0,0,0,0,0.836604310645967,0,0,0,0,0,0,0,1
"75",75,"Bradypus tridactylus",2015,-52.25413,4.86639,1,"Bradypus tridactylus",0.0529859458185587,0.126175969485359,0,0.00445420196533203,0.0432461860795455,0.00352701244073606,0.512778159171875,0.229526202246507,0,0,0,0,0,0,1
"76",76,"Bradypus tridactylus",2015,-53.350371,3.86175,1,"Bradypus tridactylus",0,0,0,0,0,0,0.97138740380859,0,0,0,0,0,0,0,1
"77",77,"Bradypus tridactylus",2015,-55.140732,4.984004,1,"Bradypus tridactylus",0,0,0,0,0,0,0.074657251697169,0.915567836094365,0,0,0,0,0,0,5
"78",78,"Bradypus tridactylus",2014,-60.029803,-3.028147,1,"Bradypus tridactylus",0.0635483211281516,0,0,0,0.173601424521706,0.00803483142089844,0.718752862016159,0.00827834851074219,0,0,0,0,0,0,4
"79",79,"Bradypus tridactylus",2014,-54.97703,5.053198,1,"Bradypus tridactylus",0.0850513975626629,0.395585217412774,0.0284988765203303,0.00578883065795898,0.0506826416625977,0,0.252443129649769,0.195201775046608,0,0,0,0,0,0,5
"80",80,"Bradypus tridactylus",2014,-60.092313,-3.066462,1,"Bradypus tridactylus",0.0158256921109286,0,0.0173676840931286,0,0.415849689619584,0,0.452938299893466,0.0702007753351385,0,0,0,0,0,0,4
"81",81,"Bradypus tridactylus",2014,-59.986128,-3.097506,1,"Bradypus tridactylus",0.0268623027565696,0,0.00722277953546697,0,0.691573547248717,0.00673584478759766,0.238027210299405,0,0,0,0,0,0,0,4
"82",82,"Bradypus tridactylus",2013,-55.10353,5.778771,1,"Bradypus tridactylus",0.0308865350796569,0.934181661923094,0,0,0,0.0392211898692738,0,0,0,0,0,0,0,0,5
"83",83,"Bradypus tridactylus",2013,-60.043073,-3.100793,1,"Bradypus tridactylus",0.00416644752217782,0,0,0,0.520555292490326,0,0.455470390762693,0,0,0,0,0,0,0,4
"84",84,"Bradypus tridactylus",2013,-54.979606,5.784197,1,"Bradypus tridactylus",0.215497931763674,0.699639511704348,0,0.0133431076524523,0.0138990685501099,0.0153815193177466,0.0455763160565544,0,0,0,0,0,0,0,5
"85",85,"Bradypus tridactylus",2010,-52.59733,3.14268,1,"Bradypus tridactylus",0,0,0,0,0,0,0.967377447321161,0,0,0,0,0,0,0,1
"86",86,"Bradypus tridactylus",2012,-52.64126,2.37393,1,"Bradypus tridactylus",0,0,0,0,0,0,0.979486183663155,0,0,0,0,0,0,0,1
"87",87,"Bradypus tridactylus",2011,-53.75812,2.97142,1,"Bradypus tridactylus",0,0,0,0,0,0,0.983703320726823,0,0,0,0,0,0,0,1
"88",88,"Bradypus tridactylus",2012,-52.14776,3.41463,1,"Bradypus tridactylus",0,0,0,0,0,0,0.978670591937618,0,0,0,0,0,0,0,1
"89",89,"Bradypus tridactylus",2012,-52.1926,3.2789,1,"Bradypus tridactylus",0,0,0,0,0,0,0.981838190509,0.00871545872587316,0,0,0,0,0,0,1
"90",90,"Bradypus tridactylus",2011,-52.86589,2.28322,1,"Bradypus tridactylus",0,0,0,0,0,0,0.965741897434127,0,0,0,0,0,0,0,1
"91",91,"Bradypus tridactylus",2012,-53.04554,2.19256,1,"Bradypus tridactylus",0,0,0,0,0,0,0.984171293743059,0,0,0,0,0,0,0,1
"92",92,"Bradypus tridactylus",2012,-52.77718,3.09718,1,"Bradypus tridactylus",0,0,0,0,0,0,0.972154829040527,0,0,0,0,0,0,0,1
"93",93,"Bradypus tridactylus",2011,-52.77605,2.32854,1,"Bradypus tridactylus",0,0,0,0,0,0,0.972756448608396,0,0,0,0,0,0,0,1
"94",94,"Bradypus tridactylus",2012,-55.196514,4.994331,1,"Bradypus tridactylus",0,0,0.00672948602294922,0,0,0,0.970634770774258,0,0,0,0,0,0,0,5
"95",95,"Bradypus tridactylus",2012,-59.885208,-3.07768,1,"Bradypus tridactylus",0.0710886560664376,0,0.0183575882348807,0,0.673788374481472,0.0501049665900735,0.0374701293783858,0.139342906974153,0,0,0,0,0,0,4
"96",96,"Bradypus tridactylus",2012,-52.37246,3.18823,1,"Bradypus tridactylus",0,0,0,0,0,0,0.965949858292164,0,0,0,0,0,0,0,1
"97",97,"Bradypus tridactylus",2012,-52.46244,3.1881,1,"Bradypus tridactylus",0,0,0,0.00892627062988281,0,0,0.901993805059977,0.0780078533320624,0,0,0,0,0,0,1
"98",98,"Bradypus tridactylus",2012,-55.2167,5.852836,1,"Bradypus tridactylus",0.515466569031674,0.196920541750897,0,0.0509351598325787,0.103593319808595,0.0539521716208718,0,0.0550522539185876,0,0,0,0,0,0,5
"99",99,"Bradypus tridactylus",2012,-55.211785,5.867049,1,"Bradypus tridactylus",0.152332341624867,0.751315056030273,0,0,0,0.0453600656627308,0.0195672806396484,0,0,0,0,0,0,0,5
"100",100,"Bradypus tridactylus",2012,-55.178174,5.817638,1,"Bradypus tridactylus",0.0608064385693229,0,0.0137872378234863,0.193879890442112,0.715992065223322,0.00433630615234375,0,0,0,0,0,0,0,0,5
"101",101,"Bradypus tridactylus",2011,-53.02298,2.12478,1,"Bradypus tridactylus",0,0,0,0,0,0,0.970690698978439,0,0,0,0,0,0,0,1
"102",102,"Bradypus tridactylus",2011,-52.19271,3.36935,1,"Bradypus tridactylus",0,0,0,0,0,0,0.965202147648108,0,0,0,0,0,0,0,1
"103",103,"Bradypus tridactylus",2011,-60.774295,-2.822796,1,"Bradypus tridactylus",0.0438801113852435,0,0.0171072877032112,0,0,0.0190760275878906,0.248065879848607,0.652054951809251,0,0,0,0,0,0,4
"104",104,"Bradypus tridactylus",2011,-52.64136,2.46436,1,"Bradypus tridactylus",0,0,0,0,0,0,0.97220017728104,0,0,0,0,0,0,0,1
"105",105,"Bradypus tridactylus",2011,-53.0006,2.19262,1,"Bradypus tridactylus",0,0,0,0,0,0,0.983354988048359,0,0,0,0,0,0,0,1
"106",106,"Bradypus tridactylus",2011,-52.68621,2.37387,1,"Bradypus tridactylus",0,0,0,0,0,0,0.977580051675554,0.00318060249454274,0,0,0,0,0,0,1
"107",107,"Bradypus tridactylus",2011,-55.197501,5.458773,1,"Bradypus tridactylus",0.0860900681984641,0.118454590387518,0.107855145840732,0.310943445467863,0.253092544866388,0.0106803517067649,0.082125075028853,0,0,0,0,0,0,0,5
"108",108,"Bradypus tridactylus",2011,-61.613745,6.750673,1,"Bradypus tridactylus",0.33259224730205,0,0.0462096657493768,0,0,0,0.600002012942846,0,0,0,0,0,0,0,5
"109",109,"Bradypus tridactylus",2011,-52.50742,3.18804,1,"Bradypus tridactylus",0,0,0,0,0,0,0.916879239811175,0.0550777292253301,0,0,0,0,0,0,1
"110",110,"Bradypus tridactylus",2011,-54.08161,3.32002,1,"Bradypus tridactylus",0,0,0,0,0,0,0.962963869376624,0.00113051779785156,0,0,0,0,0,0,1
"111",111,"Bradypus tridactylus",2011,-61.373158,6.204619,1,"Bradypus tridactylus",0.133984044712288,0,0.0689533532987272,0,0,0,0.774925333441956,0,0,0,0,0,0,0,5
"112",112,"Bradypus tridactylus",2011,-61.465279,6.476161,1,"Bradypus tridactylus",0,0,0.00888425109863281,0,0,0,0.975623759023544,0,0,0,0,0,0,0,5
"113",113,"Bradypus tridactylus",2011,-54.21601,3.1841,1,"Bradypus tridactylus",0,0,0,0,0,0,0.983396726902859,0,0,0,0,0,0,0,1
"114",114,"Bradypus tridactylus",2011,-54.08148,3.27485,1,"Bradypus tridactylus",0,0,0,0,0,0,0.884493372194991,0.0988178171647832,0,0,0,0,0,0,1
"115",115,"Bradypus tridactylus",2011,-52.9566,2.82561,1,"Bradypus tridactylus",0,0,0,0,0,0,0.983119360606232,0,0,0,0,0,0,0,1
"116",116,"Bradypus tridactylus",2011,-54.17054,3.00358,1,"Bradypus tridactylus",0,0,0,0,0,0,0.909779563958234,0.052423428058612,0,0,0,0,0,0,1
"117",117,"Bradypus tridactylus",2011,-52.91072,2.19274,1,"Bradypus tridactylus",0,0,0,0,0,0,0.96312820513535,0.00255240124511719,0,0,0,0,0,0,1
"118",118,"Bradypus tridactylus",2011,-52.64231,3.14261,1,"Bradypus tridactylus",0,0,0,0,0,0,0.976300704580275,0,0,0,0,0,0,0,1
"119",119,"Bradypus tridactylus",2011,-52.79614,2.83866,1,"Bradypus tridactylus",0,0,0,0,0,0,0.977796613358562,0,0,0,0,0,0,0,1
"120",120,"Bradypus tridactylus",2011,-52.23754,3.23362,1,"Bradypus tridactylus",0.018744380241394,0,0,0,0,0,0.844342602867259,0.119414372952135,0,0,0,0,0,0,1
"121",121,"Bradypus tridactylus",2011,-52.7311,2.3286,1,"Bradypus tridactylus",0,0,0,0,0,0,0.972409654865577,0,0,0,0,0,0,0,1
"122",122,"Bradypus tridactylus",2011,-52.59641,2.46442,1,"Bradypus tridactylus",0,0,0,0,0,0,0.966305252891391,0,0,0,0,0,0,0,1
"123",123,"Bradypus tridactylus",2011,-52.64131,2.41914,1,"Bradypus tridactylus",0,0,0.00803878278808594,0,0,0,0.901076129727452,0.0679642986283735,0,0,0,0,0,0,1
"124",124,"Bradypus tridactylus",2011,-54.26347,3.90653,1,"Bradypus tridactylus",0,0,0,0,0,0,0.378569556512157,0.588500331539795,0,0,0,0,0,0,1
"125",125,"Bradypus tridactylus",2011,-54.12642,3.27471,1,"Bradypus tridactylus",0,0,0,0.00178511486816406,0,0,0.813117580511439,0.151896805442117,0,0,0,0,0,0,1
"126",126,"Bradypus tridactylus",2011,-52.821,2.32849,1,"Bradypus tridactylus",0,0,0,0,0,0,0.964100625073721,0,0,0,0,0,0,0,1
"127",127,"Bradypus tridactylus",2011,-52.28248,3.18834,1,"Bradypus tridactylus",0,0,0,0,0,0,0.990278273411888,0,0,0,0,0,0,0,1
"128",128,"Bradypus tridactylus",2011,-53.99302,3.72685,1,"Bradypus tridactylus",0,0,0,0,0,0,0.976307066559911,0,0,0,0,0,0,0,1
"129",129,"Bradypus tridactylus",2011,-54.17028,2.91325,1,"Bradypus tridactylus",0,0,0,0,0,0,0.99017480202062,0,0,0,0,0,0,0,1
"130",130,"Bradypus tridactylus",2010,-52.55167,2.64534,1,"Bradypus tridactylus",0,0,0.0239499194391424,0,0,0,0.760800696296987,0.192534115703791,0.000893048095703125,0,0,0,0,0,1
"131",131,"Bradypus tridactylus",2010,-52.77703,3.00675,1,"Bradypus tridactylus",0,0,0,0,0,0,0.990100489961515,0,0,0,0,0,0,0,1
"132",132,"Bradypus tridactylus",2010,-52.55241,3.18797,1,"Bradypus tridactylus",0,0,0,0,0,0,0.97207248614502,0,0,0,0,0,0,0,1
"133",133,"Bradypus tridactylus",2010,-52.82094,2.28327,1,"Bradypus tridactylus",0,0,0,0,0,0,0.978682252636716,0,0,0,0,0,0,0,1
"134",134,"Bradypus tridactylus",2010,-52.1477,3.36941,1,"Bradypus tridactylus",0.00445887265720741,0,0.00105473511851918,0,0,0,0.844497638489203,0.119590910228383,0,0,0,0,0,0,1
"135",135,"Bradypus tridactylus",2010,-52.91164,2.82568,1,"Bradypus tridactylus",0,0,0,0,0,0,0.983711082447003,0,0,0,0,0,0,0,1
"136",136,"Bradypus tridactylus",2010,-52.32747,3.18829,1,"Bradypus tridactylus",0,0,0,0,0,0,0.963986075992359,0,0,0,0,0,0,0,1
"137",137,"Bradypus tridactylus",2010,-53.29342,3.58784,1,"Bradypus tridactylus",0,0,0,0,0,0,0.963609193059941,0,0,0,0,0,0,0,1
"138",138,"Bradypus tridactylus",2010,-53.58696,5.49016,1,"Bradypus tridactylus",0,0,0,0,0,0,0.980478722313015,0,0,0,0,0,0,0,1
"139",139,"Bradypus tridactylus",2010,-53.11744,3.76701,1,"Bradypus tridactylus",0,0,0,0,0,0,0.977309475354246,0,0,0,0,0,0,0,1
"140",140,"Bradypus tridactylus",2010,-54.29629,2.32756,1,"Bradypus tridactylus",0,0,0,0,0,0,0.97056080512623,0,0,0,0,0,0,0,1
"141",141,"Bradypus tridactylus",2010,-52.13713,4.58023,1,"Bradypus tridactylus",0,0.154176438293457,0,0,0,0,0.816336298339856,0,0,0,0,0,0,0,1
"142",142,"Bradypus tridactylus",2010,-52.73528,4.0705,1,"Bradypus tridactylus",0,0,0,0,0,0,0.975621375380324,0,0,0,0,0,0,0,1
"143",143,"Bradypus tridactylus",2010,-53.26107,3.69234,1,"Bradypus tridactylus",0,0,0,0,0,0,0.975763388681211,0,0,0,0,0,0,0,1
"144",144,"Bradypus tridactylus",2010,-51.82625,4.21051,1,"Bradypus tridactylus",0,0,0,0,0,0,0.977547993520219,0,0,0,0,0,0,0,1
"145",145,"Bradypus tridactylus",2010,-52.79927,5.24792,1,"Bradypus tridactylus",0.0115742266540527,0.134855359328979,0.64188229050667,0.00296774131266276,0,0.105281554897043,0.0793029721178133,0,0,0,0,0,0,0,1
"146",146,"Bradypus tridactylus",2009,-61.507764,7.299623,1,"Bradypus tridactylus",0.0157226012628729,0,0.0206208547058106,0,0.93488632065043,0,0.00717593633478338,0,0,0,0,0,0,0,5
"147",147,"Bradypus tridactylus",2009,-61.852141,8.050598,1,"Bradypus tridactylus",0.915488260176269,0,0,0,0,0,0.0600528145070666,0,0,0,0,0,0,0,5
"148",148,"Bradypus tridactylus",2009,-55.387904,4.385277,1,"Bradypus tridactylus",0.0198659432781544,0,0.0271394610089144,0.00534855206298828,0,0,0.687696456113764,0.249752017255367,0,0,0,0,0,0,5
"149",149,"Bradypus tridactylus",2009,-53.41397,4.59457,1,"Bradypus tridactylus",0,0,0,0,0,0,0.981795964896185,0,0,0,0,0,0,0,1
"150",150,"Bradypus tridactylus",2008,-60.785539,7.511745,1,"Bradypus tridactylus",0,0,0.0059969068328259,0,0,0,0.978397161203209,0,0,0,0,0,0,0,5
"151",151,"Bradypus tridactylus",2008,-53.147445,5.022742,1,"Bradypus tridactylus",0,0,0,0,0,0,0.969900063354498,0,0,0,0,0,0,0,1
"152",152,"Bradypus tridactylus",2008,-52.48225,4.55555,1,"Bradypus tridactylus",0.414299694003213,0.22827931083658,0,0,0,0.109645276565699,0.22553809841054,0,0,0,0,0,0,0,1
"153",153,"Bradypus tridactylus",2006,-55.188897,4.967813,1,"Bradypus tridactylus",0,0,0,0,0,0,0.98139064293644,0,0,0,0,0,0,0,5
"154",154,"Bradypus tridactylus",2006,-60.237501,-3.039325,1,"Bradypus tridactylus",0.0211399516955153,0,0.0153043314296177,0,0,0.00357101538085937,0.237445342348911,0.707839311612979,0,0,0,0,0,0,4
"155",155,"Bradypus tridactylus",2006,-52.312999,4.94701,1,"Bradypus tridactylus",0.0311757916814631,0.0540174574193292,0,0.0225923230646307,0.15093950172563,0.00606798554167761,0.0141707613636364,0,0.00170525923523928,0.00267221673583984,0,0,0,0,1
"156",156,"Bradypus tridactylus",2006,-56.876789,5.966431,1,"Bradypus tridactylus",0.0568004978628652,0.0586912068237305,0,0,0,0.214758929560991,0,0.0978508310691139,0,0.578731687056107,0,0,0,0,5
"157",157,"Bradypus tridactylus",2003,-58.686283,4.67329,1,"Bradypus tridactylus",0,0,0.0249503457919034,0,0,0,0.765276790704261,0.187031456483826,0,0,0,0,0,0,5
"158",158,"Bradypus tridactylus",2002,-59.966726,-3.092864,1,"Bradypus tridactylus",0.0271870850663619,0,0,0,0.12506053733687,0,0.819911055697356,0,0,0,0,0,0,0,4
"159",159,"Bradypus tridactylus",2002,-52.35937,4.89692,1,"Bradypus tridactylus",0.00690371900939941,0.677837208241096,0,0,0,0.0239363863038415,0.126297131900302,0,0,0.134660605126627,0,0,0,0,1
"160",160,"Bradypus tridactylus",2002,-52.497938,4.826002,1,"Bradypus tridactylus",0.031262235168457,0.590741837230338,0.00472169036865234,0,0,0.0935435764160156,0.25033930859375,0,0,0,0,0,0,0,1
"161",161,"Bradypus tridactylus",2001,-58.811,3.268,1,"Bradypus tridactylus",0,0,0,0,0,0,0.978697395162191,0,0,0,0,0,0,0,5
"162",162,"Bradypus tridactylus",1999,-60.003679,-3.076618,1,"Bradypus tridactylus",0.00843939237698823,0,0,0,0.860118326265288,0,0.103647921868733,0,0,0,0,0,0,0,4
"163",163,"Bradypus tridactylus",1997,-52.51849,3.94175,1,"Bradypus tridactylus",0,0,0,0,0,0,0.969450528204703,0,0,0,0,0,0,0,1
"164",164,"Bradypus tridactylus",1997,-52.19369,4.56617,1,"Bradypus tridactylus",0,0,0,0,0,0,0.970531214538576,0,0,0,0,0,0,0,1
"165",165,"Bradypus tridactylus",1993,-59.25,3.25,1,"Bradypus tridactylus",0,0,0,0,0,0,0.978714487505746,0,0,0,0,0,0,0,5
"166",166,"Bradypus tridactylus",1992,-53.085535,5.250754,1,"Bradypus tridactylus",0,0,0,0,0,0,0.965068881572407,0,0,0,0,0,0,0,1
"167",167,"Bradypus tridactylus",1981,-55.158676,5.404591,1,"Bradypus tridactylus",0.0327115646972656,0.217105426025391,0,0.011571454864502,0,0.0131291177825928,0.731343474931196,0,0,0,0,0,0,0,5
"168",168,"Bradypus tridactylus",1973,-72.669722,-7.631111,1,"Bradypus tridactylus",0,0,0,0,0.978907760979143,0,0,0,0,0,0,0,0,0,2
"169",169,"Bradypus tridactylus",1967,-69.940556,-4.215278,1,"Bradypus tridactylus",0.0469471865306834,0,0,0.0761720488910532,0.842276500351956,0,0.0115910242431641,0.00288877673518271,0,0,0,0,0,0,2
"170",170,"Bradypus tridactylus",1966,-62.25,7,1,"Bradypus tridactylus",0,0,0.0147915691731771,0,0,0,0.974844313659992,0,0,0,0,0,0,0,5
"171",171,"Bradypus tridactylus",1966,-62.37,7.18,1,"Bradypus tridactylus",0.460262328554508,0,0.171586898690584,0,0,0,0.347001190335904,0,0,0,0,0,0,0,5
"172",172,"Bradypus tridactylus",1966,-61.32,6.28,1,"Bradypus tridactylus",0.282301605001923,0,0.0063549070245747,0,0,0,0.7029007114166,0,0,0,0,0,0,0,5
"173",173,"Bradypus tridactylus",1962,-55.416668,5.783333,1,"Bradypus tridactylus",0,0.921311187912885,0,0,0,0,0.0544855697399663,0,0,0,0,0,0,0,5
"174",174,"Bradypus tridactylus",1962,-58.75,3.3,1,"Bradypus tridactylus",0,0,0,0,0,0,0.982587039343509,0,0,0,0,0,0,0,5
"175",175,"Bradypus tridactylus",1962,-59.51666,2.83333,1,"Bradypus tridactylus",0,0,0.866286511868568,0,0,0.0080361942952474,0.0875864575750177,0.0163158871016069,0,0,0,0,0,0,5
"176",176,"Bradypus tridactylus",1961,-55.166668,5.833334,1,"Bradypus tridactylus",0.152594623233701,0,0.00741224809773763,0.250059968108859,0.568262917255368,0.00800525193786621,0,0,0.000889473815917969,0,0,0,0,0,5
"177",177,"Bradypus tridactylus",1961,-55.466667,5.15,1,"Bradypus tridactylus",0.0142181140113654,0,0,0.000890464965820312,0,0.00991726459625843,0.962233906098794,0,0,0,0,0,0,0,5
"178",178,"Bradypus tridactylus",1960,-55.032204,3.271144,1,"Bradypus tridactylus",0,0,0,0,0,0,0.97805739292567,0,0,0,0,0,0,0,5
"179",179,"Bradypus tridactylus",1952,-58.05,5.28333,1,"Bradypus tridactylus",0,0.407624089629116,0.00667704290771484,0,0,0,0.556181497836028,0,0,0,0,0,0,0,5
"180",180,"Bradypus tridactylus",1952,-54.03111,5.49944,1,"Bradypus tridactylus",0.0272331529418945,0.0741914351751154,0,0.014482248729359,0.654370334755639,0.024029202903054,0,0.177346312289151,0,0,0,0,0,0,1
"181",181,"Bradypus tridactylus",1938,-48.366667,-1.366667,1,"Bradypus tridactylus",0.0504396298501081,0,0,0,0.783452487767447,0,0.131866983498552,0.004468642578125,0,0,0,0,0,0,1
"182",182,"Bradypus tridactylus",1936,-66.17,-0.85,1,"Bradypus tridactylus",0,0,0,0,0,0,0.983127014055797,0,0,0,0,0,0,0,4
"183",183,"Bradypus tridactylus",1932,-55.126199,-3.088275,1,"Bradypus tridactylus",0.469448146102453,0,0.0610814094559668,0,0,0.0648432641712535,0.161873499743435,0.221385973665822,0,0,0,0,0,0,4
"184",184,"Bradypus tridactylus",1929,-61.6214,-3.0526,1,"Bradypus tridactylus",0.00161742941032858,0,0.0265447628668572,0,0,0,0.000724692288746553,0.95857896379362,0,0,0,0,0,0,4
"185",185,"Bradypus tridactylus",1924,-58.9,5.36667,1,"Bradypus tridactylus",0,0.0485852939098229,0,0.0357391004576222,0,0,0.479780705521451,0.413888174079252,0,0,0,0,0,0,5
"186",186,"Bradypus tridactylus",1923,-60.025276,-3.113333,1,"Bradypus tridactylus",0,0,0,0,0.968328026123049,0,0,0,0,0,0,0,0,0,4
"187",187,"Bradypus tridactylus",1921,-55.284217,5.874427,1,"Bradypus tridactylus",0,0.977968976996206,0,0,0,0.00198809751981847,0,0,0,0,0,0,0,0,5
"188",188,"Bradypus tridactylus",1914,-58.3,6.43333,1,"Bradypus tridactylus",0,0.984609882154714,0,0,0,0.0014194908376417,0,0.0049847181084672,0,0,0,0,0,0,5
"189",189,"Bradypus tridactylus",1890,-58.2,6.8,1,"Bradypus tridactylus",0.892198676556326,0.0567357880470969,0.0115420944417318,0.00669288147864792,0,0.0159465737053366,0,0,0,0,0,0,0,0,5
"190",190,"Aotus miconax",2009,-77.919421,-5.641537,0,"background species",0.0208458523606484,0,0,0,0,0,0.946516140118223,0,0,0,0.0142360687255859,0,0,0,2
"191",191,"Rhipidomys macconnelli",2004,-59.866921,5.065463,0,"background species",0,0,0,0,0,0,0.975418820994418,0,0,0,0,0,0,0,5
"192",192,"Sapajus libidinosus",2011,-56.629921,-13.543137,0,"background species",0.044934086160534,0,0,0,0,0.00666811501057943,0.868420894135202,0.0574792486685632,0,0,0,0.00815391598510742,0,0,3
"193",193,"Cebuella pygmaea",2020,-76.276021,-0.578537,0,"background species",0,0,0,0,0,0,0.971986641446457,0,0,0,0,0,0,0,2
"194",194,"Nasua nasua",2021,-53.824521,5.613263,0,"background species",0.594115365841855,0.358588306018458,0.00289969064079733,0,0.0209334692052287,0.0162781485773042,0,0,0,0,0,0,0,0,1
"195",195,"Cebus yuracus",2021,-76.151521,-0.072237,0,"background species",0,0,0,0,0,0,0.984875781978823,0,0,0,0,0,0,0,2
"196",196,"Sturnira tildae",2017,-74.674121,0.143563,0,"background species",0.0173918231034712,0.292489898037781,0,0.00446986199951172,0,0,0.00698923808149858,0.655448717920529,0,0,0,0,0,0,2
"197",197,"Tapirus pinchaque",2016,-76.641221,1.869963,0,"background species",0.0112614165075183,0,0,0,0,0,0.95599483638579,0,0,0,0,0,0,0,2
"198",198,"Lagothrix flavicauda",2011,-77.612321,-5.624937,0,"background species",0.108402778389116,0,0,0,0,0,0.872342278635209,0.00941801176444477,0,0,0,0,0,0,2
"199",199,"Chiropotes satanas",2019,-46.902321,-3.765737,0,"background species",0.181535548145967,0,0,0,0,0,0.797115159109319,0,0,0,0,0,0,0,1
"200",200,"Saimiri cassiquiarensis",2022,-70.300021,-3.798937,0,"background species",0.0650329948977438,0.231774133245295,0,0.0133809572143555,0,0,0.630647539146273,0.0398995749067827,0,0,0,0,0,0,2
"201",201,"Caluromys philander",1962,-55.418121,5.779263,0,"background species",0,0.909568514738911,0,0,0,0,0.0663711194120519,0.000687227666637944,0,0,0,0,0,0,5
"202",202,"Ctenomys steinbachi",1938,-63.668321,-17.452437,0,"background species",0.640572511256275,0,0,0,0.180366925730681,0,0.1648957058164,0,0,0,0,0,0,0,3
"203",203,"Chiropotes albinasus",2016,-58.638521,-8.961537,0,"background species",0,0,0,0,0,0,0.990515251260192,0,0,0,0,0,0,0,4
"204",204,"Proechimys longicaudatus",1964,-66.880421,-14.165637,0,"background species",0.134941069081679,0.0494940470367813,0.769050753697576,0,0,0,0.0173499395019531,0.00501435903368183,0,0,0,0,0,0,3
"205",205,"Sciurus igniventris",1931,-78.550221,-5.500437,0,"background species",0,0,0.0243622864202979,0.201057984330894,0,0,0.000889974365234375,0,0,0,0.754957594411204,0,0,0,2
"206",206,"Cormura brevirostris",1967,-65.768221,3.646163,0,"background species",0,0,0,0,0,0,0.91027569057859,0,0,0,0.09203619621223,0,0.0154038130250819,0,4
"207",207,"Saguinus midas",2019,-55.177421,5.414063,0,"background species",0.00623068951416016,0.0418346373291015,0.043614569519043,0.416927890409537,0,0.00178018341064453,0.475651436054543,0,0,0,0,0,0,0,5
"208",208,"Tremarctos ornatus",2021,-78.060521,-1.574537,0,"background species",0.518907382466634,0,0,0.0031277585144043,0,0,0.264515754287802,0.183522507396351,0,0,0,0,0,0,2
"209",209,"Didelphis pernigra",2022,-77.877921,-0.528737,0,"background species",0.348683685013465,0,0,0,0,0,0.623651255092921,0.0107444663114007,0,0,0,0,0,0,2
"210",210,"Thyroptera tricolor",2019,-55.185721,4.982463,0,"background species",0,0,0,0,0,0,0.990227350834384,0,0,0,0,0,0,0,5
"211",211,"Marmosa murina",1978,-65.353221,-16.946137,0,"background species",0.682277008213205,0,0.00342453271484375,0.126660354454979,0,0,0.157925679901069,0.0168371329752604,0,0,0,0,0,0,3
"212",212,"Cuniculus paca",2022,-52.679121,4.086063,0,"background species",0,0,0,0,0,0,0.979516331475472,0,0,0,0,0,0,0,1
"213",213,"Lagothrix lagothricha",2021,-76.035321,-0.653237,0,"background species",0.0107270209350586,0,0,0,0,0,0.854628487471668,0.126397206268343,0,0,0,0,0,0,2
"214",214,"Anoura caudifer",2016,-69.370421,-12.854237,0,"background species",0.051942052769016,0.745349104385481,0,0,0,0,0.121867363000836,0.0508150686635064,0,0,0,0,0,0,3
"215",215,"Micronycteris megalotis",2013,-76.715921,-5.857337,0,"background species",0.0638491729787463,0,0,0.00711542041015625,0,0,0.907411242307133,0.00451457361900978,0,0,0,0,0,0,2
"216",216,"Saimiri cassiquiarensis",2021,-75.603721,1.637563,0,"background species",0.620276592429465,0,0,0.0207766501159668,0.116008246004971,0,0.210368106413109,0.00714895492553711,0,0,0,0,0,0,2
"217",217,"Saimiri cassiquiarensis",2021,-76.906821,0.118663,0,"background species",0.539758689668613,0,0,0,0,0,0.305754131538509,0.123049283664207,0,0,0,0,0,0,2
"218",218,"Proechimys oconnelli",2016,-73.786021,2.309863,0,"background species",0.00148177155546301,0,0.00824958753159467,0,0,0,0.96268031728039,0,0,0,0.0266069422431171,0,0,0,2
"219",219,"Saccopteryx bilineata",2021,-66.100221,-11.028237,0,"background species",0.0910393932459649,0.817571405864449,0.00389894711267808,0,0,0,0.0729014190309358,0.00307204706033944,0,0,0,0,0,0,3
"220",220,"Pteronura brasiliensis",2019,-52.521421,3.944963,0,"background species",0,0,0,0,0,0,0.971293644653322,0,0,0,0,0,0,0,1
"221",221,"Thomasomys daphne",1984,-72.350121,-13.111537,0,"background species",0.00472966821289062,0,0.15517037716084,0,0,0,0.803432696623896,0,0,0,0.0150494109441584,0,0,0,3
"222",222,"Saimiri boliviensis",2018,-70.681821,-12.464137,0,"background species",0,0.964901281519301,0,0,0,0,0.0130269085145022,0,0,0,0,0,0,0,3
"223",223,"Tapirus terrestris",2022,-52.264121,-13.119837,0,"background species",0.584638725686487,0,0,0,0,0,0.373030413734324,0,0,0,0,0.0736971443553251,0,0,4
"224",224,"Ateles belzebuth",2022,-77.687021,-1.059937,0,"background species",0.0819328678760549,0,0,0,0,0,0.899270961495736,0,0,0,0,0,0,0,2
"225",225,"Coendou prehensilis",2016,-66.465421,-11.385137,0,"background species",0,0.391954056207787,0.0270645544208166,0.0502909260466665,0,0.00972810568612655,0.116140714608748,0.390030493249011,0,0,0,0,0,0,3
"226",226,"Marmosops noctivagus",1993,-65.585621,-17.012537,0,"background species",0.155309605217788,0,0,0,0,0,0.835670820077174,0,0,0,0,0,0,0,3
"227",227,"Saimiri boliviensis",2021,-65.419621,-14.173937,0,"background species",0.0399032047729492,0.258828909094717,0.53398002108598,0,0,0.0374039428269657,0.0875571726179534,0.0470607538172975,0,0,0,0,0,0,3
"228",228,"Pithecia milleri",2008,-75.636921,1.936363,0,"background species",0,0,0,0,0,0,0.990061474555037,0,0,0,0,0,0,0,2
"229",229,"Saimiri collinsi",2014,-54.729221,-2.396237,0,"background species",0.0164127997207642,0,0.139097242276975,0,0,0.427924096435981,0.0502873789171733,0.349475845801825,0,0,0,0,0,0,4
"230",230,"Tapirus pinchaque",1969,-76.699321,1.878263,0,"background species",0.870472293471069,0,0,0,0,0,0.0526053019485474,0,0,0,0.0608301754587755,0,0,0,2
"231",231,"Mazama nemorivaga",2015,-52.147921,4.044563,0,"background species",0,0,0,0,0,0,0.98225482479822,0,0,0,0,0,0,0,1
"232",232,"Dasyprocta leporina",2020,-55.210621,5.820763,0,"background species",0.426206413782108,0.0139986542603192,0.00331205992144416,0.166017266577061,0.36227496180755,0.00884572022898737,0,0,0,0,0,0,0,0,5
"233",233,"Tamandua tetradactyla",2019,-71.121721,-12.057437,0,"background species",0,0,0,0,0,0,0.985011467389752,0,0,0,0,0,0,0,3
"234",234,"Sturnira lilium",2017,-76.309221,0.550263,0,"background species",0.0617388768940481,0,0,0.000771238511029412,0,0,0.917989269783248,0,0,0,0,0,0,0,2
"235",235,"Proechimys simonsi",2020,-78.517021,-3.782337,0,"background species",0,0,0,0,0,0,0.975428060586608,0,0,0,0,0,0,0,2
"236",236,"Myoprocta acouchy",2017,-55.218921,4.916063,0,"background species",0,0,0,0,0,0,0.976022896470013,0,0,0,0,0,0,0,5
"237",237,"Leontocebus weddelli",1951,-68.980321,-13.983037,0,"background species",0.360588309869983,0,0.00173634558105469,0.0196943989956942,0,0,0.565780220200485,0.0134441982684294,0,0,0.0222338618728067,0,0,0,3
"238",238,"Hydrochoerus hydrochaeris",2022,-66.971721,-14.090937,0,"background species",0.625231107241723,0,0.2014388655414,0,0,0.144800123878802,0.00788878497869318,0,0,0,0,0,0,0,3
"239",239,"Plecturocebus moloch",2019,-49.674521,-3.832137,0,"background species",0.0140736840280679,0,0,0,0.872735613268778,0,0.0812632635209736,0,0,0,0,0,0,0,1
"240",240,"Dasyprocta variegata",2017,-69.138021,-12.812737,0,"background species",0,0,0,0,0,0,0.977805733390777,0,0,0,0,0,0,0,3
"241",241,"Artibeus amplus",1967,-65.676921,3.621263,0,"background species",0,0,0,0,0,0,0.960727497594099,0,0,0,0.015985873859872,0,0,0,4
"242",242,"Didelphis pernigra",2021,-77.960921,-0.437437,0,"background species",0.231558760910997,0,0.00469323704528809,0.00804554986572266,0,0,0.69145147248833,0.057991046878982,0,0,0,0,0,0,2
"243",243,"Pteronura brasiliensis",2019,-76.591421,-0.420837,0,"background species",0,0,0,0.0192265355256025,0,0.110934476799786,0.339398794550333,0.499942040884633,0,0,0,0,0,0,2
"244",244,"Sciurus igniventris",2019,-67.942821,3.878563,0,"background species",0.0238904457044175,0.827146822372702,0,0,0,0,0.126552950977912,0.0257055646515709,0,0,0,0,0,0,4
"245",245,"Saguinus inustus",2012,-70.100821,1.272363,0,"background species",0.0689668058309789,0,0,0,0,0,0.903410220011504,0,0,0,0.00297920227050781,0,0,0,2
"246",246,"Lagothrix flavicauda",2007,-77.745121,-5.666437,0,"background species",0.103641264592886,0,0,0,0,0,0.886679581629157,0,0,0,0,0,0,0,2
"247",247,"Ateles belzebuth",2012,-75.686721,-1.192737,0,"background species",0,0,0,0,0,0,0.976007896176571,0,0,0,0,0,0,0,2
"248",248,"Micronycteris minuta",1970,-59.534921,2.865963,0,"background species",0,0,0.887535525482737,0,0,0.055365330568691,0.0240220266500164,0,0,0,0,0,0,0,5
"249",249,"Marmosa murina",1990,-68.772821,-13.576337,0,"background species",0,0.0482366339446205,0.036344794800588,0.13973401871092,0,0,0.641448770694114,0.118255750924318,0,0,0,0,0,0,3
"250",250,"Nephelomys keaysi",1941,-65.486021,-17.103837,0,"background species",0.0934835740309772,0,0,0,0,0,0.894731250875377,0,0,0,0,0,0,0,3
"251",251,"Plecturocebus donacophilus",2014,-63.228421,-17.792737,0,"background species",0.161251809235261,0,0.0178975977478027,0.11992585791973,0.353748348648849,0,0.22351653148709,0.118274809481752,0,0,0,0,0,0,3
"252",252,"Akodon dayi",1991,-63.029221,-17.585237,0,"background species",0.489725076600536,0,0,0,0,0,0.488038834075112,0,0,0,0,0,0,0,3
"253",253,"Saimiri sciureus",2021,-51.965321,4.484463,0,"background species",0,0.625609036390358,0,0,0,0,0.352288572370462,0,0,0,0,0,0,0,1
"254",254,"Pithecia pithecia",2010,-52.313921,3.720863,0,"background species",0.00313122513475605,0,0.00134695139208027,0.00347233613975375,0,0,0.980038908464262,0,0,0,0,0,0,0,1
"255",255,"Leontocebus fuscicollis",2000,-68.349521,-13.750637,0,"background species",0.401143125697869,0,0,0.00932045816668342,0,0,0.565696864346046,0.00490730577695759,0,0,0,0,0,0,3
"256",256,"Oligoryzomys flavescens",1993,-65.535821,-17.037437,0,"background species",0.016918505684821,0,0,0.00827192264811198,0,0,0.963001660471408,0,0,0,0.0112193830634223,0,0,0,3
"257",257,"Alouatta seniculus",2021,-73.819221,2.251763,0,"background species",0,0,0.149416130881918,0,0,0,0.0258605338804085,0,0,0,0.793137588729602,0,0,0,2
"258",258,"Lagothrix lagothricha",2017,-71.503521,-13.136437,0,"background species",0,0,0,0,0,0,0.978807400430355,0,0,0,0,0,0,0,3
"259",259,"Plecturocebus discolor",2013,-76.940021,0.176763,0,"background species",0.114371240194033,0,0,0.00536382568359375,0,0,0.86964119140801,0,0,0,0,0,0,0,2
"260",260,"Cebuella pygmaea",2019,-75.769721,-0.263137,0,"background species",0,0,0,0,0,0,0.965083496520278,0,0,0,0,0,0,0,2
"261",261,"Nasuella olivacea",2014,-78.932021,-4.114337,0,"background species",0.47008587714722,0,0,0,0,0,0.520139482016193,0,0,0,0,0,0,0,2
"262",262,"Speothos venaticus",2019,-76.259421,-0.512137,0,"background species",0,0.0128040277949793,0,0,0,0,0.972886855860287,0,0,0,0,0,0,0,2
"263",263,"Cebus yuracus",2022,-77.736821,-1.101437,0,"background species",0.353642371992587,0,0,0,0,0,0.636549644150134,0,0,0,0,0,0,0,2
"264",264,"Lagothrix lagothricha",2018,-76.367321,-0.487237,0,"background species",0.00476770110066732,0.0323690280315433,0,0,0,0,0.948235148462043,0,0,0,0,0,0,0,2
"265",265,"Rhynchonycteris naso",2021,-58.771321,4.501063,0,"background species",0,0,0,0,0,0,0.978298940240356,0,0,0,0,0,0,0,5
"266",266,"Ateles belzebuth",2019,-77.446321,-1.035037,0,"background species",0.0536070927457813,0,0,0,0,0,0.912027104696968,0,0,0,0,0,0,0,2
"267",267,"Neacomys paracou",1991,-59.153121,7.563763,0,"background species",0,0.920085525634761,0,0,0,0,0.0452064373779297,0,0,0,0,0,0,0,5
"268",268,"Cebus yuracus",2021,-76.159821,-7.011037,0,"background species",0.915543493097484,0,0,0.00754347787475586,0,0,0.0438088791337447,0.00443737628173828,0,0,0,0,0,0,2
"269",269,"Saimiri sciureus",2018,-53.915821,5.687963,0,"background species",0,0.271515501898944,0,0,0,0.697400879022378,0,0,0,0.0130170364223505,0,0,0,0,1
"270",270,"Myotis albescens",1992,-57.327121,5.322763,0,"background species",0,0.389774309839608,0,0,0,0.00534134655761719,0.207955455175782,0.375222739719962,0,0,0,0,0,0,5
"271",271,"Galea musteloides",1986,-62.348621,-19.452737,0,"background species",NA,NA,NA,NA,NA,NA,NA,NA,NA,NA,NA,NA,NA,NA,3
"272",272,"Pithecia milleri",2017,-75.894221,1.620963,0,"background species",0,0,0,0,0,0,0.97723181844028,0,0,0,0,0,0,0,2
"273",273,"Saimiri sciureus",2017,-55.028021,5.887163,0,"background species",0.0103491752374822,0.754206805258181,0,0,0,0.0533622373576934,0,0.147396105929288,0,0,0,0,0,0,5
"274",274,"Saimiri cassiquiarensis",2021,-76.815521,-0.346137,0,"background species",0.804075658397327,0,0,0.0187731449584961,0.0164976045421254,0,0.146121684365012,0,0,0,0,0,0,0,2
"275",275,"Myrmecophaga tridactyla",2021,-60.655421,2.782963,0,"background species",0.0328158207260132,0,0.913427682153839,0,0,0,0.00476237847900391,0.0400689480191318,0,0,0,0,0,0,5
"276",276,"Alouatta sara",2018,-71.354121,-12.563737,0,"background species",0,0,0,0,0,0,0.976139743538887,0,0,0,0,0,0,0,3
"277",277,"Isothrix bistriata",2015,-73.246521,-4.338437,0,"background species",0.122138658108385,0.686303519579952,0,0.00401167153930664,0,0.0829320837661325,0,0.0802601005628508,0,0,0,0,0,0,2
"278",278,"Neotomys ebriosus",1975,-71.096821,-14.472737,0,"background species",0,0,0.940367652968466,0.0378823791503906,0,0,0,0,0,0,0,0,0,0,3
"279",279,"Noctilio albiventris",2016,-74.582821,0.052263,0,"background species",0,0,0,0,0,0,0.981710422632092,0,0,0,0,0,0,0,2
"280",280,"Leontocebus fuscus",2019,-76.599721,0.624963,0,"background species",0.769195599476229,0,0,0.00962983874595493,0,0,0.0756781512511228,0.127563096135441,0,0,0,0,0,0,2
"281",281,"Thomasomys cinereiventer",1968,-76.940021,1.214263,0,"background species",0.709209814871035,0,0,0.0779013071315826,0.0282759637118253,0,0.134682565554761,0.0229094407308813,0,0,0,0,0,0,2
"282",282,"Microsciurus flaviventer",2019,-72.889621,-7.484137,0,"background species",0.0072211116502151,0,0,0,0,0,0.984599061117817,0,0,0,0,0,0,0,2
"283",283,"Ateles chamek",2014,-69.735621,-12.165337,0,"background species",0,0,0,0,0,0,0.967292837367395,0,0,0,0,0,0,0,3
"284",284,"Philander opossum",2012,-53.368021,3.181363,0,"background species",0,0,0,0,0,0,0.990172788113222,0,0,0,0,0,0,0,1
"285",285,"Priodontes maximus",2013,-72.557621,-4.587437,0,"background species",0,0.0845415970821062,0,0,0,0,0.815898108896778,0.078251852903054,0,0,0,0,0,0,2
"286",286,"Marmosa regina",1927,-74.831821,-7.749737,0,"background species",0.0106322835083008,0.860170006164545,0,0,0,0,0.0298027313010476,0.0720095074074485,0,0,0,0,0,0,2
"287",287,"Callimico goeldii",2017,-67.743621,-9.791537,0,"background species",0.852154609143698,0,0.00822076474526689,0,0,0,0.1147696396685,0.0151423332519531,0,0,0,0,0,0,3
"288",288,"Ateles paniscus",2012,-52.728921,3.098363,0,"background species",0,0,0,0,0,0,0.983590862235032,0,0,0,0,0,0,0,1
"289",289,"Tapirus terrestris",2021,-76.931721,0.126963,0,"background species",0.222941250738233,0,0,0,0,0,0.760635800766336,0,0,0,0,0,0,0,2
"290",290,"Lagothrix lagothricha",2016,-76.035321,-0.603437,0,"background species",0.0110846972412109,0.00171136920590324,0,0,0,0,0.978073517293379,0,0,0,0,0,0,0,2
"291",291,"Akodon spegazzinii",1901,-65.120821,-19.120737,0,"background species",0,0,0.765127274891245,0.198471364207875,0,0,0,0,0,0,0.0133804468994141,0,0,0,3
"292",292,"Choloepus didactylus",2018,-54.978221,-2.470937,0,"background species",0.073611310568678,0,0.0156461603379193,0,0,0.0461116131373333,0.435320779315871,0.392777508331308,0,0,0,0,0,0,4
"293",293,"Eremoryzomys polius",1967,-78.160121,-5.907137,0,"background species",0.381101940069614,0,0.244863367028678,0.0132514577087402,0,0,0.0789954613041026,0,0,0,0.247700993670752,0,0,0,2
"294",294,"Monodelphis adusta",1912,-76.964921,-6.048237,0,"background species",0.523868582622041,0,0,0,0.427445606879869,0,0.0386543442153904,0.00307188267606847,0,0,0,0,0,0,2
"295",295,"Lagothrix lagothricha",2019,-76.002121,-0.163537,0,"background species",0,0.334128012221242,0,0,0,0,0.645240565884852,0,0,0,0,0,0,0,2
"296",296,"Alouatta sara",2017,-63.660021,-17.510537,0,"background species",0.201213594959606,0,0,0,0,0,0.756507625133168,0,0,0,0,0,0,0,3
"297",297,"Akodon mimus",1984,-64.664321,-17.850837,0,"background species",0,0,0,0,0,0,0.753520746148991,0,0,0,0.222012140677462,0,0,0,3
"298",298,"Pithecia monachus",1979,-77.720221,-3.915137,0,"background species",0.302936607432973,0.0347047498834783,0,0,0,0,0.632550992847789,0.00624362689208984,0,0,0,0,0,0,2
"299",299,"Cebuella pygmaea",2019,-76.159821,-0.669837,0,"background species",0,0,0,0,0,0,0.973127042270796,0,0,0,0,0,0,0,2
"300",300,"Plecturocebus discolor",2013,-75.495821,-2.778037,0,"background species",0,0.133537132346413,0,0,0,0,0.838888131935817,0,0,0,0,0,0,0,2
"301",301,"Atelocynus microtis",2018,-69.652621,-13.194537,0,"background species",0,0,0,0,0,0,0.965403287754676,0,0,0,0,0,0,0,3
"302",302,"Tapirus terrestris",2021,-76.931721,-0.545337,0,"background species",0.410316525623668,0,0,0.00715148986816406,0,0,0.561141032792915,0,0,0,0,0,0,0,2
"303",303,"Rhinophylla fischerae",1971,-74.367021,-9.368237,0,"background species",0.0164519881795513,0.782648452431249,0,0.00181891813039343,0,0.0785880744236367,0,0.319773610690187,0,0,0,0,0,0,2
"304",304,"Pithecia monachus",2008,-72.233921,-3.574837,0,"background species",0.497479789410085,0.201064372563011,0,0,0,0,0,0.280957541122224,0,0,0,0,0,0,2
"305",305,"Saguinus bicolor",2021,-59.916721,-2.819537,0,"background species",0.0554207841349284,0,0,0,0,0,0.928364723305335,0,0,0,0,0,0,0,4
"306",306,"Mazama americana",2020,-51.898921,3.853663,0,"background species",0,0,0,0,0,0,0.969664846622245,0,0,0,0,0,0,0,1
"307",307,"Ateles chamek",2018,-69.785421,-13.153037,0,"background species",0,0,0,0,0,0,0.971879340888293,0,0,0,0,0,0,0,3
"308",308,"Chiropotes albinasus",2020,-55.824821,-9.584037,0,"background species",0,0,0,0,0,0,0.971490625662051,0,0,0,0,0,0,0,4
"309",309,"Mimon bennettii",1970,-70.432821,-3.815537,0,"background species",0.0856700297341739,0.851997602003063,0,0.00733711236877441,0,0,0.0306539349809126,0.0101305438016286,0,0,0,0,0,0,2
"310",310,"Cheracebus lugens",2020,-67.868121,3.886863,0,"background species",0.00901304080786612,0.950309403587305,0.095983755988626,0,0,0.00445984753417969,0,0,0,0,0,0,0,0,4
"311",311,"Nectomys rattus",1972,-55.501121,-4.330137,0,"background species",0,0,0,0,0,0,0.965642439654178,0,0,0,0,0,0,0,4
"312",312,"Rhinophylla fischerae",1964,-76.002121,-1.997837,0,"background species",0,0,0,0,0,0,0.966838374334119,0,0,0,0,0,0,0,2
"313",313,"Choloepus didactylus",2020,-73.644921,-4.562537,0,"background species",0.263508215011385,0.014502470003995,0,0,0,0,0.260060181408235,0.443883211561362,0,0,0,0,0,0,2
"314",314,"Lampronycteris brachyotis",1987,-53.127321,5.480463,0,"background species",0,0.71603906303733,0,0,0,0.274122987906444,0,0,0,0,0,0,0,0,1
"315",315,"Dermanura gnoma",1980,-75.213621,-10.779237,0,"background species",0.180781284779225,0,0,0,0,0,0.802465213298765,0,0,0,0,0,0,0,3
"316",316,"Mazama nemorivaga",2017,-51.874021,3.870263,0,"background species",0,0,0,0,0,0,0.9657250322481,0,0,0,0,0,0,0,1
"317",317,"Platyrrhinus umbratus",1971,-74.466621,-9.285237,0,"background species",0.0979103362135616,0.411869168183579,0,0,0,0.040379731359983,0.427713877826286,0,0,0,0,0,0,0,2
"318",318,"Cebus olivaceus",2010,-53.558921,3.538263,0,"background species",0,0,0,0,0,0,0.969884955865359,0,0,0,0,0,0,0,1
"319",319,"Platyrrhinus fusciventris",1985,-66.158321,0.832463,0,"background species",0,0.0188556596363741,0.00446942010498047,0,0,0,0.980313288025336,0,0,0,0,0,0,0,4
"320",320,"Panthera onca",2020,-76.765721,0.873963,0,"background species",0.00124441400505515,0,0,0,0,0,0.981737658829451,0,0,0,0,0,0,0,2
"321",321,"Saccopteryx canescens",1992,-57.302221,5.165063,0,"background species",0.00267133557128906,0.125149445910645,0,0.000890444702148437,0,0.00787887650390625,0.40837107639678,0.427092759964637,0,0,0,0,0,0,5
"322",322,"Phyllotis haggardi",2020,-78.840721,-1.524737,0,"background species",0.215914560806748,0,0.279659197511529,0.45661427123462,0,0.0148425281673656,0.00178733093261719,0,0,0,0,0,0,0,2
"323",323,"Cebus olivaceus",2011,-54.081821,3.181363,0,"background species",0,0,0,0,0,0,0.982111076732679,0,0,0,0,0,0,0,1
"324",324,"Alouatta seniculus",2022,-73.794321,2.193663,0,"background species",0.500645796035173,0.0568095891987792,0.00969993598510959,0,0,0,0.297258358399438,0.086763678771211,0,0,0.0259726474220317,0,0,0,2
"325",325,"Proechimys cuvieri",2002,-55.177421,4.932663,0,"background species",0,0,0,0,0,0,0.978674790620693,0,0,0,0,0,0,0,5
"326",326,"Philander opossum",2019,-71.387321,-12.787837,0,"background species",0.059765872273763,0,0,0.0598963448871035,0,0,0.512781095134508,0.348737243802636,0,0,0,0,0,0,3
"327",327,"Herpailurus yagouaroundi",2018,-72.549321,-3.417137,0,"background species",0.000626446830240885,0.00197446895170977,0,0,0,0,0.973383622332405,0,0,0,0,0,0,0,2
"328",328,"Ctenomys boliviensis",1988,-63.253321,-17.386037,0,"background species",0.712208918212888,0,0.00576542684936523,0,0,0,0.244054167058772,0,0,0,0,0,0,0,3
"329",329,"Caluromys lanatus",1937,-77.886221,-1.084837,0,"background species",0.788673405789463,0,0,0,0.011396192855835,0,0.0515164393920898,0.124891017611417,0,0,0,0,0,0,2
"330",330,"Plecturocebus cupreus",2010,-70.308321,-3.881937,0,"background species",0,0.971364828796384,0,0,0,0,0,0,0,0,0,0,0,0,2
"331",331,"Ateles belzebuth",2019,-76.159821,-0.412537,0,"background species",0,0.0129831929203353,0,0,0,0,0.95752320685706,0,0,0,0,0,0,0,2
"332",332,"Thyroptera tricolor",2018,-73.603421,-3.940037,0,"background species",0.000696042643707874,0,0,0,0,0,0.982030294415407,0,0,0,0,0,0,0,2
"333",333,"Ateles belzebuth",2007,-63.469121,0.782663,0,"background species",0,0,0,0,0,0,0.982796012023686,0,0,0,0,0,0,0,4
"334",334,"Calomys lepidus",1975,-71.569921,-13.426937,0,"background species",0.0334623362038352,0,0.940730395017573,0.00081899609375,0,0,0,0,0,0,0,0,0,0,3
"335",335,"Tamandua tetradactyla",2019,-75.877621,1.471563,0,"background species",0.343911717771849,0,0,0,0,0,0.624341516904736,0,0,0,0,0,0,0,2
"336",336,"Atelocynus microtis",2018,-74.690721,0.185063,0,"background species",0.00387869283411363,0.680899257237012,0,0,0,0,0.0321909074678961,0.262590537534663,0,0,0,0,0,0,2
"337",337,"Sciurus ignitus",1915,-70.150621,-13.551437,0,"background species",0.00491357236597942,0,0,0,0,0,0.962365110248818,0,0,0,0,0,0,0,3
"338",338,"Vicugna vicugna",2018,-72.001521,-13.327337,0,"background species",0.20102102447229,0,0.774343134570334,0,0,0,0.00536815272013346,0,0,0,0,0,0,0,3
"339",339,"Leontocebus fuscicollis",2013,-75.122321,-3.276037,0,"background species",0.00446278338623047,0.852546296691765,0,0.000892556823730469,0,0.0113800623931885,0.00357022279866536,0.111569498185591,0,0,0,0,0,0,2
"340",340,"Plecturocebus moloch",2018,-54.853721,-2.412837,0,"background species",0,0,0,0,0,0,0,0.990212600545732,0,0,0,0,0,0,4
"341",341,"Hylaeamys yunganus",1991,-70.731621,-6.803537,0,"background species",0.00355139579772949,0,0.0622752122467639,0,0,0,0.625521106296259,0.276168751823351,0,0,0,0,0,0,2
"342",342,"Neacomys spinosus",2006,-76.483521,-0.686437,0,"background species",0,0,0,0,0,0,0.984923437260891,0,0,0,0,0,0,0,2
"343",343,"Dasyprocta leporina",2019,-55.152521,4.974163,0,"background species",0,0,0.00776180322265625,0,0,0.00771938655598958,0.667712658057621,0.294982166664817,0,0,0,0,0,0,5
"344",344,"Neotomys ebriosus",1922,-76.193021,-10.580037,0,"background species",0.00249383120548024,0,0.717464501925903,0.070663488563252,0.0125342145872065,0,0.0453978360040838,0,0,0,0.121829988220541,0,0,0,3
"345",345,"Saimiri cassiquiarensis",2019,-76.193021,-0.063937,0,"background species",0,0.0305739303527832,0,0,0,0,0.944124091420667,0,0,0,0,0,0,0,2
"346",346,"Dasyprocta fuliginosa",2021,-76.973221,-0.520437,0,"background species",0.483528017114149,0,0,0,0,0,0.500131090649764,0,0,0,0,0,0,0,2
"347",347,"Plecturocebus toppini",2020,-68.316321,-10.339337,0,"background species",0.21345597279575,0,0,0,0,0,0.765638402798808,0,0,0,0,0,0,0,3
"348",348,"Akodon dayi",1984,-63.319721,-17.236637,0,"background species",0.62919337537387,0,0,0,0,0,0.352854562145888,0.00906858972383387,0,0,0,0,0,0,3
"349",349,"Transandinomys talamancae",2016,-73.794321,2.251763,0,"background species",0.00308913859275777,0,0.241246285727326,0,0,0,0.256616268981346,0,0,0,0.4648036694384,0,0,0,2
"350",350,"Lagothrix lagothricha",2018,-76.400521,-0.570237,0,"background species",0,0,0,0,0,0,0.98494475897073,0,0,0,0,0,0,0,2
"351",351,"Akodon subfuscus",1953,-73.902221,-13.402037,0,"background species",0.0496051414295543,0,0.844431447361624,0.0681748691252411,0,0,0.0146492424926758,0,0,0,0,0,0,0,3
"352",352,"Leontocebus fuscicollis",2017,-71.254521,-12.679937,0,"background species",0.0445934199576692,0.0418706208859911,0,0.0907569689477713,0,0,0.590273190832389,0.233690045804807,0,0,0,0,0,0,3
"353",353,"Vampyriscus brocki",1966,-59.202921,2.666763,0,"background species",0,0,0.70872209850202,0,0,0.0386439619029652,0.221795137065051,0,0,0,0,0,0,0,5
"354",354,"Panthera onca",2021,-76.699321,1.122963,0,"background species",0.413631029411983,0,0,0,0,0,0.567430108070306,0,0,0,0,0,0,0,2
"355",355,"Saguinus midas",2019,-52.936421,5.106963,0,"background species",0,0,0,0,0,0,0.981186155421356,0,0,0,0,0,0,0,1
"356",356,"Atelocynus microtis",2018,-69.719021,-13.070037,0,"background species",0,0,0,0,0,0,0.97389056824544,0,0,0,0,0,0,0,3
"357",357,"Calomys callosus",1991,-63.137121,-17.236637,0,"background species",0.973699730052943,0,0,0,0,0,0.0592749630170037,0.108828415661621,0,0,0,0,0,0,3
"358",358,"Desmodus rotundus",2019,-65.245321,-19.046037,0,"background species",0,0,0,0,0.272533741810192,0,0,0,0,0,0.000800062633167614,0,0,0,3
"359",359,"Ateles paniscus",2012,-53.583821,3.231163,0,"background species",0,0,0,0,0,0,0.96683801986874,0,0,0,0,0,0,0,1
"360",360,"Phyllostomus hastatus",2022,-69.478321,-12.870837,0,"background species",0,0.887536133814694,0,0,0,0,0.093329018524986,0,0,0,0,0,0,0,3
"361",361,"Dasypus kappleri",2020,-76.691021,1.064863,0,"background species",0.443255771134811,0,0,0,0,0,0.530119423445268,0,0,0,0,0,0,0,2
"362",362,"Monodelphis glirina",1972,-55.667121,-4.330137,0,"background species",0.206016011396928,0,0,0,0,0,0.758472733586217,0,0,0,0,0,0,0,4
"363",363,"Makalata didelphoides",1936,-55.135921,-2.836137,0,"background species",0,0,0,0,0,0,0,0.990127889797555,0,0,0,0,0,0,4
"364",364,"Mazama nemorivaga",2017,-52.106421,4.318463,0,"background species",0,0.0730334661221373,0,0,0,0,0.897353569698076,0,0,0,0,0,0,0,1
"365",365,"Proechimys guyannensis",2007,-58.231821,3.505063,0,"background species",0,0,0,0,0,0,0.781050614063545,0.194908032768133,0,0,0,0,0,0,5
"366",366,"Pithecia monachus",2013,-73.952021,-2.587137,0,"background species",0,0.0112561116001394,0,0,0,0,0.951905557354355,0.0269299427472609,0,0,0,0,0,0,2
"367",367,"Saimiri boliviensis",2020,-69.179521,-12.572037,0,"background species",0.513959631335646,0.326972522796729,0,0.0114017226552708,0.0848484495738636,0,0.00232823341878255,0.0229190526275635,0,0,0,0,0,0.0254011728690832,3
"368",368,"Microryzomys minutus",1994,-65.303421,-17.576937,0,"background species",0.0160447909085687,0,0.177711840254568,0,0,0,0.191208966998258,0,0,0,0.583676666527732,0,0,0,3
"369",369,"Pteronotus rubiginosus",1986,-52.363721,-3.649537,0,"background species",0.0526843654764267,0,0,0,0,0,0.930363699466416,0,0,0,0,0,0,0,1
"370",370,"Saguinus mystax",2019,-73.661521,-7.450937,0,"background species",0.250960000345191,0,0.0507061426473852,0,0,0,0.646746684404682,0.0271716696732955,0,0,0,0,0,0,2
"371",371,"Euryoryzomys macconnelli",1982,-51.998521,0.998463,0,"background species",0,0,0,0,0,0,0.980136237121539,0.00400652455911075,0,0,0,0,0,0,1
"372",372,"Sturnira oporaphilum",1992,-67.735321,-16.149337,0,"background species",0.249280426846591,0,0,0,0,0,0.707129560741075,0,0,0,0.0126481668613979,0,0,0,3
"373",373,"Platyrrhinus masu",2020,-75.354721,-10.546837,0,"background species",0,0,0,0,0,0,0.979254446366615,0,0,0,0,0,0,0,3
"374",374,"Pithecia irrorata",2022,-64.174621,-11.916337,0,"background species",0.011377783706665,0,0.0241082346246893,0,0,0,0.840677649685951,0.0800424332996715,0,0,0,0,0,0,3
"375",375,"Lophostoma silvicolum",2016,-70.217021,3.803863,0,"background species",0,0.0101100181884766,0,0,0,0,0.958908868627559,0,0,0,0,0,0,0,2
"376",376,"Galea musteloides",1990,-62.215821,-18.747237,0,"background species",0,0,0,0,0,0,0.968143421493228,0,0,0,0,0,0,0,3
"377",377,"Akodon toba",1984,-62.448221,-17.386037,0,"background species",0.635375076816583,0,0,0,0,0,0.344539328094232,0,0,0,0,0,0,0,3
"378",378,"Cebus aequatorialis",2017,-76.002121,-0.528737,0,"background species",0.0654509070049429,0,0,0,0,0,0.913880971043223,0,0,0,0,0,0,0,2
"379",379,"Saimiri cassiquiarensis",2022,-64.622821,-2.479237,0,"background species",0,0,0,0,0,0,0.971958440999829,0,0,0,0,0,0,0,4
"380",380,"Saimiri cassiquiarensis",2021,-76.317521,-0.146937,0,"background species",0.271214597667458,0,0,0.00536383331298828,0.0152787995938388,0,0.683265648222956,0,0,0,0,0,0,0,2
"381",381,"Ateles chamek",2022,-54.928421,-12.347937,0,"background species",0.403846725740648,0,0,0,0,0,0.584691086897939,0,0,0,0,0,0,0,4
"382",382,"Phylloderma stenops",1985,-68.200121,3.239463,0,"background species",0.0365148047263405,0.167614580905135,0.00267776483154297,0.0337558786898526,0,0.00459042862374442,0.17625769466705,0.551136346735067,0,0,0,0,0,0,4
"383",383,"Pithecia pithecia",1966,-62.249021,6.999363,0,"background species",0,0,0.0147915691731771,0,0,0,0.973575260906947,0,0,0,0,0,0,0,5
"384",384,"Myotis keaysi",1972,-64.498321,-19.187137,0,"background species",0,0,0,0,0,0,0.598978084616029,0,0,0,0.37404000354315,0,0,0,3
"385",385,"Tapirus terrestris",2021,-77.413121,-1.142937,0,"background species",0.0179655921690698,0,0,0,0,0,0.975479223455733,0,0,0,0,0,0,0,2
"386",386,"Lycalopex vetulus",2021,-58.306521,-13.792137,0,"background species",0.0207734525756836,0,0.951307508361831,0,0,0,0,0,0,0,0,0,0,0,3
"387",387,"Graomys domorum",1901,-66.000621,-17.502237,0,"background species",0.218471211492039,0,0.71409487155679,0.0114850175281871,0,0,0.0291787155539773,0,0,0,0,0,0,0,3
"388",388,"Ateles paniscus",2017,-58.787921,4.691963,0,"background species",0,0,0,0,0,0,0.968402895544446,0,0,0,0,0,0,0,5
"389",389,"Bradypus variegatus",2022,-48.429521,-1.425137,0,"background species",0.0294091280395508,0,0.0352502310469847,0,0,0,0.857846145153725,0.0161679582131126,0,0.0515141498685514,0,0,0,0,1
"390",390,"Pteronura brasiliensis",2015,-69.038421,-12.779537,0,"background species",0,0,0,0,0,0,0.968560336028453,0,0,0,0,0,0,0,3
"391",391,"Bradypus variegatus",2022,-66.208121,-11.086337,0,"background species",0.107960166204279,0.850437760045561,0,0,0,0,0.0197885373868075,0.000688403176700368,0,0,0,0,0,0,3
"392",392,"Pteronura brasiliensis",2022,-54.994821,-12.289837,0,"background species",0,0,0,0,0,0,0.950787712584016,0,0,0,0,0,0,0,4
"393",393,"Alouatta sara",2016,-69.113121,-12.630137,0,"background species",0.616477120417598,0.0472434563851477,0,0.00261873867797852,0,0,0.313459512319136,0,0,0,0,0,0,0,3
"394",394,"Priodontes maximus",2022,-52.621021,4.202263,0,"background species",0.0263792476752786,0,0,0,0,0.0196159553833008,0.9609373681365,0,0,0,0,0,0,0,1
"395",395,"Heteromys australis",1951,-75.985521,1.629263,0,"background species",0,0,0,0,0,0,0.972230643236586,0,0,0,0,0,0,0,2
"396",396,"Cyclopes didactylus",1953,-58.364621,6.866563,0,"background species",0.961979397771666,0.0261881153564453,0,0,0,0,0,0,0,0,0,0,0,0,5
"397",397,"Dermanura anderseni",2017,-75.670121,1.836763,0,"background species",0.3687083259842,0,0,0,0,0,0.600759080418987,0,0,0,0,0,0,0,2
"398",398,"Plecturocebus toppini",2020,-69.378721,-12.165337,0,"background species",0,0.494446892055596,0,0,0,0,0.482687448032296,0,0,0,0,0,0,0,3
"399",399,"Saimiri cassiquiarensis",2022,-72.972621,-3.076837,0,"background species",0,0,0,0,0,0,0.977644789797791,0,0,0,0,0,0,0,2
"400",400,"Ateles belzebuth",2019,-76.027021,-0.711337,0,"background species",0,0,0,0,0,0,0.910048060618485,0.0624922973577326,0,0,0,0,0,0,2
"401",401,"Plecturocebus discolor",2019,-76.541621,0.525363,0,"background species",0.836392755852739,0,0,0,0,0,0.121482878838034,0.00683122243765493,0,0,0,0,0,0,2
"402",402,"Sturnira oporaphilum",1984,-63.535521,-18.448437,0,"background species",0,0,0,0,0,0,0.812758908913924,0,0,0,0.154406937201134,0,0,0,3
"403",403,"Choloepus didactylus",2019,-52.654221,5.189963,0,"background species",0.0150224115569035,0.0494999210225532,0,0.0144106957906327,0,0,0,0.893776808880237,0,0,0,0,0,0,1
"404",404,"Saimiri cassiquiarensis",2019,-76.201321,-0.022437,0,"background species",0,0.017334700644244,0,0,0,0,0.963226336854119,0,0,0,0,0,0,0,2
"405",405,"Molossops mattogrossensis",2021,-52.247521,-3.408837,0,"background species",0.00508864642693015,0,0.0210504246486725,0,0,0,0.00610294973314255,0.949725663026664,0,0,0,0,0,0,1
"406",406,"Thylamys venustus",1990,-64.813721,-19.170537,0,"background species",0.168412945153504,0,0,0.0252038164567754,0,0,0,0,0,0,0.797990924591226,0,0,0,3
"407",407,"Pteronura brasiliensis",2018,-71.221321,-11.924637,0,"background species",0,0,0,0,0,0,0.982161799454518,0,0,0,0,0,0,0,3
"408",408,"Cebus yuracus",2021,-77.960921,-0.644937,0,"background species",0.219200964226501,0,0,0,0,0,0.764093442729356,0,0,0,0,0,0,0,2
"409",409,"Alouatta seniculus",2021,-76.873621,0.093763,0,"background species",0.255489759107642,0,0,0,0.728834459598704,0,0.00489629924140155,0.00440676534639246,0,0,0,0,0,0,2
"410",410,"Aotus brumbacki",2012,-73.769421,3.737463,0,"background species",0.926511778353602,0.00865364255981445,0,0,0,0,0.0371448449707031,0,0,0,0,0,0,0,2
"411",411,"Artibeus obscurus",2011,-67.901321,-14.157337,0,"background species",0.048898751693731,0,0,0,0,0,0.93579167581278,0,0,0,0,0,0,0,3
"412",412,"Akodon dayi",1995,-60.912721,-13.592937,0,"background species",0.0227339637761026,0.545185774747026,0.0354162421977269,0,0,0.00676294528545305,0.260998400313749,0.102743792580257,0,0,0,0,0,0,3
"413",413,"Vicugna vicugna",2022,-78.865621,-1.516437,0,"background species",0,0,0,0.90899230618394,0,0,0,0,0,0,0,0,0,0,2
"414",414,"Cyclopes didactylus",2022,-52.654221,5.173363,0,"background species",0.131597872602744,0.0897712980245063,0,0.0497823052297229,0.581409234432204,0.0576062815915793,0,0.0547014083444742,0.00469499420166016,0,0,0,0,0,1
"415",415,"Tapirus pinchaque",2016,-76.641221,1.878263,0,"background species",0.265940063182484,0,0,0,0,0,0.695682461025561,0,0,0,0.0113922013244629,0,0,0,2
"416",416,"Ateles marginatus",2018,-55.492821,-11.941237,0,"background species",0.885941234216177,0,0.00341821190113741,0,0,0,0.0784707423539813,0,0,0,0,0,0,0,4
"417",417,"Oecomys bicolor",1988,-66.150021,-14.431237,0,"background species",0.0241298695406283,0.237750504073645,0.67881877228029,0,0,0,0.041385960453958,0,0,0,0,0,0,0,3
"418",418,"Akodon boliviensis",2022,-68.067321,-16.531137,0,"background species",0.00514781176757813,0,0.327203018864477,0.211290766540527,0.422059211475917,0,0,0,0,0,0,0,0,0,3
"419",419,"Leopardus tigrinus",2010,-52.737221,4.069463,0,"background species",0,0,0,0,0,0,0.969995665126421,0,0,0,0,0,0,0,1
"420",420,"Proechimys oconnelli",1987,-73.752821,3.123263,0,"background species",0.475882680622002,0.00133726936178768,0,0.00446341802978516,0.483297327076132,0,0.00426003760142063,0,0,0,0,0,0,0,2
"421",421,"Leontocebus nigricollis",2013,-70.291721,-3.774037,0,"background species",0.739373498738015,0,0,0,0,0,0.250893302275165,0,0,0,0,0,0,0,2
"422",422,"Sciurus spadiceus",1991,-70.814621,-6.786937,0,"background species",0,0,0.00332521142219095,0,0,0,0.811408438391727,0.164091195103283,0,0,0,0,0,0,2
"423",423,"Pygoderma bilabiatum",1972,-63.983721,-19.817937,0,"background species",0.472330569332762,0,0,0.00601671700613839,0.000986011153157552,0,0.463245061127091,0.00766530228881836,0,0,0.0202285630796273,0,0,0,3
"424",424,"Eumops delticus",1968,-75.703321,1.546263,0,"background species",0.91859947773327,0,0,0,0,0,0.0545943638805043,0,0,0,0,0,0,0,2
"425",425,"Lionycteris spurrelli",1997,-60.647121,6.053163,0,"background species",0,0,0.00484026116975999,0,0,0,0.934488765006905,0.0367084174505496,0,0,0,0,0,0,5
"426",426,"Lonchophylla robusta",1974,-78.492121,-5.326137,0,"background species",0.000890223999023438,0,0,0,0,0,0.966934737951553,0,0,0,0,0,0,0,2
"427",427,"Saguinus bicolor",2012,-60.041221,-3.018737,0,"background species",0.0478872483873228,0,0,0,0.839503935992006,0,0.0913027710346079,0,0,0,0,0,0,0,4
"428",428,"Lagothrix lagothricha",2019,-76.367321,-0.429137,0,"background species",0,0,0,0,0,0,0.971892615866033,0,0,0,0,0,0,0,2
"429",429,"Cebus yuracus",2019,-77.969221,-0.985237,0,"background species",0.00893846490478515,0,0,0,0,0,0.984037922584837,0,0,0,0,0,0,0,2
"430",430,"Pithecia hirsuta",2011,-70.009521,-4.047937,0,"background species",0.47466199758638,0,0,0.0138230300598145,0,0,0.486754609244857,0,0,0,0,0,0,0,2
"431",431,"Microsciurus flaviventer",2022,-77.471221,-6.911437,0,"background species",0.008521418359375,0,0,0.00443824047851562,0,0,0.973747389148671,0,0,0,0,0,0,0,2
"432",432,"Saguinus bicolor",2021,-60.132521,-2.861037,0,"background species",0.221094074997128,0,0,0,0,0,0.74840928543303,0,0.000892887817382812,0,0,0,0,0,4
"433",433,"Myotis albescens",1985,-66.216421,-14.514237,0,"background species",0,0.685579807257504,0.0510327062076344,0,0,0.213235308076529,0.0272678156708601,0,0,0,0,0,0,0,3
"434",434,"Marmosa demerarae",1990,-59.103321,3.920063,0,"background species",0,0,0.479689537480632,0,0,0.032082202865062,0.375115842940767,0.0938784056613861,0,0,0,0,0,0,5
"435",435,"Micronycteris hirsuta",1973,-58.190321,5.530263,0,"background species",0,0,0,0,0,0,0.990311638728122,0,0,0,0,0,0,0,5
"436",436,"Anoura peruana",1970,-73.379321,-12.381137,0,"background species",0,0,0,0,0,0,0.989097318212655,0,0,0,0,0,0,0,3
"437",437,"Anoura caudifer",2004,-75.678421,1.745463,0,"background species",0.327888274438041,0,0,0,0,0,0.647621853849956,0,0,0,0,0,0,0,2
"438",438,"Saimiri cassiquiarensis",2018,-73.769421,-4.645537,0,"background species",0,0.967057603866249,0,0,0,0,0.00178224151611328,0.0229789458590467,0,0,0,0,0,0,2
"439",439,"Akodon dayi",1941,-65.486021,-17.103837,0,"background species",0.0934835740309772,0,0,0,0,0,0.894731250875377,0,0,0,0,0,0,0,3
"440",440,"Blastocerus dichotomus",2016,-66.150021,-13.626137,0,"background species",0,0,0.0839267795007245,0,0,0.967983707876707,0,0,0,0,0,0,0,0,3
"441",441,"Vicugna vicugna",2019,-75.852721,-11.410037,0,"background species",0.0350711084960938,0,0.961096217399413,0,0,0,0,0,0,0,0,0,0,0,3
"442",442,"Pithecia pithecia",2018,-60.032921,-2.006137,0,"background species",0.0680027422811829,0,0,0,0,0,0.914041990194908,0,0,0,0,0,0,0,4
"443",443,"Pithecia chrysocephala",2018,-59.974821,-3.051937,0,"background species",0.0179359421386719,0,0,0,0.791049974581632,0,0.163209072659579,0,0,0,0,0,0,0,4
"444",444,"Coendou bicolor",2011,-69.536421,-12.829337,0,"background species",0.149740765376225,0,0,0.00303059453388289,0,0,0.832099536333715,0,0,0,0,0,0,0,3
"445",445,"Micronycteris minuta",1970,-59.518321,2.874263,0,"background species",0,0,0.513405789567426,0,0,0.0125995396050347,0.448632310968573,0,0,0,0,0,0,0,5
"446",446,"Caluromys lanatus",2018,-72.682121,-7.608637,0,"background species",0.110379603203073,0,0,0,0.620513225050549,0,0.259465432437346,0,0,0,0,0,0,0,2
"447",447,"Ctenomys boliviensis",1988,-63.186921,-17.419237,0,"background species",0.781822904682603,0,0,0,0,0,0.198028680493752,0,0,0,0,0,0,0,3
"448",448,"Leontocebus fuscicollis",2014,-74.126321,-9.766637,0,"background species",0,0.744410450570228,0,0.00555947299661075,0,0.0555481952679005,0.00987127104492187,0.21264840398269,0,0,0,0,0,0,3
"449",449,"Lagothrix lagothricha",2022,-73.545321,-4.487837,0,"background species",0.0605821210969269,0.00850058578000536,0,0.008795941556205,0,0,0,0.907121155740896,0,0,0,0,0,0,2
"450",450,"Dasyprocta variegata",2013,-69.353821,-12.862537,0,"background species",0,0.659322056846469,0,0,0,0,0.311184385695992,0,0,0,0,0,0,0,3
"451",451,"Choloepus didactylus",2019,-76.956621,-0.503837,0,"background species",0.540662466054052,0,0,0,0.267304747677356,0,0.170740887945981,0,0,0,0,0,0,0,2
"452",452,"Vicugna vicugna",2022,-75.927421,-11.252337,0,"background species",0.125052894073845,0,0.922423260950618,0,0,0,0,0,0,0,0,0,0,0,3
"453",453,"Cheracebus lucifer",2001,-69.652621,-1.035037,0,"background species",0,0,0,0,0,0,0.973384256286624,0,0,0,0,0,0,0,2
"454",454,"Leopardus tigrinus",2016,-75.661821,1.488163,0,"background species",0.718658911941455,0.0600566169013637,0,0.0707273476865173,0,0,0.0201341058821478,0.122297757519466,0,0,0,0,0,0,2
"455",455,"Alouatta macconnelli",2019,-55.567521,5.497063,0,"background species",0.00249191052246094,0.932853816389599,0,0,0,0.0289644327392578,0.00622985290527344,0,0,0,0,0,0,0,5
"456",456,"Marmosa murina",2017,-52.289021,4.891163,0,"background species",0.0632244437708237,0.311767414554111,0.00560332735499962,0.0629001921191537,0.28077996447199,0.16895611019855,0.0767816183031705,0,0,0,0,0,0,0,1
"457",457,"Pithecia milleri",2020,-76.325821,-0.030737,0,"background species",0.000893974914550781,0,0,0,0,0,0.982701229131493,0,0,0,0,0,0,0,2
"458",458,"Oreoryzomys balneator",1976,-78.890521,-5.102037,0,"background species",0.320088254013154,0,0.00267158386230469,0.020644035744407,0,0,0.645541517649932,0,0,0,0.00690649714016385,0,0,0,2
"459",459,"Saimiri vanzolinii",2013,-64.871821,-3.060237,0,"background species",0,0,0.00535639768676758,0,0,0,0.959202408031117,0.00811576110839844,0,0,0,0,0,0,4
"460",460,"Vampyressa pusilla",1978,-78.118621,-4.844737,0,"background species",0,0,0,0,0,0,0.9766653040793,0,0,0,0,0,0,0,2
"461",461,"Oecomys phaeotis",1986,-75.429421,-11.169337,0,"background species",0.0549622165971236,0,0,0.00307123246765137,0,0,0.920434759366711,0.00394869744873047,0,0,0,0,0,0,3
"462",462,"Leontocebus nigricollis",2019,-77.595721,-0.669837,0,"background species",0.641262603848544,0,0,0.011133316977761,0,0,0.321078171031605,0,0,0,0,0,0,0,2
"463",463,"Cebuella pygmaea",2006,-76.666121,-0.520437,0,"background species",0.0111742445678711,0,0,0,0,0,0.973553929287668,0,0,0,0,0,0,0,2
"464",464,"Cebus olivaceus",1966,-62.249021,6.999363,0,"background species",0,0,0.0147915691731771,0,0,0,0.973575260906947,0,0,0,0,0,0,0,5
"465",465,"Cheracebus lucifer",2022,-76.168121,-0.030737,0,"background species",0,0.00631251473216337,0,0,0,0.00605916330973307,0.962494846243989,0.0123879381016323,0,0,0,0,0,0,2
"466",466,"Saimiri boliviensis",2015,-69.494921,-12.082337,0,"background species",0,0.940255170685696,0,0,0,0,0.0319719983062907,0,0,0,0,0,0,0,3
"467",467,"Rhynchonycteris naso",2020,-55.434721,3.355663,0,"background species",0,0,0,0,0,0,0.804210485483233,0.162159881346677,0,0,0,0,0,0,5
"468",468,"Uroderma magnirostrum",2021,-75.603721,1.612663,0,"background species",0.0782281200036033,0,0,0.0109895394467343,0.887499676991659,0,0,0,0,0,0,0,0,0,2
"469",469,"Lagidium viscacia",2022,-68.100521,-16.564337,0,"background species",0.00514674420166016,0,0.207510962901722,0.23956469104004,0.514917532243209,0,0,0,0,0,0,0,0,0,3
"470",470,"Tapirus terrestris",2021,-77.537621,-1.217637,0,"background species",0,0,0,0,0,0,0.970098665530084,0,0,0,0.00610031051445347,0,0,0,2
"471",471,"Carollia benkeithi",1994,-68.100521,-14.306737,0,"background species",0,0,0.00485147929591759,0,0,0,0.969925251008043,0,0,0,0,0,0,0,3
"472",472,"Tremarctos ornatus",2022,-77.927721,-0.097137,0,"background species",0.00625781585693359,0,0.402857105418812,0.542723371765139,0,0,0,0,0,0,0.023974751825506,0,0,0,2
