"","row_code","scientificName","year","lon","lat","presence","X","farming","forest_formation","other_non_vegetated","flooded_forest","river_lake_ocean","urban","non_forested_natural","grassland","wetland","mining","savannah_formation","mangrove","not_observed","glacier","fold"
"1",1,"Marmosops noctivagus",2019,-76.645794,0.192555,1,1,0.127584980327249,0.843425310274522,0.00178793994140625,0,0,0,0,0,0,0,0,0,0,0,1
"2",2,"Marmosops noctivagus",2012,-73.8162,-1.5176,1,2,0,0.891545695564256,0,0.00401845040360993,0.0835921184811407,0,0,0,0,0,0,0,0,0,1
"3",3,"Marmosops noctivagus",2011,-77.69,-2.15,1,3,0.529031393566438,0.447651146116924,0.00160805697021484,0,0,0.0084869665145874,0,0,0,0,0,0,0,0,1
"4",4,"Marmosops noctivagus",2009,-72.9175,-2.7928,1,4,0,0.980691534689506,0,0,0,0,0,0,0,0,0,0,0,0,1
"5",5,"Marmosops noctivagus",2007,-77.52611,-5.75336,1,5,0.31742781663455,0.645227283786798,0.00444793811035156,0,0,0,0,0,0,0,0,0,0,0,1
"6",6,"Marmosops noctivagus",1995,-76.45,-0.65,1,6,0,0.960623289899367,0.0161112468210584,0,0,0,0,0,0,0,0,0,0,0,1
"7",7,"Marmosops noctivagus",2006,-76.449997,-0.66,1,7,0,0.940348456480741,0.0363841857182521,0,0,0,0,0,0,0,0,0,0,0,1
"8",8,"Marmosops noctivagus",2006,-76.432,-0.686,1,8,0,0.745066273342519,0.0917479356301047,0,0,0.134574425875577,0,0,0,0,0,0,0,0,1
"9",9,"Marmosops noctivagus",2005,-76.37499,-7.746722,1,9,0,0.977266481046394,0.00443018920898438,0,0,0,0,0,0,0,0,0,0,0,1
"10",10,"Marmosops noctivagus",2003,-67.873333,-16.194444,1,10,0,0.971490010046795,0,0,0,0,0.00486874666516672,0,0,0,0,0,0,0,3
"11",11,"Marmosops noctivagus",2003,-67.8675,-16.194444,1,11,0,0.986691087462525,0,0,0,0,0.00540235434953278,0,0,0,0,0,0,0,3
"12",12,"Marmosops noctivagus",2003,-67.503056,-16.360833,1,12,0,0.963446688110356,0,0,0,0,0,0,0,0,0,0,0,0,3
"13",13,"Marmosops noctivagus",2001,-71.546231,-13.054669,1,13,0.015076325592041,0.947246538286931,0.0072621806233724,0,0.0121125850763538,0,0.00639079561360677,0,0,0,0,0,0,0,3
"14",14,"Marmosops noctivagus",2001,-71.385467,-12.771717,1,14,0.0814815292289856,0.607445378390008,0.027043666379116,0,0.250473812222785,0,0,0,0,0,0,0,0,0,3
"15",15,"Marmosops noctivagus",2001,-71.49185,-13.023617,1,15,0.048031098869185,0.901112265975673,0.022865677888758,0,0.033275002587042,0,0,0,0,0,0,0,0,0,3
"16",16,"Marmosops noctivagus",1999,-71.56875,-13.100533,1,16,0.0228126484375,0.928337279491406,0,0,0.013069434753418,0,0.014028228137207,0,0,0,0,0,0,0,3
"17",17,"Marmosops noctivagus",1998,-73.3406,-11.7794,1,17,0,0.970961275848264,0,0,0,0,0,0,0,0,0,0,0,0,3
"18",18,"Marmosops noctivagus",1998,-73.3258,-11.7669,1,18,0.138850315858043,0.803281711447305,0.0218097351339004,0,0.0250642825067367,0,0,0,0,0,0,0,0,0,3
"19",19,"Marmosops noctivagus",1998,-73.513,-12.865,1,19,0.0681039339932528,0.909616503114444,0,0,0,0,0,0,0,0,0,0,0,0,3
"20",20,"Marmosops noctivagus",1994,-73.183333,-4.333333,1,20,0,0.965764263991393,0,0.0196127933959961,0,0,0,0,0,0,0,0,0,0,1
"21",21,"Marmosops noctivagus",1994,-73.183333,-4.316667,1,21,0,0.963353596308754,0,0.00599743843772195,0,0,0,0,0,0,0,0,0,0,1
"22",22,"Marmosops noctivagus",1993,-73.9588463,-4.67201,1,22,0,0,0,0.981453670502071,0,0,0,0,0,0,0,0,0,0,1
"23",23,"Marmosops noctivagus",1993,-76.1161755,-2.5815219,1,23,0.0094180356611772,0.974485719205838,0,0,0,0,0,0,0,0,0,0,0,0,1
"24",24,"Marmosops noctivagus",1993,-76.1161756,-2.5560502,1,24,0.0164007102827592,0.930782395158247,0.0159767652926975,0,0.012341171525435,0,0,0,0,0,0,0,0,0,1
"25",25,"Marmosops noctivagus",1993,-66.483333,-17.033333,1,25,0,0,0.271500214562096,0,0,0,0,0.706755539727358,0,0,0,0,0,0,3
"26",26,"Marmosops noctivagus",1991,-65.583333,-17.016667,1,26,0.133685556560465,0.866799398282507,0,0,0,0,0,0,0,0,0,0,0,0,3
"27",27,"Marmosops noctivagus",1993,-66,-17.033333,1,27,0.276788830048359,0.682328472783669,0,0,0,0,0,0,0,0,0,0,0,0,3
"28",28,"Marmosops noctivagus",1993,-65.984722,-17.041389,1,28,0.404129556600544,0.530124347025902,0.0156879299519857,0,0,0,0.0357458302869718,0,0,0,0,0,0,0,3
"29",29,"Marmosops noctivagus",1993,-66.013333,-17.066667,1,29,0.572118918479031,0.40665705343605,0,0,0.00513356872558594,0,0,0,0,0,0,0,0,0,3
"30",30,"Marmosops noctivagus",1993,-66,-17.06667,1,30,0.519657159096458,0.440319532676003,0,0,0,0,0,0,0,0,0,0,0,0,3
"31",31,"Marmosops noctivagus",1992,-72.783333,-8.666667,1,31,0,0.974041405017809,0,0,0,0,0,0,0,0,0,0,0,0,3
"32",32,"Marmosops noctivagus",1992,-72.816667,-8.366667,1,32,0.0372525601082923,0.939525431739587,0,0,0,0,0,0.00146409612821691,0,0,0,0,0,0,3
"33",33,"Marmosops noctivagus",1992,-69.295,-12.838,1,33,0.0654154186512341,0.0552039039279877,0.0187128699396307,0.616842692570901,0.210360462701971,0,0,0,0,0,0,0,0,0,3
"34",34,"Marmosops noctivagus",1992,-68.913,-12.955,1,34,0.0177531650168679,0.00301174552778764,0.00435909973144531,0.0101448098255504,0,0,0,0.188864943947532,0.75799620012873,0,0,0,0,0,3
"35",35,"Marmosops noctivagus",1992,-69.607,-13.142,1,35,0.0383090275218508,0.397524781331359,0.202373406981856,0.0134157419311523,0.328856854682561,0,0,0,0,0,0,0,0,0,3
"36",36,"Marmosops noctivagus",1992,-66.016667,-3.316667,1,36,0.0370664269347601,0.816021206392367,0,0,0.00654515067545573,0,0,0.0688614195310977,0.055417288252397,0,0,0,0,0,3
"37",37,"Marmosops noctivagus",1992,-66.733,-10.767,1,37,0.430261092732269,0.422101292305675,0,0.121682402711919,0.00615055662027995,0,0,0,0,0,0,0,0,0,3
"38",38,"Marmosops noctivagus",1992,-67.45,-16.083333,1,38,0,0.979683195116229,0,0,0,0,0,0,0,0,0,0,0,0,3
"39",39,"Marmosops noctivagus",1992,-67.433333,-16.083333,1,39,0.0138635008845202,0.965930971287038,0,0,0,0,0,0,0,0,0,0,0,0,3
"40",40,"Marmosops noctivagus",1992,-67.51667,-15.73333,1,40,0.544967388230964,0.434913019455048,0,0,0.00775194049072266,0.00631175463642793,0.00722392408814274,0,0,0,0,0,0,0,3
"41",41,"Marmosops noctivagus",1992,-67.75,-16.15,1,41,0.114548039285904,0.875806414658773,0,0,0,0,0.00472777526855469,0,0,0,0,0,0,0,3
"42",42,"Marmosops noctivagus",1991,-70.083333,-6.833333,1,42,0,0.978180685460714,0,0,0,0,0,0,0,0,0,0,0,0,3
"43",43,"Marmosops noctivagus",1991,-70.85,-6.75,1,43,0,0.978345672214637,0,0,0,0,0,0,0,0,0,0,0,0,3
"44",44,"Marmosops noctivagus",1990,-69.05449,-12.6,1,44,0.00640028664099999,0,0.0020489785321404,0.983649739184703,0,0,0,0,0.0040093388902552,0,0,0,0,0,3
"45",45,"Marmosops noctivagus",1990,-68.25,-13.88,1,45,0,0.983231899666834,0,0,0,0,0,0,0,0,0,0,0,0,3
"46",46,"Marmosops noctivagus",1990,-76.95,-1.1167,1,46,0.0559849778553356,0.917373924183237,0,0,0,0,0,0,0,0,0,0,0,0,1
"47",47,"Marmosops noctivagus",1987,-72.067086,-13.101683,1,47,0.0679622543945312,0.00319472955322266,0,0,0,0,0.0246102109039687,0.936098956534092,0,0,0,0,0,0,3
"48",48,"Marmosops noctivagus",1987,-72.050778,-13.114975,1,48,0.1976372958485,0.0202880505371094,0,0,0,0,0.0441775964934487,0.73010326552913,0,0,0,0,0,0,3
"49",49,"Marmosops noctivagus",1986,-76.43668,-0.25715,1,49,0.0896076028604272,0.876415872993584,0,0,0,0,0,0,0,0,0,0,0,0,1
"50",50,"Marmosops noctivagus",1986,-70.4444,-13.72481,1,50,0,0.522317882645432,0.0602859327056286,0,0.0180231085135666,0,0.453509265580523,0.00249481354836857,0,0,0,0,0,0,3
"51",51,"Marmosops noctivagus",1985,-69.22136,-14.20604,1,51,0.0387149445467862,0.907275170935099,0.00849990002441406,0,0,0,0.00346933483886719,0.0137197328602184,0,0,0,0,0,0,3
"52",52,"Marmosops noctivagus",1986,-67.566667,-11.416667,1,52,0,0.749371606711953,0,0.224542175305176,0,0,0,0,0,0,0,0,0,0,3
"53",53,"Marmosops noctivagus",1986,-68.233333,-12.133333,1,53,0,0.563373942760166,0,0.410527055620281,0.00467309732822683,0,0,0.0026236044921875,0,0,0,0,0,0,3
"54",54,"Marmosops noctivagus",1986,-68.24,-12.13,1,54,0,0.201250339738696,0,0.773039276353649,0,0,0,0.00524721673583984,0.0109516429531578,0,0,0,0,0,3
"55",55,"Marmosops noctivagus",1986,-70.56,-11.42,1,55,0,0.969515822307516,0,0,0,0,0,0,0,0,0,0,0,0,3
"56",56,"Marmosops noctivagus",1986,-67.58333,-15.63333,1,56,0.0294224782714844,0.959410047794589,0,0,0,0,0,0,0,0,0,0,0,0,3
"57",57,"Marmosops noctivagus",1985,-71.55445,-13.06368,1,57,0.00413924580383301,0.946991664206002,0.0122793226762251,0,0.00675619242954628,0,0.00435710125732422,0,0,0,0,0,0,0,3
"58",58,"Marmosops noctivagus",1985,-71.25,-12.9333,1,58,0,0.983478031745223,0,0,0,0,0,0,0,0,0,0,0,0,3
"59",59,"Marmosops noctivagus",1984,-69.07289,-12.6,1,59,0.0223108413396009,0.00131123532571232,0.00689779388097427,0.411498642517786,0.545504121519126,0,0,0,0,0,0,0,0,0,3
"60",60,"Marmosops noctivagus",1984,-68.81967,-12.46667,1,60,0,0.543510759947753,0,0.426317593539152,0,0,0,0,0,0,0,0,0,0,3
"61",61,"Marmosops noctivagus",1984,-71.2,-12.9,1,61,0,0.972621992138672,0,0,0,0,0,0,0,0,0,0,0,0,3
"62",62,"Marmosops noctivagus",1984,-72.706,-3.199,1,62,0,0.972062304565429,0,0,0,0,0,0,0,0,0,0,0,0,1
"63",63,"Marmosops noctivagus",1983,-76.32222,-0.053333,1,63,0.00571267306729984,0.986910120710003,0,0,0,0,0,0,0,0,0,0,0,0,1
"64",64,"Marmosops noctivagus",1979,-67.550003,-15.46667,1,64,0.0378369344574899,0.941192930686233,0,0,0,0,0.00603687127685547,0,0,0,0,0,0,0,3
"65",65,"Marmosops noctivagus",1979,-67.76667,-16.35,1,65,0.0221477910367752,0.965977502164756,0,0,0.00572489001464844,0,0,0,0,0,0,0,0,0,3
"66",66,"Marmosops noctivagus",1979,-65.8,-11.08333,1,66,0,0.971063506890701,0,0.00351089150390625,0,0,0,0,0,0,0,0,0,0,3
"67",67,"Marmosops noctivagus",1978,-67.5,-15.66667,1,67,0.0100807684387207,0.957555376115277,0,0,0,0,0,0,0,0,0,0,0,0,3
"68",68,"Marmosops noctivagus",1976,-68.68,-9.08,1,68,0.37808144523593,0.125884817546596,0,0,0,0.431497364807128,0,0.026082246026644,0,0,0,0,0,0,3
"69",69,"Marmosops noctivagus",1975,-56.75,-5.67,1,69,0.0127526154785156,0.946254861350319,0,0,0,0,0,0,0,0.0215757814559937,0,0,0,0,2
"70",70,"Marmosops noctivagus",1974,-54.7,-9.17,1,70,0.0055178475189209,0,0,0,0,0,0,0.751866229519923,0,0,0.205544649536133,0,0,0,2
"71",71,"Marmosops noctivagus",1972,-76.989,0.084,1,71,0.510791305042502,0.100601250413298,0.00804576633707682,0,0,0.350580331143532,0,0,0,0,0,0,0,0,1
"72",72,"Marmosops noctivagus",1971,-71.217,-10.133,1,72,0.0161673133655895,0.802027188947105,0.0322068347596412,0.00602473935654584,0.133523819649948,0,0,0,0.00251000483278761,0,0,0,0,0,3
"73",73,"Marmosops noctivagus",1968,-76.78842,0.055486,1,73,0.296136039878892,0.620046147944873,0.011847794165069,0,0.0505906826272186,0,0,0,0,0,0,0,0,0,1
"74",74,"Marmosops noctivagus",1968,-77.483,-1.733,1,74,0.346338673533742,0.575898564644347,0.00625504241943359,0,0.026148479043813,0.0191881758393694,0,0,0,0,0,0,0,0,1
"75",75,"Marmosops noctivagus",1966,-76.633333,1.116667,1,75,0.617785156616212,0.324534171159224,0.000893811096191406,0,0.03095831870894,0,0,0,0,0,0,0,0,0,1
"76",76,"Marmosops noctivagus",1965,-76.61667,-0.4,1,76,0.06455302074536,0.297351727423695,0,0,0.586467793455378,0.0236392539573411,0,0,0,0,0,0,0,0,1
"77",77,"Marmosops noctivagus",1962,-71.133331,-12.2,1,77,0,0.987244730847403,0,0,0,0,0,0,0,0,0,0,0,0,3
"78",78,"Marmosops noctivagus",1957,-72.76667,-3.433333,1,78,0.742428674003028,0.00700865750644659,0.0194896171549479,0.121041263062133,0.0923632902287611,0,0,0,0.0309020209937002,0,0,0,0,0,1
"79",79,"Marmosops noctivagus",1956,-74.216667,-4.833333,1,79,0,0,0,0.975678737968174,0,0,0,0,0,0,0,0,0,0,1
"80",80,"Marmosops noctivagus",1953,-70.583336,-13.25,1,80,0,0.977183919045193,0.00174155590820313,0,0.0105442983975497,0,0,0,0,0,0,0,0,0,3
"81",81,"Marmosops noctivagus",1952,-74.683333,0.133333,1,81,0.191928129590018,0.0214464213663084,0.0164070276098314,0.627952870166039,0.12380423363122,0,0,0,0,0,0,0,0,0,1
"82",82,"Marmosops noctivagus",1952,-75.333333,0.466667,1,82,0.0381959030595259,0.000893946716308594,0,0.831451237476695,0.103697739834872,0,0,0,0,0,0,0,0,0,1
"83",83,"Marmosops noctivagus",1951,-70.633331,-13.266666,1,83,0.00621535268391492,0.984628682540075,0,0,0,0,0,0,0,0,0,0,0,0,3
"84",84,"Marmosops noctivagus",1949,-70.716667,-13.4,1,84,0.00957285853881836,0.947878384719838,0,0,0,0,0.013765932800293,0,0,0,0,0,0,0,3
"85",85,"Marmosops noctivagus",1946,-75.98333,-9.3,1,85,0.442734934628343,0.52965025902759,0,0,0,0,0,0,0,0,0,0,0,0,1
"86",86,"Marmosops noctivagus",1936,-77.817,-0.983,1,86,0.419434369940871,0.00217077400425502,0.0178517017480469,0,0,0.543775173372875,0,0,0,0,0,0,0,0,1
"87",87,"Sciurus spadiceus",2021,-67.668921,-9.750037,0,87,0.17119213958342,0.799831618051,0,0,0,0,0,0,0,0,0,0,0,0,3
"88",88,"Pithecia pithecia",2018,-60.032921,-2.006137,0,88,0.0680027422811829,0.914041990194908,0,0,0,0,0,0,0,0,0,0,0,0,2
"89",89,"Leontocebus nigricollis",2018,-76.309221,-0.495537,0,89,0,0.664404124937009,0,0.30216860201181,0,0,0,0,0,0,0,0,0,0,1
"90",90,"Ateles chamek",2021,-71.960021,-7.874237,0,90,0,0.964601899658205,0,0,0,0,0,0,0,0,0,0,0,0,3
"91",91,"Alouatta sara",2018,-69.627721,-13.136437,0,91,0,0.976327089024201,0,0,0,0,0,0,0,0,0,0,0,0,3
"92",92,"Saimiri sciureus",2018,-77.537621,-1.076537,0,92,0.479467002838168,0.39644745161753,0.00482663880615234,0,0.100468423961293,0,0,0,0,0,0,0,0,0,1
"93",93,"Rhynchonycteris naso",2019,-55.932721,-9.617237,0,93,0,0.893450309904117,0,0,0.0789224853344161,0,0,0,0,0,0,0,0,0,2
"94",94,"Holochilus sciureus",2021,-66.100221,-11.028237,0,94,0.0910393932459649,0.0729014190309358,0,0.817571405864449,0.00307204706033944,0,0,0.00389894711267808,0,0,0,0,0,0,3
"95",95,"Aotus nigriceps",2017,-71.379021,-12.762937,0,95,0.268901548596409,0.342031407945494,0.0291166803625423,0,0.322322147736238,0,0,0,0,0,0,0,0,0,3
"96",96,"Rhynchonycteris naso",2021,-76.276021,-0.437437,0,96,0.0125152947845459,0.626978052243023,0,0.338481892089843,0.0104023216719194,0,0,0,0,0,0,0,0,0,1
"97",97,"Bradypus tridactylus",2011,-60.771621,-2.819537,0,97,0.0274112454688849,0.462674798438021,0,0,0.457326841250126,0,0,0.0130589534225464,0.00901039063054865,0,0,0,0,0,2
"98",98,"Chiropotes chiropotes",2010,-52.413521,3.189663,0,98,0,0.965605573242668,0,0,0,0,0,0,0,0,0,0,0,0,2
"99",99,"Aotus nigriceps",2011,-70.607121,-12.505637,0,99,0.238590412260755,0.32794459612813,0.133424722250089,0.246902226556125,0.0361314987179136,0,0,0,0.00174664105224609,0,0,0,0,0,3
"100",100,"Sapajus apella",2018,-68.557021,-9.849637,0,100,0.289868910219962,0.689195165480864,0,0,0,0,0,0,0,0,0,0,0,0,3
"101",101,"Atelocynus microtis",2018,-69.719021,-13.094937,0,101,0,0.972862275679285,0,0,0,0,0,0,0,0,0,0,0,0,3
"102",102,"Lagothrix flavicauda",2007,-76.790621,-8.654437,0,102,0.225823522244018,0.0919105150654131,0.010145380244454,0,0.0102550636962891,0,0.64645105650872,0,0,0,0,0,0,0,1
"103",103,"Saimiri boliviensis",2022,-63.253321,-17.767837,0,103,0.398999400710706,0.556962984791823,0,0,0.00564707210540772,0.00941154306030273,0,0,0,0,0,0,0,0,3
"104",104,"Leontocebus nigricollis",2009,-70.217021,-3.807237,0,104,0,0.967753459000173,0,0,0,0,0,0,0,0,0,0,0,0,1
"105",105,"Leontocebus fuscicollis",2015,-73.304621,-3.790637,0,105,0.259038079594196,0,0.00693833421495226,0,0.0114919352740119,0.701434851530272,0,0,0,0,0,0,0,0,1
"106",106,"Mimon bennettii",1970,-70.432821,-3.815537,0,106,0.0856700297341739,0.0306539349809126,0.00733711236877441,0.851997602003063,0.0101305438016286,0,0,0,0,0,0,0,0,0,1
"107",107,"Proechimys brevicauda",1979,-77.753421,-4.023037,0,107,0.47255670097184,0.182053065921603,0.00854120442652484,0.0226798118914675,0.276305868143391,0.0248041352641985,0,0,0,0,0,0,0,0,1
"108",108,"Pithecia hirsuta",2009,-70.233621,-3.757437,0,108,0,0.970232074265664,0,0,0,0,0,0,0,0,0,0,0,0,1
"109",109,"Aotus miconax",2009,-77.794921,-5.907137,0,109,0.898085661709871,0,0.0307232716952237,0,0,0.028863697376598,0,0.0108339761518999,0,0,0,0,0,0,1
"110",110,"Cerdocyon thous",2022,-60.721821,-17.734637,0,110,0.312084118539587,0.588831933844268,0,0,0,0,0.0895563885223878,0,0,0,0,0,0,0,3
"111",111,"Lagothrix lagothricha",2019,-76.359021,-0.595137,0,111,0,0.973487717651365,0,0,0,0,0,0,0,0,0,0,0,0,1
"112",112,"Chiropotes albinasus",2021,-55.882921,-9.476137,0,112,0,0.978981583116475,0,0,0,0,0,0,0,0,0,0,0,0,2
"113",113,"Saccopteryx leptura",2016,-66.174921,-11.127837,0,113,0.0218302887954712,0.0250518451593572,0,0.673882549490304,0.264410439053949,0,0,0,0,0,0,0,0,0,3
"114",114,"Saimiri boliviensis",1938,-63.668321,-17.452437,0,114,0.640572511256275,0.1648957058164,0,0,0,0.180366925730681,0,0,0,0,0,0,0,0,3
"115",115,"Saguinus mystax",1936,-69.868421,-6.670737,0,115,0.258835174732557,0.127237275468306,0,0,0.299041588903962,0.17967695630764,0,0.0976233482621408,0,0,0,0,0,0,3
"116",116,"Cebus yuracus",2015,-77.695321,-1.059937,0,116,0.128461872441202,0.861631145976814,0,0,0,0,0,0,0,0,0,0,0,0,1
"117",117,"Euphractus sexcinctus",2022,-66.100221,-13.758937,0,117,0.0506720495073306,0.0165104450073242,0,0.0361701086724755,0.133128297471056,0,0,0.33795698822596,0.405874412406327,0,0,0,0,0,3
"118",118,"Leopardus pardalis",2021,-76.848721,-0.221637,0,118,0.651614816886683,0.115168009992271,0.0067591033780309,0,0,0.200249561812425,0,0,0,0,0,0,0,0,1
"119",119,"Nectomys rattus",1972,-51.168521,2.002763,0,119,0,0.972147838922678,0,0,0.00446721624755859,0,0,0,0,0,0,0,0,0,2
"120",120,"Myotis keaysi",1993,-65.859521,-17.211737,0,120,0.0530771331304921,0.900820018232693,0,0,0,0,0.024992552599075,0,0,0,0,0,0,0,3
"121",121,"Akodon orophilus",1926,-77.263721,-6.164437,0,121,0.032983313957859,0.946349678918263,0,0,0,0,0,0,0,0,0,0,0,0,1
"122",122,"Saimiri sciureus",2019,-55.409821,4.177363,0,122,0,0.969982998318308,0,0,0,0,0,0,0,0,0,0,0,0,2
"123",123,"Saguinus midas",2019,-52.396921,4.932663,0,123,0.145840526422674,0.153209204051625,0.011691142074585,0.547731427567918,0,0.0687501413685191,0,0.00445377490234375,0.044051838922674,0,0,0.000890757934570312,0,0,2
"124",124,"Phyllotis andium",2008,-78.259721,-7.915737,0,124,0,0,0.0101451553122781,0,0.00366928928920201,0,0,0.123915686895197,0,0,0,0,0,0,1
"125",125,"Rhinophylla pumilio",2013,-76.608021,-5.882237,0,125,0.00607034391373959,0.940666970381563,0.0100813192802334,0,0.0230099582565226,0,0,0,0,0,0,0,0,0,1
"126",126,"Hippocamelus antisensis",2022,-71.370721,-15.078637,0,126,0,0,0.445971759282889,0,0,0,0,0.0925255328813032,0.00581231696666371,0,0,0,0,0,3
"127",127,"Vampyriscus bidens",2016,-75.894221,1.430063,0,127,0.523927303666136,0.441914446166797,0,0,0,0,0,0,0,0,0,0,0,0,1
"128",128,"Alouatta macconnelli",2022,-55.492821,4.650463,0,128,0,0.955207328763164,0.0133666782171076,0,0,0,0,0,0,0,0,0,0,0,2
"129",129,"Choloepus didactylus",2020,-55.135921,5.787563,0,129,0.31199257658254,0,0.0244474829706692,0.588531565315756,0,0.0485649040349787,0,0,0.0145805837703929,0,0,0,0,0,2
"130",130,"Cyclopes didactylus",1983,-73.246521,-3.027037,0,130,0.0250548084965725,0.234719496025425,0.00515349953948376,0.229928357273693,0.483534683231412,0,0,0,0,0,0,0,0,0,1
"131",131,"Gardnerycteris crenulatum",2016,-69.212721,4.127563,0,131,0,0.844738231229916,0,0.130874895250725,0,0,0,0,0,0,0,0,0,0,1
"132",132,"Lonchophylla thomasi",1992,-60.447921,7.347963,0,132,0,0.900899305522973,0.0674230405609621,0,0.00088683251953125,0,0,0.0138567325515747,0,0,0,0,0,0,2
"133",133,"Mazama nemorivaga",2016,-54.314221,5.264663,0,133,0,0.975440035080311,0,0,0,0,0,0,0.00912556408691406,0,0,0,0,0,2
"134",134,"Sciurus igniventris",1967,-65.228721,2.450963,0,134,0,0.978682651682418,0,0,0,0,0,0,0,0,0,0,0,0,2
"135",135,"Lophostoma schulzi",1999,-60.497721,7.372863,0,135,0,0.990299391757146,0,0,0,0,0,0,0,0,0,0,0,0,2
"136",136,"Nasua nasua",2021,-76.682721,1.205963,0,136,0.596429771215342,0.385542600390863,0,0,0,0,0,0,0,0,0,0,0,0,1
"137",137,"Isothrix bistriata",2021,-66.100221,-11.028237,0,137,0.0910393932459649,0.0729014190309358,0,0.817571405864449,0.00307204706033944,0,0,0.00389894711267808,0,0,0,0,0,0,3
"138",138,"Lophostoma silvicolum",2018,-75.255121,1.745463,0,138,0.856527598937376,0.112180874222471,0,0,0,0,0,0,0,0,0,0,0,0,1
"139",139,"Trinycteris nicefori",2018,-73.404221,-3.940037,0,139,0.010606354218193,0.970367625252457,0,0,0,0,0,0,0,0,0,0,0,0,1
"140",140,"Pteronura brasiliensis",2017,-59.916721,-2.861037,0,140,0.160515464983402,0.81784740613189,0,0,0,0,0,0,0,0,0,0,0,0,2
"141",141,"Diclidurus scutatus",1968,-61.767621,4.326763,0,141,0,0.256055534384465,0,0,0,0,0,0.734028509536913,0,0,0,0,0,0,2
"142",142,"Saimiri cassiquiarensis",2019,-77.521021,-1.068237,0,142,0.0159770977935791,0.970636618687548,0,0,0,0,0,0,0,0,0,0,0,0,1
"143",143,"Sciurus spadiceus",2022,-67.868121,-9.957537,0,143,0.0783348623835871,0.352020349310336,0,0,0.0449194942950978,0.513208709037621,0,0.0202360878601587,0,0,0,0,0,0,3
"144",144,"Aotus vociferans",1941,-75.719921,1.479863,0,144,0.944551953448648,0.00167802658614813,0.0104688751656669,0,0.00625579382324219,0.0231242591449377,0,0,0,0,0,0,0,0,1
"145",145,"Saimiri cassiquiarensis",2020,-73.910521,3.272663,0,145,0.486642088234184,0.16298608606723,0.00490906190999349,0.253409865325199,0.0725083017593139,0,0,0,0,0,0,0,0,0,1
"146",146,"Lonchophylla hesperia",1968,-78.807521,-5.774337,0,146,0.607411313923935,0.0392127523366492,0.116966518404961,0,0,0,0.242316756244277,0.00497456352435343,0,0,0,0,0,0,1
"147",147,"Ateles paniscus",2015,-60.041221,-3.151537,0,147,0,0,0,0,0.976943627314072,0,0,0,0,0,0,0,0,0,2
"148",148,"Eumops bonariensis",1985,-65.901021,-14.564037,0,148,0.0960997579271743,0,0,0.00122255432846967,0,0,0,0.88705466222983,0.0186306779013906,0,0,0,0,0,3
"149",149,"Makalata didelphoides",1971,-74.715621,-8.247737,0,149,0.869445183982161,0.0132745182800293,0,0.0886582730268999,0.00884966516113281,0,0,0,0,0,0,0,0,0,1
"150",150,"Eumops patagonicus",1985,-65.079321,-14.564037,0,150,0.0103917655639648,0.0582240560704413,0,0.322882928288979,0.0839777052122066,0,0,0.524851123301309,0,0,0,0,0,0,3
"151",151,"Caenolestes sangay",2011,-78.442321,-2.230237,0,151,0,0.978601427600339,0,0,0,0,0,0,0,0,0,0,0,0,1
"152",152,"Ateles chamek",2016,-66.772521,-14.049437,0,152,0.152262849629024,0,0,0,0,0,0,0.464140090561354,0.348752463174694,0,0,0,0,0,3
"153",153,"Atelocynus microtis",2016,-73.777721,2.243463,0,153,0.128594505269651,0.82018476875696,0,0.0184346443925337,0.00535985192871094,0,0,0,0,0,0,0,0,0,1
"154",154,"Eptesicus andinus",1974,-78.384221,-5.799237,0,154,0.580375338306056,0,0.030748310933975,0,0,0,0.317369176257455,0.0515922468428178,0,0,0,0,0,0,1
"155",155,"Ateles belzebuth",2016,-76.234521,-0.719637,0,155,0,0.973464093566895,0,0,0,0,0,0,0,0,0,0,0,0,1
"156",156,"Galictis vittata",2015,-67.486321,-15.477037,0,156,0.0680732224820273,0.923276687786072,0,0,0,0,0,0,0,0,0,0,0,0,3
"157",157,"Saimiri cassiquiarensis",2016,-76.317521,-0.478937,0,157,0.0659336328608058,0.0756969165358925,0,0,0.832520542953737,0.0106919663345092,0,0,0,0,0,0,0,0,1
"158",158,"Cerradomys maracajuensis",1964,-64.714121,-13.285837,0,158,0,0.0430051475473659,0,0.610085464761695,0.0547976749746285,0,0,0.264672490076445,0.00498659181352095,0,0,0,0,0,3
"159",159,"Vicugna vicugna",2020,-78.865621,-1.524737,0,159,0,0,0.952330162376712,0,0,0,0,0.0171723959365165,0,0,0,0,0,0,1
"160",160,"Nephelomys albigularis",2011,-78.450621,-2.238537,0,160,0.022413958285245,0.945103080760147,0,0,0,0,0.00625319140625,0,0,0,0,0,0,0,1
"161",161,"Platyrrhinus aurarius",1998,-66.614821,6.293863,0,161,0,0.951813363766949,0,0,0,0,0,0.0140580996038264,0,0,0,0,0,0,2
"162",162,"Saguinus bicolor",2018,-60.091021,-3.134937,0,162,0.00704373145658871,0.0963324559974603,0,0,0.846247864375636,0,0,0.0212360466326654,0,0,0,0,0,0,2
"163",163,"Trinycteris nicefori",2004,-53.650221,5.397463,0,163,0,0.990176328075456,0,0,0,0,0,0,0,0,0,0,0,0,2
"164",164,"Eira barbara",2021,-65.178921,-18.913237,0,164,0,0.198872293194939,0,0,0,0,0.769433943287566,0,0,0,0,0,0,0,3
"165",165,"Platyrrhinus aurarius",1967,-65.718421,3.430363,0,165,0,0.920587289785562,0,0,0,0,0.0695745585801286,0,0,0,0,0,0,0,2
"166",166,"Cebus olivaceus",2019,-58.995421,4.177363,0,166,0,0.968598297384829,0,0,0,0,0,0,0,0,0,0,0,0,2
"167",167,"Marmosa rubra",2019,-76.666121,0.209963,0,167,0.0662748298022156,0.909231391054816,0,0,0,0,0,0,0,0,0,0,0,0,1
"168",168,"Nephelomys keaysi",1992,-67.851521,-16.315337,0,168,0.0405237574851296,0.33613770012318,0,0,0,0,0,0.587004215487392,0,0,0,0,0,0,3
"169",169,"Plecturocebus discolor",2012,-76.898521,-0.786037,0,169,0.0415254140735973,0.931577232979486,0,0,0,0,0,0,0,0,0,0,0,0,1
"170",170,"Pithecia hirsuta",2009,-70.233621,-3.757437,0,170,0,0.970232074265664,0,0,0,0,0,0,0,0,0,0,0,0,1
"171",171,"Lasiurus intermedius",1993,-69.943121,-4.222237,0,171,0.203774277199485,0.0842980893721147,0.0787961896001099,0,0.210899195404542,0.391353108527579,0,0,0,0,0,0,0,0,1
"172",172,"Herpailurus yagouaroundi",2017,-70.059321,-3.840437,0,172,0,0.971411048034672,0,0,0,0,0,0,0,0,0,0,0,0,1
"173",173,"Aotus miconax",2009,-76.591421,-8.480137,0,173,0,0.99047936399213,0,0,0,0,0,0,0,0,0,0,0,0,1
"174",174,"Ateles marginatus",2022,-55.559221,-11.874837,0,174,0.578808698787803,0.395619300260047,0,0,0,0,0,0,0,0,0,0,0,0,2
"175",175,"Leontocebus nigricollis",2017,-76.276021,-0.454037,0,175,0.04517256042487,0.284502975194203,0.00804552758789063,0.016083419010656,0.623857884322778,0,0,0,0,0,0,0,0,0,1
"176",176,"Dasyprocta prymnolopha",2019,-48.487621,-1.458337,0,176,0,0,0,0,0,0.973231929382322,0,0,0,0,0,0,0,0,2
"177",177,"Coendou prehensilis",2021,-60.165721,-3.201337,0,177,0.395522943345254,0.453743948106824,0,0,0.000451558325913373,0.136870234384988,0,0.00841789618077895,0,0,0,0,0,0,2
"178",178,"Ateles belzebuth",1932,-61.751021,0.400863,0,178,0,0.972821519205975,0,0,0,0,0,0,0,0,0,0,0,0,2
"179",179,"Caluromys philander",1973,-55.177421,5.829063,0,179,0.172587660499896,0,0.303768013622699,0,0,0.49925909682269,0,0.00800525576782227,0.00373577220458984,0,0,0,0,0,2
"180",180,"Akodon toba",1984,-62.000021,-18.249237,0,180,0,0.975955679981902,0,0,0,0,0,0,0,0,0,0,0,0,3
"181",181,"Choloepus didactylus",2019,-55.484521,5.770963,0,181,0.0245843987426758,0.0811282863065832,0,0.864519686662744,0,0,0,0,0.0179396702067057,0,0,0,0,0,2
"182",182,"Dasypus novemcinctus",2022,-73.171821,-3.541637,0,182,0.0318363141939051,0.970657847798621,0,0,0,0,0,0,0,0,0,0,0,0,1
"183",183,"Dasyprocta variegata",2022,-69.055021,-12.572037,0,183,0.0305580072298917,0.00174621655273438,0.129986744757287,0.231843734691273,0.574199618535171,0,0,0,0,0.0203495332958745,0,0,0,0,3
"184",184,"Tonatia saurophila",2007,-52.538021,-0.869037,0,184,0.12445693706133,0.0673656183027787,0,0,0,0.76708384456857,0,0.00148979006958008,0.0088270140914917,0,0,0,0,0,2
"185",185,"Nephelomys keaysi",1901,-66.996621,-15.999937,0,185,0,0.976520682153318,0,0,0,0,0,0,0,0,0,0,0,0,3
"186",186,"Rhinophylla fischerae",2006,-76.433721,-0.686437,0,186,0,0.736851130902221,0.0919142834785339,0,0,0.151474621877481,0,0,0,0,0,0,0,0,1
"187",187,"Lagothrix lagothricha",2021,-71.528421,-13.045137,0,187,0.0393257495454023,0.881352142669382,0.0168429246244543,0,0.0599776062501088,0,0.00159947243365119,0,0,0,0,0,0,0,3
"188",188,"Dermanura anderseni",1974,-72.931121,-3.425437,0,188,0,0.965956008105471,0,0,0,0,0,0,0,0,0,0,0,0,1
"189",189,"Saimiri cassiquiarensis",2019,-76.583121,0.600063,0,189,0.160212826865065,0.606337946822191,0.0264067175083426,0,0.171505980767006,0,0,0,0,0,0,0,0,0,1
"190",190,"Artibeus obscurus",2018,-72.516121,-3.475237,0,190,0.383695472985319,0.341557079955205,0.00851954218857709,0,0.250374825987334,0,0,0,0,0,0,0,0,0,1
"191",191,"Microsciurus flaviventer",2007,-75.221921,-0.570237,0,191,0.0815982965766131,0.399345699447812,0.0107271818237305,0.154558442901318,0.32200960850334,0,0,0,0.0191071934710008,0,0,0,0.000893931884765625,0,1
"192",192,"Plecturocebus caquetensis",2009,-75.636921,1.122963,0,192,0.904663996096972,0.0707749140870446,0,0,0,0,0,0,0,0,0,0,0,0,1
"193",193,"Lagothrix flavicauda",2012,-77.911121,-5.600037,0,193,0.00696019976558311,0.968383913170693,0.00800837518310547,0,0,0,0,0,0,0,0,0,0,0,1
"194",194,"Caluromys lanatus",2021,-76.566521,-0.462337,0,194,0,0.959448649702595,0,0,0.0171836432766385,0,0,0,0,0,0,0,0,0,1
"195",195,"Tremarctos ornatus",2018,-75.852721,-9.774937,0,195,0,0.979164925211585,0,0,0,0,0,0,0,0,0,0,0,0,1
"196",196,"Monodelphis glirina",1986,-68.241621,-12.132137,0,196,0,0.221403590971235,0,0.760533467452842,0,0,0,0.00524721673583984,0,0,0,0,0,0,3
"197",197,"Marmosa murina",2021,-65.984021,-11.036537,0,197,0.0682571986614697,0.666644937038352,0,0.22030534701933,0,0,0,0,0,0,0,0,0,0,3
"198",198,"Galictis vittata",2016,-63.012621,-9.202237,0,198,0.0336252404538622,0.9733475364408,0,0,0,0,0,0,0,0,0,0,0,0,3
"199",199,"Saguinus midas",2020,-55.185721,4.999063,0,199,0,0.973604922660054,0.0115786839599609,0,0.0147012835094976,0,0,0.00534400048828125,0,0,0,0,0,0,2
"200",200,"Uroderma magnirostrum",1985,-61.053821,-17.352837,0,200,0.00905562321777344,0.934381681641344,0,0,0,0,0,0,0.0392544607894272,0,0,0,0,0,3
"201",201,"Sciurus spadiceus",1991,-70.814621,-6.786937,0,201,0,0.811408438391727,0,0,0.164091195103283,0,0,0.00332521142219095,0,0,0,0,0,0,3
"202",202,"Platyrrhinus lineatus",1986,-60.879521,-14.497637,0,202,0,0.979427470235906,0,0,0,0,0,0,0,0,0,0,0,0,3
"203",203,"Pithecia pithecia",2011,-52.861721,2.235163,0,203,0,0.981106493186567,0,0,0,0,0,0,0,0,0,0,0,0,2
"204",204,"Aotus vociferans",1931,-77.653821,-4.413137,0,204,0,0.978689049063644,0,0,0,0,0,0,0,0,0,0,0,0,1
"205",205,"Leopardus tigrinus",2010,-52.737221,4.069463,0,205,0,0.969995665126421,0,0,0,0,0,0,0,0,0,0,0,0,2
"206",206,"Cebus yuracus",2021,-76.350721,-0.039037,0,206,0,0.979845521062146,0,0,0,0,0,0,0,0,0,0,0,0,1
"207",207,"Cacajao calvus",2020,-64.680921,-2.993837,0,207,0,0.817297581814724,0,0,0.13924826784631,0,0,0.021024973278134,0.000731737868365119,0,0,0,0,0,3
"208",208,"Holochilus brasiliensis",1985,-62.996021,-17.485637,0,208,0.970628539126206,0.013574910261522,0,0,0,0,0,0,0,0,0,0,0,0,3
"209",209,"Alouatta belzebul",2018,-50.736921,-3.815537,0,209,0.954287411738419,0.0122958230766878,0,0,0.0115965942993164,0,0,0.0237608942094283,0,0,0,0,0,0,2
"210",210,"Lycalopex culpaeus",2021,-78.434021,-0.686437,0,210,0,0,0.0238848456781887,0,0,0,0,0,0,0,0,0,0.0399784647492924,0.913446094663574,1
"211",211,"Chiroderma villosum",2008,-55.169121,4.916063,0,211,0,0.901869559297385,0.00823965675354004,0,0.00470837439836775,0,0,0.056895188025751,0,0,0,0,0,0,2
"212",212,"Saguinus bicolor",2020,-59.891821,-3.027037,0,212,0.385780302887344,0.566114893039099,0,0,0,0.00446382232666016,0,0.0149334453125,0,0,0,0,0,0,2
"213",213,"Peropteryx macrotis",2006,-56.870621,4.484463,0,213,0,0.977897608760807,0,0,0,0,0,0,0,0,0,0,0,0,2
"214",214,"Choloepus didactylus",2009,-76.757421,-1.093137,0,214,0.00848380054626465,0.89281460232273,0,0,0.0638697549387341,0,0,0,0,0,0,0,0,0,1
"215",215,"Cebuella pygmaea",2015,-76.682721,1.122963,0,215,0.78054191294746,0.201567258174533,0,0,0,0,0,0,0,0,0,0,0,0,1
"216",216,"Speothos venaticus",2018,-74.690721,0.309563,0,216,0,0.978731029971845,0,0,0,0,0,0,0,0,0,0,0,0,1
"217",217,"Atelocynus microtis",2019,-72.441421,-0.553637,0,217,0,0.891742120346774,0,0,0,0,0.0779348518010919,0,0,0,0,0,0,0,1
"218",218,"Euryoryzomys macconnelli",1979,-77.745121,-4.031337,0,218,0.267369242260024,0.497312266706702,0,0.024842848522427,0.200681515993822,0,0,0,0,0,0,0,0,0,1
"219",219,"Artibeus concolor",2007,-55.144221,5.829063,0,219,0.153003947971109,0,0.156004597253048,0.0171426491144354,0.299359288960754,0.350235866149684,0,0,0.00474885843105797,0,0,0,0,0,2
"220",220,"Lonchorhina aurita",2008,-56.131921,3.787263,0,220,0,0.741492635957799,0,0,0,0,0,0.219611279731105,0,0,0,0,0,0,2
"221",221,"Leopardus wiedii",2016,-75.661821,1.488163,0,221,0.718658911941455,0.0201341058821478,0.0707273476865173,0.0600566169013637,0.122297757519466,0,0,0,0,0,0,0,0,0,1
"222",222,"Mazama nemorivaga",2017,-52.106421,4.318463,0,222,0,0.897353569698076,0,0.0730334661221373,0,0,0,0,0,0,0,0,0,0,2
"223",223,"Leontocebus nigricollis",2021,-76.923421,-0.503837,0,223,0.256491134968313,0.607868958350739,0.020885712319114,0,0,0.080736776986678,0,0,0,0,0,0,0,0,1
"224",224,"Leontocebus fuscus",2019,-76.599721,0.624963,0,224,0.769195599476229,0.0756781512511228,0.00962983874595493,0,0.127563096135441,0,0,0,0,0,0,0,0,0,1
"225",225,"Vicugna vicugna",2018,-78.815821,-1.533037,0,225,0.0808371167864522,0.0391424150573731,0.108555154111833,0,0.00647905160522461,0,0.00781954452514648,0.7348127409369,0,0,0,0,0,0,1
"226",226,"Marmosops impavidus",1986,-75.429421,-11.169337,0,226,0.0549622165971236,0.920434759366711,0.00307123246765137,0,0.00394869744873047,0,0,0,0,0,0,0,0,0,3
"227",227,"Lonchophylla thomasi",2010,-52.355421,4.409763,0,227,0,0.982154070313208,0,0,0,0,0,0,0,0,0,0,0,0,2
"228",228,"Didelphis marsupialis",2022,-60.082721,-3.035337,0,228,0.0549968590431254,0.554539901284718,0,0,0.00225113263705384,0.369133717606412,0,0.0112034908288204,0,0,0,0,0,0,2
"229",229,"Philander opossum",2022,-53.052621,4.974163,0,229,0,0.189673168697843,0,0,0.779605205460593,0,0,0,0,0,0,0,0,0,2
"230",230,"Ctenomys boliviensis",1988,-63.153721,-17.369437,0,230,0.798758189295497,0.19064612050555,0,0,0,0,0,0,0,0,0,0,0,0,3
"231",231,"Lagothrix lagothricha",2017,-70.183821,-3.757437,0,231,0,0.971502011535645,0,0,0,0,0,0,0,0,0,0,0,0,1
"232",232,"Ateles chamek",2017,-69.519821,-12.065737,0,232,0.00262419557698568,0.484421760555187,0,0.352468687438116,0.131679814582485,0,0,0,0,0,0,0,0,0,3
"233",233,"Nectomys apicalis",1955,-72.532721,-12.904037,0,233,0.0586573234743169,0.160350006654268,0,0,0,0,0,0.760370013827501,0,0,0,0,0,0,3
"234",234,"Marmosa murina",1994,-78.392521,-4.097737,0,234,0.0724652753699971,0.84600955570549,0.0061530793762207,0,0.0394382671205245,0,0,0,0,0,0,0,0,0,1
"235",235,"Saimiri boliviensis",2010,-68.980321,-12.522237,0,235,0.00927847715759277,0,0,0.847755975114566,0.112340999270189,0,0,0,0,0.0143216296508789,0,0,0,0,3
"236",236,"Myotis albescens",1992,-57.327121,5.322763,0,236,0,0.207955455175782,0,0.389774309839608,0.375222739719962,0,0,0,0.00534134655761719,0,0,0,0,0,2
"237",237,"Nephelomys levipes",1900,-70.001221,-13.501637,0,237,0,0.987514169807948,0,0,0,0,0,0,0,0,0,0,0,0,3
"238",238,"Cebuella niveiventris",2014,-71.329221,-12.115537,0,238,0,0.971779502979098,0,0.00612205541992188,0,0,0,0,0,0,0,0,0,0,3
"239",239,"Ateles chamek",2021,-73.711321,-7.467537,0,239,0,0.97892426999655,0,0,0,0,0,0,0,0,0,0,0,0,1
"240",240,"Chiropotes albinasus",2019,-55.957621,-9.534237,0,240,0.0567183079134419,0.899030124542139,0,0,0,0,0,0.0203871050458558,0,0,0,0,0,0,2
"241",241,"Uroderma magnirostrum",1986,-52.363721,-3.632937,0,241,0.0377980176946467,0.468418853565562,0,0,0.414074170593261,0,0,0.0513436851362749,0,0,0,0,0,0,2
"242",242,"Caenolestes fuliginosus",1939,-78.135221,-0.503837,0,242,0,0,0.153189001070889,0,0,0,0,0,0,0,0,0,0.187727636929599,0.632585569519044,1
"243",243,"Akodon fumeus",1993,-65.535821,-17.137037,0,243,0,0.979436234653217,0,0,0,0,0.000810013768454159,0,0,0,0,0,0,0,3
"244",244,"Saimiri sciureus",2019,-52.305621,4.841363,0,244,0,0.487305457397462,0,0.465781193469695,0,0,0,0.00712696002197266,0.0181991779785156,0,0,0,0,0,2
"245",245,"Chiropotes albinasus",2021,-55.409821,-11.949537,0,245,0.96884438191133,0,0,0,0,0,0,0,0,0,0,0,0,0,2
"246",246,"Cormura brevirostris",2011,-52.189421,4.368263,0,246,0,0.982091847803448,0,0,0,0,0,0,0,0,0,0,0,0,2
"247",247,"Ateles paniscus",2017,-53.243521,3.596363,0,247,0,0.990224887740313,0,0,0,0,0,0,0,0,0,0,0,0,2
"248",248,"Cormura brevirostris",2003,-73.528721,-3.940037,0,248,0.0296607864487592,0.950956425597431,0,0,0,0,0,0,0,0,0,0,0,0,1
"249",249,"Ateles chamek",2011,-60.829721,-8.463537,0,249,0,0.975997749172793,0,0,0,0,0,0,0,0,0,0,0,0,3
"250",250,"Callimico goeldii",2014,-69.951421,-7.990437,0,250,0.00954543344205968,0.974954082909396,0,0,0,0,0,0,0,0,0,0,0,0,3
"251",251,"Anoura geoffroyi",2012,-52.413521,4.517663,0,251,0.0062388671875,0.960321811108073,0,0,0,0,0,0,0.0067481628679548,0,0,0,0,0,2
"252",252,"Sciurus igniventris",1929,-77.313521,-0.636637,0,252,0.816884457044586,0.0976248281766133,0.0166013865618025,0,0.0176549371490479,0.0407140373868075,0,0,0,0,0,0,0,0,1
"253",253,"Priodontes maximus",2011,-54.322521,4.019663,0,253,0,0.433804676441933,0,0,0.511559995029128,0,0,0.0201879456676136,0,0,0,0,0,0,2
"254",254,"Lagothrix lagothricha",2022,-77.844721,-0.761137,0,254,0,0.973455227233885,0,0,0,0,0,0,0,0,0,0,0,0,1
"255",255,"Vampyrum spectrum",2009,-73.512121,-12.945537,0,255,0.879581089311406,0.0486510191212374,0.00919379066051136,0,0.0326538539040305,0,0,0,0,0,0,0,0,0,3
"256",256,"Oecomys bicolor",2019,-77.936021,-1.076537,0,256,0.172426236083985,0.796087190570427,0,0,0,0,0,0,0,0,0,0,0,0,1
"257",257,"Sapajus apella",2019,-71.503521,-13.036837,0,257,0.0414948430513922,0.906705469964656,0.022584292606249,0,0.0385270604195607,0,0,0,0,0,0,0,0,0,3
"258",258,"Chiropotes albinasus",2019,-56.065521,-9.301837,0,258,0.948543546890582,0.0237224638063482,0,0,0,0,0,0,0,0,0,0,0,0,2
