row_code,farming,flooded_forest,grassland,other_non_vegetated,urban,wetland,forest_formation,river_lake_ocean,not_observed,mangrove,non_forested_natural,savannah_formation,rocky_outcrop,mining
1,0.279044431,0.170369554,0.003557808,0.074794814,0.442461725,0.00889446,0,0,0,0,0,0,0,0
2,0,0.901284949,0,0,0,0.017023723,0.057382659,0,0,0,0,0,0,0
3,0,0,0,0,0,0,0.761868061,0.228424613,0,0,0,0,0,0
4,0.35050616,0.490579061,0,0.017784696,0.085902622,0.06147291,0,0,0,0,0,0,0,0
5,0,0,0,0,0.969275433,0,0,0,0,0,0,0,0,0
6,0.064970192,0.727524932,0,0,0.002078914,0.06823705,0.116328585,0,0,0,0,0,0,0
7,0,0,0,0,0,0,0.990208164,0,0,0,0,0,0,0
8,0,0,0,0,0,0,0.964265245,0,0,0,0,0,0,0
9,0,0.727945704,0,0,0,0.021168327,0.118100243,0.108885273,0,0,0,0,0,0
10,0.135135179,0.726291398,0,0.033333334,0.008735446,0.009342093,0,0.070214634,0,0,0,0,0,0
11,0.135920205,0,0.019968605,0,0.156602775,0.001017817,0.663804048,0.002678196,0,0,0,0,0,0
12,0.011456622,0.16057671,0,0.012177995,0,0.069422549,0.723768473,0,0,0,0,0,0,0
13,0.133160171,0.110899328,0.010442413,0.076010687,0.541949809,0.06581118,0,0.026955694,0.004452151,0,0,0,0,0
14,0.232067298,0,0.031697944,0,0.084977477,0.008521656,0.625898135,0,0,0,0,0,0,0
15,0.06122285,0.062923154,0,0.004008613,0.016115436,0.010511486,0.817276586,0.0070455,0,0,0,0,0,0
16,0,0,0,0,0,0,0.967010806,0.000817459,0,0,0,0,0,0
17,0.168342944,0.018518124,0.004937082,0.18313813,0.601820003,0.007603792,0,0,0,0,0,0,0,0
18,0,0,0,0,0,0,0.968370743,0,0,0,0,0,0,0
19,0,0,0,0,0,0,0.969595427,0,0,0,0,0,0,0
20,0.315022967,0,0.042203693,0,0,0.002110187,0.521357796,0.08375785,0.00089277,0,0,0,0,0
21,0,0,0,0,0,0,0.953372448,0.027945547,0,0,0,0,0,0
22,0,0,0.006235123,0,0,0,0.963445291,0,0,0,0,0,0,0
23,0.497190393,0.447633231,0,0.027473701,0.015530704,0.008539629,0,0,0,0,0,0,0,0
24,0.337809115,0.243043665,0,0.065484509,0.28974513,0.004447238,0.028785893,0,0,0,0,0,0,0
25,0.532693792,0.360191429,0.007458716,0.015478821,0.006941255,0.060776839,0,0,0,0,0,0,0,0
26,0.302436857,0,0.039746556,0,0,0.002110187,0.539483585,0.092431175,0.00089277,0,0,0,0,0
27,0.064118435,0.250226761,0,0.037711099,0.521914841,0.014253022,0.087462221,0,0,0,0,0,0,0
28,0,0,0,0,0,0,0.963663164,0,0,0,0,0,0,0
29,0.037529991,0.077101415,0,0.00612906,0.040605336,0.000890805,0.820562885,0,0,0,0,0,0,0
30,0,0,0,0,0,0,0.969655166,0,0,0,0,0,0,0
31,0.071740706,0.76674261,0.00213766,0,0,0.072388535,0.056384713,0,0,0,0,0,0,0
32,0.068946112,0.613737293,0,0,0,0.041912676,0,0,0,0.256496199,0,0,0,0
33,0.06595806,0.228743068,0.024593359,0.00133485,0,0.205472791,0.440060765,0,0,0,0,0,0,0
34,0.106725205,0.524751961,0.024213039,0,0.001190671,0.103640695,0.247977686,0,0,0,0,0,0,0
35,0.304719872,0.464457327,0.040195953,0.024554198,0,0.131634068,0,0.052818612,0,0,0,0,0,0
36,0.206948162,0.73781331,0,0.008410122,0.026928545,0,0,0,0,0,0,0,0,0
37,0,0,0.011748922,0,0,0,0.969702428,0,0,0,0,0,0,0
38,0,0,0,0,0.03373932,0,0.943273655,0,0,0,0,0,0,0
39,0.567477812,0.331769837,0,0.013119565,0.005336779,0.056925986,0,0,0,0,0,0,0,0
40,0,0,0,0,0,0,0.977100864,0,0,0,0,0,0,0
41,0.065504411,0.889482334,0,0,0,0.016156869,0.004350129,0,0,0,0,0,0,0
42,0.067811437,0.759666724,0,0.003622718,0,0.009704194,0,0.129146193,0,0.011475236,0,0,0,0
43,0.084968884,0,0,0,0.210109904,0.005761989,0.667650617,0,0.000892701,0,0,0,0,0
44,0.005790231,0.130867352,0,0.012876191,0.028262817,0.000890804,0.684385272,0.077095111,0,0,0,0,0,0
45,0,0,0,0,0,0,0.940344723,0.023824992,0,0,0,0,0,0
46,0,0,0.014260602,0.005972324,0,0,0.974565096,0.00979675,0,0,0,0,0,0
47,0,0,0,0,0,0,0.967636523,0,0,0,0,0,0,0
48,0.000674585,0,0.008418182,0,0,0,0.750079238,0.232996578,0,0,0,0,0,0
49,0.262303028,0.237696837,0.047400122,0,0,0.099910801,0.308468923,0,0,0.034476098,0,0,0,0
50,0.023657443,0,0,0,0.883890437,0,0.076085015,0,0,0,0,0,0,0
51,0.026699993,0,0.00722278,0,0.78569247,0.006623819,0.142218681,0,0,0,0,0,0,0
52,0,0,0,0,0.960832987,0,0.029323503,0,0,0,0,0,0,0
53,0.026699993,0,0.00722278,0,0.716289025,0.006735845,0.221847805,0,0,0,0,0,0,0
54,0,0,0,0,0,0,0.9823903,0,0,0,0,0,0,0
55,0,0,0.012436542,0,0,0.401047978,0.561316618,0.01621328,0,0,0,0,0,0
56,0,0,0,0,0,0,0.977398397,0,0,0,0,0,0,0
57,0,0,0,0,0,0,0.981087396,0,0,0,0,0,0,0
58,0.48268798,0.429066309,0,0.037528014,0.016418452,0.005782893,0,0,0,0,0,0,0,0
59,0,0,0,0,0,0,0.978727636,0,0,0,0,0,0,0
60,0.06970379,0,0,0.093315382,0.64528246,0.002668482,0,0.159866006,0,0,0,0,0,0
61,0.043720863,0.907363367,0,0,0,0.027751603,0,0,0,0,0,0,0,0
62,0.157071231,0,0.017275672,0,0,0.000893039,0.796233208,0,0,0,0,0,0,0
63,0,0,0,0,0,0,0.878982535,0.099789474,0,0,0,0,0,0
64,0.049819183,0,0.239497624,0,0.274041236,0,0.40082721,0,0,0,0,0,0,0
65,0,0.035813554,0,0.013106484,0.035489653,0.005812455,0,0.846859577,0.002785429,0.040275157,0,0,0,0
66,0,0,0,0,0,0,0.970398846,0,0,0,0,0,0,0
67,0.016194038,0,0.047431025,0.036515225,0,0.00524624,0.858119478,0.014962401,0,0,0,0,0,0
68,0.427532274,0.47354319,0,0.006522473,0.009621995,0.051063588,0,0.003315147,0,0,0,0,0,0
69,0,0,0.010699026,0,0,0,0.958740044,0,0,0,0,0,0,0
70,0.058385334,0.757760415,0,0,0,0.106447589,0,0,0,0.056164937,0,0,0,0
71,0.00821764,0.938369612,0,0,0,0.038245473,0,0,0,0,0,0,0,0
72,0.082262473,0.363900994,0.007123985,0,0,0.02541489,0.492343893,0,0,0,0,0,0,0
73,0,0,0,0,0,0,0.970399208,0,0,0,0,0,0,0
74,0,0.142168025,0,0,0,0,0.836604311,0,0,0,0,0,0,0
75,0.052985946,0.126175969,0,0.004454202,0.043246186,0.003527012,0.512778159,0.229526202,0,0,0,0,0,0
76,0,0,0,0,0,0,0.971387404,0,0,0,0,0,0,0
77,0,0,0,0,0,0,0.074657252,0.915567836,0,0,0,0,0,0
78,0.063548321,0,0,0,0.173601425,0.008034831,0.718752862,0.008278349,0,0,0,0,0,0
79,0.085051398,0.395585217,0.028498877,0.005788831,0.050682642,0,0.25244313,0.195201775,0,0,0,0,0,0
80,0.015825692,0,0.017367684,0,0.41584969,0,0.4529383,0.070200775,0,0,0,0,0,0
81,0.026862303,0,0.00722278,0,0.691573547,0.006735845,0.23802721,0,0,0,0,0,0,0
82,0.030886535,0.934181662,0,0,0,0.03922119,0,0,0,0,0,0,0,0
83,0.004166448,0,0,0,0.520555292,0,0.455470391,0,0,0,0,0,0,0
84,0.215497932,0.699639512,0,0.013343108,0.013899069,0.015381519,0.045576316,0,0,0,0,0,0,0
85,0,0,0,0,0,0,0.967377447,0,0,0,0,0,0,0
86,0,0,0,0,0,0,0.979486184,0,0,0,0,0,0,0
87,0,0,0,0,0,0,0.983703321,0,0,0,0,0,0,0
88,0,0,0,0,0,0,0.978670592,0,0,0,0,0,0,0
89,0,0,0,0,0,0,0.981838191,0.008715459,0,0,0,0,0,0
90,0,0,0,0,0,0,0.965741897,0,0,0,0,0,0,0
91,0,0,0,0,0,0,0.984171294,0,0,0,0,0,0,0
92,0,0,0,0,0,0,0.972154829,0,0,0,0,0,0,0
93,0,0,0,0,0,0,0.972756449,0,0,0,0,0,0,0
94,0,0,0.006729486,0,0,0,0.970634771,0,0,0,0,0,0,0
95,0.071088656,0,0.018357588,0,0.673788374,0.050104967,0.037470129,0.139342907,0,0,0,0,0,0
96,0,0,0,0,0,0,0.965949858,0,0,0,0,0,0,0
97,0,0,0,0.008926271,0,0,0.901993805,0.078007853,0,0,0,0,0,0
98,0.515466569,0.196920542,0,0.05093516,0.10359332,0.053952172,0,0.055052254,0,0,0,0,0,0
99,0.152332342,0.751315056,0,0,0,0.045360066,0.019567281,0,0,0,0,0,0,0
100,0.060806439,0,0.013787238,0.19387989,0.715992065,0.004336306,0,0,0,0,0,0,0,0
101,0,0,0,0,0,0,0.970690699,0,0,0,0,0,0,0
102,0,0,0,0,0,0,0.965202148,0,0,0,0,0,0,0
103,0.043880111,0,0.017107288,0,0,0.019076028,0.24806588,0.652054952,0,0,0,0,0,0
104,0,0,0,0,0,0,0.972200177,0,0,0,0,0,0,0
105,0,0,0,0,0,0,0.983354988,0,0,0,0,0,0,0
106,0,0,0,0,0,0,0.977580052,0.003180602,0,0,0,0,0,0
107,0.086090068,0.11845459,0.107855146,0.310943445,0.253092545,0.010680352,0.082125075,0,0,0,0,0,0,0
108,0.332592247,0,0.046209666,0,0,0,0.600002013,0,0,0,0,0,0,0
109,0,0,0,0,0,0,0.91687924,0.055077729,0,0,0,0,0,0
110,0,0,0,0,0,0,0.962963869,0.001130518,0,0,0,0,0,0
111,0.133984045,0,0.068953353,0,0,0,0.774925333,0,0,0,0,0,0,0
112,0,0,0.008884251,0,0,0,0.975623759,0,0,0,0,0,0,0
113,0,0,0,0,0,0,0.983396727,0,0,0,0,0,0,0
114,0,0,0,0,0,0,0.884493372,0.098817817,0,0,0,0,0,0
115,0,0,0,0,0,0,0.983119361,0,0,0,0,0,0,0
116,0,0,0,0,0,0,0.909779564,0.052423428,0,0,0,0,0,0
117,0,0,0,0,0,0,0.963128205,0.002552401,0,0,0,0,0,0
118,0,0,0,0,0,0,0.976300705,0,0,0,0,0,0,0
119,0,0,0,0,0,0,0.977796613,0,0,0,0,0,0,0
120,0.01874438,0,0,0,0,0,0.844342603,0.119414373,0,0,0,0,0,0
121,0,0,0,0,0,0,0.972409655,0,0,0,0,0,0,0
122,0,0,0,0,0,0,0.966305253,0,0,0,0,0,0,0
123,0,0,0.008038783,0,0,0,0.90107613,0.067964299,0,0,0,0,0,0
124,0,0,0,0,0,0,0.378569557,0.588500332,0,0,0,0,0,0
125,0,0,0,0.001785115,0,0,0.813117581,0.151896805,0,0,0,0,0,0
126,0,0,0,0,0,0,0.964100625,0,0,0,0,0,0,0
127,0,0,0,0,0,0,0.990278273,0,0,0,0,0,0,0
128,0,0,0,0,0,0,0.976307067,0,0,0,0,0,0,0
129,0,0,0,0,0,0,0.990174802,0,0,0,0,0,0,0
130,0,0,0.023949919,0,0,0,0.760800696,0.192534116,0.000893048,0,0,0,0,0
131,0,0,0,0,0,0,0.99010049,0,0,0,0,0,0,0
132,0,0,0,0,0,0,0.972072486,0,0,0,0,0,0,0
133,0,0,0,0,0,0,0.978682253,0,0,0,0,0,0,0
134,0.004458873,0,0.001054735,0,0,0,0.844497638,0.11959091,0,0,0,0,0,0
135,0,0,0,0,0,0,0.983711082,0,0,0,0,0,0,0
136,0,0,0,0,0,0,0.963986076,0,0,0,0,0,0,0
137,0,0,0,0,0,0,0.963609193,0,0,0,0,0,0,0
138,0,0,0,0,0,0,0.980478722,0,0,0,0,0,0,0
139,0,0,0,0,0,0,0.977309475,0,0,0,0,0,0,0
140,0,0,0,0,0,0,0.970560805,0,0,0,0,0,0,0
141,0,0.154176438,0,0,0,0,0.816336298,0,0,0,0,0,0,0
142,0,0,0,0,0,0,0.975621375,0,0,0,0,0,0,0
143,0,0,0,0,0,0,0.975763389,0,0,0,0,0,0,0
144,0,0,0,0,0,0,0.977547994,0,0,0,0,0,0,0
145,0.011574227,0.134855359,0.641882291,0.002967741,0,0.105281555,0.079302972,0,0,0,0,0,0,0
146,0.015722601,0,0.020620855,0,0.934886321,0,0.007175936,0,0,0,0,0,0,0
147,0.91548826,0,0,0,0,0,0.060052815,0,0,0,0,0,0,0
148,0.019865943,0,0.027139461,0.005348552,0,0,0.687696456,0.249752017,0,0,0,0,0,0
149,0,0,0,0,0,0,0.981795965,0,0,0,0,0,0,0
150,0,0,0.005996907,0,0,0,0.978397161,0,0,0,0,0,0,0
151,0,0,0,0,0,0,0.969900063,0,0,0,0,0,0,0
152,0.414299694,0.228279311,0,0,0,0.109645277,0.225538098,0,0,0,0,0,0,0
153,0,0,0,0,0,0,0.981390643,0,0,0,0,0,0,0
154,0.021139952,0,0.015304331,0,0,0.003571015,0.237445342,0.707839312,0,0,0,0,0,0
155,0.031175792,0.054017457,0,0.022592323,0.150939502,0.006067986,0.014170761,0,0.001705259,0.002672217,0,0,0,0
156,0.056800498,0.058691207,0,0,0,0.21475893,0,0.097850831,0,0.578731687,0,0,0,0
157,0,0,0.024950346,0,0,0,0.765276791,0.187031456,0,0,0,0,0,0
158,0.027187085,0,0,0,0.125060537,0,0.819911056,0,0,0,0,0,0,0
159,0.006903719,0.677837208,0,0,0,0.023936386,0.126297132,0,0,0.134660605,0,0,0,0
160,0.031262235,0.590741837,0.00472169,0,0,0.093543576,0.250339309,0,0,0,0,0,0,0
161,0,0,0,0,0,0,0.978697395,0,0,0,0,0,0,0
162,0.008439392,0,0,0,0.860118326,0,0.103647922,0,0,0,0,0,0,0
163,0,0,0,0,0,0,0.969450528,0,0,0,0,0,0,0
164,0,0,0,0,0,0,0.970531215,0,0,0,0,0,0,0
165,0,0,0,0,0,0,0.978714488,0,0,0,0,0,0,0
166,0,0,0,0,0,0,0.965068882,0,0,0,0,0,0,0
167,0.032711565,0.217105426,0,0.011571455,0,0.013129118,0.731343475,0,0,0,0,0,0,0
168,0,0,0,0,0.978907761,0,0,0,0,0,0,0,0,0
169,0.046947187,0,0,0.076172049,0.8422765,0,0.011591024,0.002888777,0,0,0,0,0,0
170,0,0,0.014791569,0,0,0,0.974844314,0,0,0,0,0,0,0
171,0.460262329,0,0.171586899,0,0,0,0.34700119,0,0,0,0,0,0,0
172,0.282301605,0,0.006354907,0,0,0,0.702900711,0,0,0,0,0,0,0
173,0,0.921311188,0,0,0,0,0.05448557,0,0,0,0,0,0,0
174,0,0,0,0,0,0,0.982587039,0,0,0,0,0,0,0
175,0,0,0.866286512,0,0,0.008036194,0.087586458,0.016315887,0,0,0,0,0,0
176,0.152594623,0,0.007412248,0.250059968,0.568262917,0.008005252,0,0,0.000889474,0,0,0,0,0
177,0.014218114,0,0,0.000890465,0,0.009917265,0.962233906,0,0,0,0,0,0,0
178,0,0,0,0,0,0,0.978057393,0,0,0,0,0,0,0
179,0,0.40762409,0.006677043,0,0,0,0.556181498,0,0,0,0,0,0,0
180,0.027233153,0.074191435,0,0.014482249,0.654370335,0.024029203,0,0.177346312,0,0,0,0,0,0
181,0.05043963,0,0,0,0.783452488,0,0.131866983,0.004468643,0,0,0,0,0,0
182,0,0,0,0,0,0,0.983127014,0,0,0,0,0,0,0
183,0.469448146,0,0.061081409,0,0,0.064843264,0.1618735,0.221385974,0,0,0,0,0,0
184,0.001617429,0,0.026544763,0,0,0,0.000724692,0.958578964,0,0,0,0,0,0
185,0,0.048585294,0,0.0357391,0,0,0.479780706,0.413888174,0,0,0,0,0,0
186,0,0,0,0,0.968328026,0,0,0,0,0,0,0,0,0
187,0,0.977968977,0,0,0,0.001988098,0,0,0,0,0,0,0,0
188,0,0.984609882,0,0,0,0.001419491,0,0.004984718,0,0,0,0,0,0
189,0.892198677,0.056735788,0.011542094,0.006692881,0,0.015946574,0,0,0,0,0,0,0,0
190,0.020845852,0,0,0,0,0,0.94651614,0,0,0,0.014236069,0,0,0
191,0,0,0,0,0,0,0.975418821,0,0,0,0,0,0,0
192,0.044934086,0,0,0,0,0.006668115,0.868420894,0.057479249,0,0,0,0.008153916,0,0
193,0,0,0,0,0,0,0.971986641,0,0,0,0,0,0,0
194,0.594115366,0.358588306,0.002899691,0,0.020933469,0.016278149,0,0,0,0,0,0,0,0
195,0,0,0,0,0,0,0.984875782,0,0,0,0,0,0,0
196,0.017391823,0.292489898,0,0.004469862,0,0,0.006989238,0.655448718,0,0,0,0,0,0
197,0.011261417,0,0,0,0,0,0.955994836,0,0,0,0,0,0,0
198,0.108402778,0,0,0,0,0,0.872342279,0.009418012,0,0,0,0,0,0
199,0.181535548,0,0,0,0,0,0.797115159,0,0,0,0,0,0,0
200,0.065032995,0.231774133,0,0.013380957,0,0,0.630647539,0.039899575,0,0,0,0,0,0
201,0,0.909568515,0,0,0,0,0.066371119,0.000687228,0,0,0,0,0,0
202,0.640572511,0,0,0,0.180366926,0,0.164895706,0,0,0,0,0,0,0
203,0,0,0,0,0,0,0.990515251,0,0,0,0,0,0,0
204,0.134941069,0.049494047,0.769050754,0,0,0,0.01734994,0.005014359,0,0,0,0,0,0
205,0,0,0.024362286,0.201057984,0,0,0.000889974,0,0,0,0.754957594,0,0,0
206,0,0,0,0,0,0,0.910275691,0,0,0,0.092036196,0,0.015403813,0
207,0.00623069,0.041834637,0.04361457,0.41692789,0,0.001780183,0.475651436,0,0,0,0,0,0,0
208,0.518907382,0,0,0.003127759,0,0,0.264515754,0.183522507,0,0,0,0,0,0
209,0.348683685,0,0,0,0,0,0.623651255,0.010744466,0,0,0,0,0,0
210,0,0,0,0,0,0,0.990227351,0,0,0,0,0,0,0
211,0.682277008,0,0.003424533,0.126660354,0,0,0.15792568,0.016837133,0,0,0,0,0,0
212,0,0,0,0,0,0,0.979516331,0,0,0,0,0,0,0
213,0.010727021,0,0,0,0,0,0.854628487,0.126397206,0,0,0,0,0,0
214,0.051942053,0.745349104,0,0,0,0,0.121867363,0.050815069,0,0,0,0,0,0
215,0.063849173,0,0,0.00711542,0,0,0.907411242,0.004514574,0,0,0,0,0,0
216,0.620276592,0,0,0.02077665,0.116008246,0,0.210368106,0.007148955,0,0,0,0,0,0
217,0.53975869,0,0,0,0,0,0.305754132,0.123049284,0,0,0,0,0,0
218,0.001481772,0,0.008249588,0,0,0,0.962680317,0,0,0,0.026606942,0,0,0
219,0.091039393,0.817571406,0.003898947,0,0,0,0.072901419,0.003072047,0,0,0,0,0,0
220,0,0,0,0,0,0,0.971293645,0,0,0,0,0,0,0
221,0.004729668,0,0.155170377,0,0,0,0.803432697,0,0,0,0.015049411,0,0,0
222,0,0.964901282,0,0,0,0,0.013026909,0,0,0,0,0,0,0
223,0.584638726,0,0,0,0,0,0.373030414,0,0,0,0,0.073697144,0,0
224,0.081932868,0,0,0,0,0,0.899270961,0,0,0,0,0,0,0
225,0,0.391954056,0.027064554,0.050290926,0,0.009728106,0.116140715,0.390030493,0,0,0,0,0,0
226,0.155309605,0,0,0,0,0,0.83567082,0,0,0,0,0,0,0
227,0.039903205,0.258828909,0.533980021,0,0,0.037403943,0.087557173,0.047060754,0,0,0,0,0,0
228,0,0,0,0,0,0,0.990061475,0,0,0,0,0,0,0
229,0.0164128,0,0.139097242,0,0,0.427924096,0.050287379,0.349475846,0,0,0,0,0,0
230,0.870472293,0,0,0,0,0,0.052605302,0,0,0,0.060830175,0,0,0
231,0,0,0,0,0,0,0.982254825,0,0,0,0,0,0,0
232,0.426206414,0.013998654,0.00331206,0.166017267,0.362274962,0.00884572,0,0,0,0,0,0,0,0
233,0,0,0,0,0,0,0.985011467,0,0,0,0,0,0,0
234,0.061738877,0,0,0.000771239,0,0,0.91798927,0,0,0,0,0,0,0
235,0,0,0,0,0,0,0.975428061,0,0,0,0,0,0,0
236,0,0,0,0,0,0,0.976022896,0,0,0,0,0,0,0
237,0.36058831,0,0.001736346,0.019694399,0,0,0.56578022,0.013444198,0,0,0.022233862,0,0,0
238,0.625231107,0,0.201438866,0,0,0.144800124,0.007888785,0,0,0,0,0,0,0
239,0.014073684,0,0,0,0.872735613,0,0.081263264,0,0,0,0,0,0,0
240,0,0,0,0,0,0,0.977805733,0,0,0,0,0,0,0
241,0,0,0,0,0,0,0.960727498,0,0,0,0.015985874,0,0,0
242,0.231558761,0,0.004693237,0.00804555,0,0,0.691451472,0.057991047,0,0,0,0,0,0
243,0,0,0,0.019226536,0,0.110934477,0.339398795,0.499942041,0,0,0,0,0,0
244,0.023890446,0.827146822,0,0,0,0,0.126552951,0.025705565,0,0,0,0,0,0
245,0.068966806,0,0,0,0,0,0.90341022,0,0,0,0.002979202,0,0,0
246,0.103641265,0,0,0,0,0,0.886679582,0,0,0,0,0,0,0
247,0,0,0,0,0,0,0.976007896,0,0,0,0,0,0,0
248,0,0,0.887535525,0,0,0.055365331,0.024022027,0,0,0,0,0,0,0
249,0,0.048236634,0.036344795,0.139734019,0,0,0.641448771,0.118255751,0,0,0,0,0,0
250,0.093483574,0,0,0,0,0,0.894731251,0,0,0,0,0,0,0
251,0.161251809,0,0.017897598,0.119925858,0.353748349,0,0.223516531,0.118274809,0,0,0,0,0,0
252,0.489725077,0,0,0,0,0,0.488038834,0,0,0,0,0,0,0
253,0,0.625609036,0,0,0,0,0.352288572,0,0,0,0,0,0,0
254,0.003131225,0,0.001346951,0.003472336,0,0,0.980038908,0,0,0,0,0,0,0
255,0.401143126,0,0,0.009320458,0,0,0.565696864,0.004907306,0,0,0,0,0,0
256,0.016918506,0,0,0.008271923,0,0,0.96300166,0,0,0,0.011219383,0,0,0
257,0,0,0.149416131,0,0,0,0.025860534,0,0,0,0.793137589,0,0,0
258,0,0,0,0,0,0,0.9788074,0,0,0,0,0,0,0
259,0.11437124,0,0,0.005363826,0,0,0.869641191,0,0,0,0,0,0,0
260,0,0,0,0,0,0,0.965083497,0,0,0,0,0,0,0
261,0.470085877,0,0,0,0,0,0.520139482,0,0,0,0,0,0,0
262,0,0.012804028,0,0,0,0,0.972886856,0,0,0,0,0,0,0
263,0.353642372,0,0,0,0,0,0.636549644,0,0,0,0,0,0,0
264,0.004767701,0.032369028,0,0,0,0,0.948235148,0,0,0,0,0,0,0
265,0,0,0,0,0,0,0.97829894,0,0,0,0,0,0,0
266,0.053607093,0,0,0,0,0,0.912027105,0,0,0,0,0,0,0
267,0,0.920085526,0,0,0,0,0.045206437,0,0,0,0,0,0,0
268,0.915543493,0,0,0.007543478,0,0,0.043808879,0.004437376,0,0,0,0,0,0
269,0,0.271515502,0,0,0,0.697400879,0,0,0,0.013017036,0,0,0,0
270,0,0.38977431,0,0,0,0.005341347,0.207955455,0.37522274,0,0,0,0,0,0
272,0,0,0,0,0,0,0.977231818,0,0,0,0,0,0,0
273,0.010349175,0.754206805,0,0,0,0.053362237,0,0.147396106,0,0,0,0,0,0
274,0.804075658,0,0,0.018773145,0.016497605,0,0.146121684,0,0,0,0,0,0,0
275,0.032815821,0,0.913427682,0,0,0,0.004762378,0.040068948,0,0,0,0,0,0
276,0,0,0,0,0,0,0.976139744,0,0,0,0,0,0,0
277,0.122138658,0.68630352,0,0.004011672,0,0.082932084,0,0.080260101,0,0,0,0,0,0
278,0,0,0.940367653,0.037882379,0,0,0,0,0,0,0,0,0,0
279,0,0,0,0,0,0,0.981710423,0,0,0,0,0,0,0
280,0.769195599,0,0,0.009629839,0,0,0.075678151,0.127563096,0,0,0,0,0,0
281,0.709209815,0,0,0.077901307,0.028275964,0,0.134682566,0.022909441,0,0,0,0,0,0
282,0.007221112,0,0,0,0,0,0.984599061,0,0,0,0,0,0,0
283,0,0,0,0,0,0,0.967292837,0,0,0,0,0,0,0
284,0,0,0,0,0,0,0.990172788,0,0,0,0,0,0,0
285,0,0.084541597,0,0,0,0,0.815898109,0.078251853,0,0,0,0,0,0
286,0.010632284,0.860170006,0,0,0,0,0.029802731,0.072009507,0,0,0,0,0,0
287,0.852154609,0,0.008220765,0,0,0,0.11476964,0.015142333,0,0,0,0,0,0
288,0,0,0,0,0,0,0.983590862,0,0,0,0,0,0,0
289,0.222941251,0,0,0,0,0,0.760635801,0,0,0,0,0,0,0
290,0.011084697,0.001711369,0,0,0,0,0.978073517,0,0,0,0,0,0,0
291,0,0,0.765127275,0.198471364,0,0,0,0,0,0,0.013380447,0,0,0
292,0.073611311,0,0.01564616,0,0,0.046111613,0.435320779,0.392777508,0,0,0,0,0,0
293,0.38110194,0,0.244863367,0.013251458,0,0,0.078995461,0,0,0,0.247700994,0,0,0
294,0.523868583,0,0,0,0.427445607,0,0.038654344,0.003071883,0,0,0,0,0,0
295,0,0.334128012,0,0,0,0,0.645240566,0,0,0,0,0,0,0
296,0.201213595,0,0,0,0,0,0.756507625,0,0,0,0,0,0,0
297,0,0,0,0,0,0,0.753520746,0,0,0,0.222012141,0,0,0
298,0.302936607,0.03470475,0,0,0,0,0.632550993,0.006243627,0,0,0,0,0,0
299,0,0,0,0,0,0,0.973127042,0,0,0,0,0,0,0
300,0,0.133537132,0,0,0,0,0.838888132,0,0,0,0,0,0,0
301,0,0,0,0,0,0,0.965403288,0,0,0,0,0,0,0
302,0.410316526,0,0,0.00715149,0,0,0.561141033,0,0,0,0,0,0,0
303,0.016451988,0.782648452,0,0.001818918,0,0.078588074,0,0.319773611,0,0,0,0,0,0
304,0.497479789,0.201064373,0,0,0,0,0,0.280957541,0,0,0,0,0,0
305,0.055420784,0,0,0,0,0,0.928364723,0,0,0,0,0,0,0
306,0,0,0,0,0,0,0.969664847,0,0,0,0,0,0,0
307,0,0,0,0,0,0,0.971879341,0,0,0,0,0,0,0
308,0,0,0,0,0,0,0.971490626,0,0,0,0,0,0,0
309,0.08567003,0.851997602,0,0.007337112,0,0,0.030653935,0.010130544,0,0,0,0,0,0
310,0.009013041,0.950309404,0.095983756,0,0,0.004459848,0,0,0,0,0,0,0,0
311,0,0,0,0,0,0,0.96564244,0,0,0,0,0,0,0
312,0,0,0,0,0,0,0.966838374,0,0,0,0,0,0,0
313,0.263508215,0.01450247,0,0,0,0,0.260060181,0.443883212,0,0,0,0,0,0
314,0,0.716039063,0,0,0,0.274122988,0,0,0,0,0,0,0,0
315,0.180781285,0,0,0,0,0,0.802465213,0,0,0,0,0,0,0
316,0,0,0,0,0,0,0.965725032,0,0,0,0,0,0,0
317,0.097910336,0.411869168,0,0,0,0.040379731,0.427713878,0,0,0,0,0,0,0
318,0,0,0,0,0,0,0.969884956,0,0,0,0,0,0,0
319,0,0.01885566,0.00446942,0,0,0,0.980313288,0,0,0,0,0,0,0
320,0.001244414,0,0,0,0,0,0.981737659,0,0,0,0,0,0,0
321,0.002671336,0.125149446,0,0.000890445,0,0.007878877,0.408371076,0.42709276,0,0,0,0,0,0
322,0.215914561,0,0.279659198,0.456614271,0,0.014842528,0.001787331,0,0,0,0,0,0,0
323,0,0,0,0,0,0,0.982111077,0,0,0,0,0,0,0
324,0.500645796,0.056809589,0.009699936,0,0,0,0.297258358,0.086763679,0,0,0.025972647,0,0,0
325,0,0,0,0,0,0,0.978674791,0,0,0,0,0,0,0
326,0.059765872,0,0,0.059896345,0,0,0.512781095,0.348737244,0,0,0,0,0,0
327,0.000626447,0.001974469,0,0,0,0,0.973383622,0,0,0,0,0,0,0
328,0.712208918,0,0.005765427,0,0,0,0.244054167,0,0,0,0,0,0,0
329,0.788673406,0,0,0,0.011396193,0,0.051516439,0.124891018,0,0,0,0,0,0
330,0,0.971364829,0,0,0,0,0,0,0,0,0,0,0,0
331,0,0.012983193,0,0,0,0,0.957523207,0,0,0,0,0,0,0
332,0.000696043,0,0,0,0,0,0.982030294,0,0,0,0,0,0,0
333,0,0,0,0,0,0,0.982796012,0,0,0,0,0,0,0
334,0.033462336,0,0.940730395,0.000818996,0,0,0,0,0,0,0,0,0,0
335,0.343911718,0,0,0,0,0,0.624341517,0,0,0,0,0,0,0
336,0.003878693,0.680899257,0,0,0,0,0.032190907,0.262590538,0,0,0,0,0,0
337,0.004913572,0,0,0,0,0,0.96236511,0,0,0,0,0,0,0
338,0.201021024,0,0.774343135,0,0,0,0.005368153,0,0,0,0,0,0,0
339,0.004462783,0.852546297,0,0.000892557,0,0.011380062,0.003570223,0.111569498,0,0,0,0,0,0
340,0,0,0,0,0,0,0,0.990212601,0,0,0,0,0,0
341,0.003551396,0,0.062275212,0,0,0,0.625521106,0.276168752,0,0,0,0,0,0
342,0,0,0,0,0,0,0.984923437,0,0,0,0,0,0,0
343,0,0,0.007761803,0,0,0.007719387,0.667712658,0.294982167,0,0,0,0,0,0
344,0.002493831,0,0.717464502,0.070663489,0.012534215,0,0.045397836,0,0,0,0.121829988,0,0,0
345,0,0.03057393,0,0,0,0,0.944124091,0,0,0,0,0,0,0
346,0.483528017,0,0,0,0,0,0.500131091,0,0,0,0,0,0,0
347,0.213455973,0,0,0,0,0,0.765638403,0,0,0,0,0,0,0
348,0.629193375,0,0,0,0,0,0.352854562,0.00906859,0,0,0,0,0,0
349,0.003089139,0,0.241246286,0,0,0,0.256616269,0,0,0,0.464803669,0,0,0
350,0,0,0,0,0,0,0.984944759,0,0,0,0,0,0,0
351,0.049605141,0,0.844431447,0.068174869,0,0,0.014649242,0,0,0,0,0,0,0
352,0.04459342,0.041870621,0,0.090756969,0,0,0.590273191,0.233690046,0,0,0,0,0,0
353,0,0,0.708722099,0,0,0.038643962,0.221795137,0,0,0,0,0,0,0
354,0.413631029,0,0,0,0,0,0.567430108,0,0,0,0,0,0,0
355,0,0,0,0,0,0,0.981186155,0,0,0,0,0,0,0
356,0,0,0,0,0,0,0.973890568,0,0,0,0,0,0,0
357,0.97369973,0,0,0,0,0,0.059274963,0.108828416,0,0,0,0,0,0
358,0,0,0,0,0.272533742,0,0,0,0,0,0.000800063,0,0,0
359,0,0,0,0,0,0,0.96683802,0,0,0,0,0,0,0
360,0,0.887536134,0,0,0,0,0.093329019,0,0,0,0,0,0,0
361,0.443255771,0,0,0,0,0,0.530119423,0,0,0,0,0,0,0
362,0.206016011,0,0,0,0,0,0.758472734,0,0,0,0,0,0,0
363,0,0,0,0,0,0,0,0.99012789,0,0,0,0,0,0
364,0,0.073033466,0,0,0,0,0.89735357,0,0,0,0,0,0,0
365,0,0,0,0,0,0,0.781050614,0.194908033,0,0,0,0,0,0
366,0,0.011256112,0,0,0,0,0.951905557,0.026929943,0,0,0,0,0,0
367,0.513959631,0.326972523,0,0.011401723,0.08484845,0,0.002328233,0.022919053,0,0,0,0,0,0.025401173
368,0.016044791,0,0.17771184,0,0,0,0.191208967,0,0,0,0.583676667,0,0,0
369,0.052684365,0,0,0,0,0,0.930363699,0,0,0,0,0,0,0
370,0.25096,0,0.050706143,0,0,0,0.646746684,0.02717167,0,0,0,0,0,0
371,0,0,0,0,0,0,0.980136237,0.004006525,0,0,0,0,0,0
372,0.249280427,0,0,0,0,0,0.707129561,0,0,0,0.012648167,0,0,0
373,0,0,0,0,0,0,0.979254446,0,0,0,0,0,0,0
374,0.011377784,0,0.024108235,0,0,0,0.84067765,0.080042433,0,0,0,0,0,0
375,0,0.010110018,0,0,0,0,0.958908869,0,0,0,0,0,0,0
376,0,0,0,0,0,0,0.968143421,0,0,0,0,0,0,0
377,0.635375077,0,0,0,0,0,0.344539328,0,0,0,0,0,0,0
378,0.065450907,0,0,0,0,0,0.913880971,0,0,0,0,0,0,0
379,0,0,0,0,0,0,0.971958441,0,0,0,0,0,0,0
380,0.271214598,0,0,0.005363833,0.0152788,0,0.683265648,0,0,0,0,0,0,0
381,0.403846726,0,0,0,0,0,0.584691087,0,0,0,0,0,0,0
382,0.036514805,0.167614581,0.002677765,0.033755879,0,0.004590429,0.176257695,0.551136347,0,0,0,0,0,0
383,0,0,0.014791569,0,0,0,0.973575261,0,0,0,0,0,0,0
384,0,0,0,0,0,0,0.598978085,0,0,0,0.374040004,0,0,0
385,0.017965592,0,0,0,0,0,0.975479223,0,0,0,0,0,0,0
386,0.020773453,0,0.951307508,0,0,0,0,0,0,0,0,0,0,0
387,0.218471211,0,0.714094872,0.011485018,0,0,0.029178716,0,0,0,0,0,0,0
388,0,0,0,0,0,0,0.968402896,0,0,0,0,0,0,0
389,0.029409128,0,0.035250231,0,0,0,0.857846145,0.016167958,0,0.05151415,0,0,0,0
390,0,0,0,0,0,0,0.968560336,0,0,0,0,0,0,0
391,0.107960166,0.85043776,0,0,0,0,0.019788537,0.000688403,0,0,0,0,0,0
392,0,0,0,0,0,0,0.950787713,0,0,0,0,0,0,0
393,0.61647712,0.047243456,0,0.002618739,0,0,0.313459512,0,0,0,0,0,0,0
394,0.026379248,0,0,0,0,0.019615955,0.960937368,0,0,0,0,0,0,0
395,0,0,0,0,0,0,0.972230643,0,0,0,0,0,0,0
396,0.961979398,0.026188115,0,0,0,0,0,0,0,0,0,0,0,0
397,0.368708326,0,0,0,0,0,0.60075908,0,0,0,0,0,0,0
398,0,0.494446892,0,0,0,0,0.482687448,0,0,0,0,0,0,0
399,0,0,0,0,0,0,0.97764479,0,0,0,0,0,0,0
400,0,0,0,0,0,0,0.910048061,0.062492297,0,0,0,0,0,0
401,0.836392756,0,0,0,0,0,0.121482879,0.006831222,0,0,0,0,0,0
402,0,0,0,0,0,0,0.812758909,0,0,0,0.154406937,0,0,0
403,0.015022412,0.049499921,0,0.014410696,0,0,0,0.893776809,0,0,0,0,0,0
404,0,0.017334701,0,0,0,0,0.963226337,0,0,0,0,0,0,0
405,0.005088646,0,0.021050425,0,0,0,0.00610295,0.949725663,0,0,0,0,0,0
406,0.168412945,0,0,0.025203816,0,0,0,0,0,0,0.797990925,0,0,0
407,0,0,0,0,0,0,0.982161799,0,0,0,0,0,0,0
408,0.219200964,0,0,0,0,0,0.764093443,0,0,0,0,0,0,0
409,0.255489759,0,0,0,0.72883446,0,0.004896299,0.004406765,0,0,0,0,0,0
410,0.926511778,0.008653643,0,0,0,0,0.037144845,0,0,0,0,0,0,0
411,0.048898752,0,0,0,0,0,0.935791676,0,0,0,0,0,0,0
412,0.022733964,0.545185775,0.035416242,0,0,0.006762945,0.2609984,0.102743793,0,0,0,0,0,0
413,0,0,0,0.908992306,0,0,0,0,0,0,0,0,0,0
414,0.131597873,0.089771298,0,0.049782305,0.581409234,0.057606282,0,0.054701408,0.004694994,0,0,0,0,0
415,0.265940063,0,0,0,0,0,0.695682461,0,0,0,0.011392201,0,0,0
416,0.885941234,0,0.003418212,0,0,0,0.078470742,0,0,0,0,0,0,0
417,0.02412987,0.237750504,0.678818772,0,0,0,0.04138596,0,0,0,0,0,0,0
418,0.005147812,0,0.327203019,0.211290767,0.422059211,0,0,0,0,0,0,0,0,0
419,0,0,0,0,0,0,0.969995665,0,0,0,0,0,0,0
420,0.475882681,0.001337269,0,0.004463418,0.483297327,0,0.004260038,0,0,0,0,0,0,0
421,0.739373499,0,0,0,0,0,0.250893302,0,0,0,0,0,0,0
422,0,0,0.003325211,0,0,0,0.811408438,0.164091195,0,0,0,0,0,0
423,0.472330569,0,0,0.006016717,0.000986011,0,0.463245061,0.007665302,0,0,0.020228563,0,0,0
424,0.918599478,0,0,0,0,0,0.054594364,0,0,0,0,0,0,0
425,0,0,0.004840261,0,0,0,0.934488765,0.036708417,0,0,0,0,0,0
426,0.000890224,0,0,0,0,0,0.966934738,0,0,0,0,0,0,0
427,0.047887248,0,0,0,0.839503936,0,0.091302771,0,0,0,0,0,0,0
428,0,0,0,0,0,0,0.971892616,0,0,0,0,0,0,0
429,0.008938465,0,0,0,0,0,0.984037923,0,0,0,0,0,0,0
430,0.474661998,0,0,0.01382303,0,0,0.486754609,0,0,0,0,0,0,0
431,0.008521418,0,0,0.00443824,0,0,0.973747389,0,0,0,0,0,0,0
432,0.221094075,0,0,0,0,0,0.748409285,0,0.000892888,0,0,0,0,0
433,0,0.685579807,0.051032706,0,0,0.213235308,0.027267816,0,0,0,0,0,0,0
434,0,0,0.479689537,0,0,0.032082203,0.375115843,0.093878406,0,0,0,0,0,0
435,0,0,0,0,0,0,0.990311639,0,0,0,0,0,0,0
436,0,0,0,0,0,0,0.989097318,0,0,0,0,0,0,0
437,0.327888274,0,0,0,0,0,0.647621854,0,0,0,0,0,0,0
438,0,0.967057604,0,0,0,0,0.001782242,0.022978946,0,0,0,0,0,0
439,0.093483574,0,0,0,0,0,0.894731251,0,0,0,0,0,0,0
440,0,0,0.08392678,0,0,0.967983708,0,0,0,0,0,0,0,0
441,0.035071108,0,0.961096217,0,0,0,0,0,0,0,0,0,0,0
442,0.068002742,0,0,0,0,0,0.91404199,0,0,0,0,0,0,0
443,0.017935942,0,0,0,0.791049975,0,0.163209073,0,0,0,0,0,0,0
444,0.149740765,0,0,0.003030595,0,0,0.832099536,0,0,0,0,0,0,0
445,0,0,0.51340579,0,0,0.01259954,0.448632311,0,0,0,0,0,0,0
446,0.110379603,0,0,0,0.620513225,0,0.259465432,0,0,0,0,0,0,0
447,0.781822905,0,0,0,0,0,0.19802868,0,0,0,0,0,0,0
448,0,0.744410451,0,0.005559473,0,0.055548195,0.009871271,0.212648404,0,0,0,0,0,0
449,0.060582121,0.008500586,0,0.008795942,0,0,0,0.907121156,0,0,0,0,0,0
450,0,0.659322057,0,0,0,0,0.311184386,0,0,0,0,0,0,0
451,0.540662466,0,0,0,0.267304748,0,0.170740888,0,0,0,0,0,0,0
452,0.125052894,0,0.922423261,0,0,0,0,0,0,0,0,0,0,0
453,0,0,0,0,0,0,0.973384256,0,0,0,0,0,0,0
454,0.718658912,0.060056617,0,0.070727348,0,0,0.020134106,0.122297758,0,0,0,0,0,0
455,0.002491911,0.932853816,0,0,0,0.028964433,0.006229853,0,0,0,0,0,0,0
456,0.063224444,0.311767415,0.005603327,0.062900192,0.280779964,0.16895611,0.076781618,0,0,0,0,0,0,0
457,0.000893975,0,0,0,0,0,0.982701229,0,0,0,0,0,0,0
458,0.320088254,0,0.002671584,0.020644036,0,0,0.645541518,0,0,0,0.006906497,0,0,0
459,0,0,0.005356398,0,0,0,0.959202408,0.008115761,0,0,0,0,0,0
460,0,0,0,0,0,0,0.976665304,0,0,0,0,0,0,0
461,0.054962217,0,0,0.003071232,0,0,0.920434759,0.003948697,0,0,0,0,0,0
462,0.641262604,0,0,0.011133317,0,0,0.321078171,0,0,0,0,0,0,0
463,0.011174245,0,0,0,0,0,0.973553929,0,0,0,0,0,0,0
464,0,0,0.014791569,0,0,0,0.973575261,0,0,0,0,0,0,0
465,0,0.006312515,0,0,0,0.006059163,0.962494846,0.012387938,0,0,0,0,0,0
466,0,0.940255171,0,0,0,0,0.031971998,0,0,0,0,0,0,0
467,0,0,0,0,0,0,0.804210485,0.162159881,0,0,0,0,0,0
468,0.07822812,0,0,0.010989539,0.887499677,0,0,0,0,0,0,0,0,0
469,0.005146744,0,0.207510963,0.239564691,0.514917532,0,0,0,0,0,0,0,0,0
470,0,0,0,0,0,0,0.970098666,0,0,0,0.006100311,0,0,0
471,0,0,0.004851479,0,0,0,0.969925251,0,0,0,0,0,0,0
472,0.006257816,0,0.402857105,0.542723372,0,0,0,0,0,0,0.023974752,0,0,0