system:index,bio12_annual_precip,bio1_mean_annual_temp,presence,row_code,scientificName,year,.geo
000000000000000000ec,3779.5497142650465,20.585397131649064,0,237,Nephelomys levipes,1900,"{""geodesic"":false,""type"":""Polygon"",""coordinates"":[[[-70.00580984609672,-13.50613397885732],[-69.99661597038148,-13.50613397885732],[-69.99661597038148,-13.497136842035097],[-70.00580984609672,-13.497136842035097],[-70.00580984609672,-13.50613397885732]]]}"
000000000000000000b8,2530.050967357198,16.095434181025773,0,185,Nephelomys keaysi,1901,"{""geodesic"":false,""type"":""Polygon"",""coordinates"":[[[-67.00126259442857,-16.00443452606511],[-66.99196254163802,-16.00443452606511],[-66.99196254163802,-15.995437389249213],[-67.00126259442857,-15.995437389249213],[-67.00126259442857,-16.00443452606511]]]}"
00000000000000000078,1901.6020816787152,19.190670345828742,0,121,Akodon orophilus,1926,"{""geodesic"":false,""type"":""Polygon"",""coordinates"":[[[-77.26821116469783,-6.168932905089053],[-77.25921938689108,-6.168932905089053],[-77.25921938689108,-6.159935768248894],[-77.26821116469783,-6.159935768248894],[-77.26821116469783,-6.168932905089053]]]}"
000000000000000000fb,3375.767257312112,23.756244643660615,0,252,Sciurus igniventris,1929,"{""geodesic"":false,""type"":""Polygon"",""coordinates"":[[[-77.31798472153493,-0.6411324794801162],[-77.3090443849263,-0.6411324794801162],[-77.3090443849263,-0.6321353426268022],[-77.31798472153493,-0.6321353426268022],[-77.31798472153493,-0.6411324794801162]]]}"
000000000000000000cb,2175.812677001953,25.585677440961202,0,204,Aotus vociferans,1931,"{""geodesic"":false,""type"":""Polygon"",""coordinates"":[[[-77.65829847594686,-4.41763434365553],[-77.64933210653561,-4.41763434365553],[-77.64933210653561,-4.408637206811185],[-77.65829847594686,-4.408637206811185],[-77.65829847594686,-4.41763434365553]]]}"
000000000000000000b1,2416.489957682292,26.049999237060547,0,178,Ateles belzebuth,1932,"{""geodesic"":false,""type"":""Polygon"",""coordinates"":[[[-61.75548554556433,0.3963665626226782],[-61.74654554221742,0.3963665626226782],[-61.74654554221742,0.4053636994784506],[-61.75548554556433,0.4053636994784506],[-61.75548554556433,0.3963665626226782]]]}"
00000000000000000072,2115.8295644124346,25.644643878936765,0,115,Saguinus mystax,1936,"{""geodesic"":false,""type"":""Polygon"",""coordinates"":[[[-69.87291246835423,-6.675232615999245],[-69.86391174876658,-6.675232615999245],[-69.86391174876658,-6.6662354791603],[-69.87291246835423,-6.6662354791603],[-69.87291246835423,-6.675232615999245]]]}"
00000000000000000071,1621.165961371528,23.289481347480425,0,114,Saimiri boliviensis,1938,"{""geodesic"":false,""type"":""Polygon"",""coordinates"":[[[-63.67299832103843,-17.456933185008715],[-63.663627143013386,-17.456933185008715],[-63.663627143013386,-17.447936048196574],[-63.67299832103843,-17.447936048196574],[-63.67299832103843,-17.456933185008715]]]}"
000000000000000000f1,2835.527649685555,1.184197180375024,0,242,Caenolestes fuliginosus,1939,"{""geodesic"":false,""type"":""Polygon"",""coordinates"":[[[-78.13968546510175,-0.508335991007759],[-78.130745334749,-0.508335991007759],[-78.130745334749,-0.4993388541541304],[-78.13968546510175,-0.4993388541541304],[-78.13968546510175,-0.508335991007759]]]}"
0000000000000000008f,4289.932118775933,25.049999237060547,0,144,Aotus vociferans,1941,"{""geodesic"":false,""type"":""Polygon"",""coordinates"":[[[-75.72438348070357,1.4753664582297938],[-75.71544071359479,1.4753664582297938],[-75.71544071359479,1.484363595088124],[-75.72438348070357,1.484363595088124],[-75.72438348070357,1.4753664582297938]]]}"
000000000000000000e8,2175.3031854825745,6.632249930267962,0,233,Nectomys apicalis,1955,"{""geodesic"":false,""type"":""Polygon"",""coordinates"":[[[-72.53730164243102,-12.908534173878103],[-72.52813023602162,-12.908534173878103],[-72.52813023602162,-12.899537037054385],[-72.53730164243102,-12.899537037054385],[-72.53730164243102,-12.908534173878103]]]}"
0000000000000000009d,1742.9090139130012,25.818897561281304,0,158,Cerradomys maracajuensis,1964,"{""geodesic"":false,""type"":""Polygon"",""coordinates"":[[[-64.71870758077914,-13.290335783376346],[-64.70952194690183,-13.290335783376346],[-64.70952194690183,-13.28133864655358],[-64.71870758077914,-13.28133864655358],[-64.71870758077914,-13.290335783376346]]]}"
00000000000000000085,2766.561369456691,24.868867502172954,0,134,Sciurus igniventris,1967,"{""geodesic"":false,""type"":""Polygon"",""coordinates"":[[[-65.2331870236992,2.44646502654588],[-65.22423905378639,2.44646502654588],[-65.22423905378639,2.455462163406514],[-65.2331870236992,2.455462163406514],[-65.2331870236992,2.44646502654588]]]}"
000000000000000000a4,6553.5,15.849474436019962,0,165,Platyrrhinus aurarius,1967,"{""geodesic"":false,""type"":""Polygon"",""coordinates"":[[[-65.72289388390641,3.4258664410234596],[-65.71393805333173,3.4258664410234596],[-65.71393805333173,3.4348635778864205],[-65.72289388390641,3.4348635778864205],[-65.72289388390641,3.4258664410234596]]]}"
0000000000000000008c,2503.056822970695,24.04194096608775,0,141,Diclidurus scutatus,1968,"{""geodesic"":false,""type"":""Polygon"",""coordinates"":[[[-61.77209496273732,4.32226614849239],[-61.76312962765255,4.32226614849239],[-61.76312962765255,4.331263285357484],[-61.77209496273732,4.331263285357484],[-61.77209496273732,4.32226614849239]]]}"
00000000000000000091,951.5126791039936,22.038852739136246,0,146,Lonchophylla hesperia,1968,"{""geodesic"":false,""type"":""Polygon"",""coordinates"":[[[-78.81200672285361,-5.778832908530328],[-78.8030213443517,-5.778832908530328],[-78.8030213443517,-5.769835771689235],[-78.81200672285361,-5.769835771689235],[-78.81200672285361,-5.778832908530328]]]}"
00000000000000000069,3269.510778656639,25.75,0,106,Mimon bennettii,1970,"{""geodesic"":false,""type"":""Polygon"",""coordinates"":[[[-70.43729375904141,-3.8200345386762447],[-70.42833411438637,-3.8200345386762447],[-70.42833411438637,-3.811037401830475],[-70.43729375904141,-3.811037401830475],[-70.43729375904141,-3.8200345386762447]]]}"
00000000000000000094,1634.352945122837,26.11087966950472,0,149,Makalata didelphoides,1971,"{""geodesic"":false,""type"":""Polygon"",""coordinates"":[[[-74.72013206471185,-8.252233835456058],[-74.71109884866924,-8.252233835456058],[-74.71109884866924,-8.243236698620915],[-74.72013206471185,-8.243236698620915],[-74.72013206471185,-8.252233835456058]]]}"
00000000000000000076,3353.815804509206,25.495005334561295,0,119,Nectomys rattus,1972,"{""geodesic"":false,""type"":""Polygon"",""coordinates"":[[[-51.1729845561204,1.9982674023619384],[-51.164039307564224,1.9982674023619384],[-51.164039307564224,2.007264539221508],[-51.1729845561204,2.007264539221508],[-51.1729845561204,1.9982674023619384]]]}"
000000000000000000b2,2149.680922385568,26.25,0,179,Caluromys philander,1973,"{""geodesic"":false,""type"":""Polygon"",""coordinates"":[[[-55.18190631386195,5.82456404800104],[-55.17292006523529,5.82456404800104],[-55.17292006523529,5.833561184869721],[-55.18190631386195,5.833561184869721],[-55.18190631386195,5.82456404800104]]]}"
00000000000000000099,1343.395717510049,24.342631985043095,0,154,Eptesicus andinus,1974,"{""geodesic"":false,""type"":""Polygon"",""coordinates"":[[[-78.38870891652782,-5.80373252881271],[-78.37972314228077,-5.80373252881271],[-78.37972314228077,-5.794735391971677],[-78.38870891652782,-5.794735391971677],[-78.38870891652782,-5.80373252881271]]]}"
000000000000000000bb,3574.994034256678,25.550128264051256,0,188,Dermanura anderseni,1974,"{""geodesic"":false,""type"":""Polygon"",""coordinates"":[[[-72.9355923795048,-3.429934542117512],[-72.92663659391837,-3.429934542117512],[-72.92663659391837,-3.420937405270816],[-72.9355923795048,-3.420937405270816],[-72.9355923795048,-3.429934542117512]]]}"
0000000000000000006a,2504.539030216942,25.84248161315918,0,107,Proechimys brevicauda,1979,"{""geodesic"":false,""type"":""Polygon"",""coordinates"":[[[-77.7578947096694,-4.0275343470967995],[-77.74893284165566,-4.0275343470967995],[-77.74893284165566,-4.018537210251527],[-77.7578947096694,-4.018537210251527],[-77.7578947096694,-4.0275343470967995]]]}"
000000000000000000d9,2514.140622965495,25.759122037887572,0,218,Euryoryzomys macconnelli,1979,"{""geodesic"":false,""type"":""Polygon"",""coordinates"":[[[-77.74959636823473,-4.0358327341572435],[-77.74063440883629,-4.0358327341572435],[-77.74063440883629,-4.026835597311989],[-77.74959636823473,-4.026835597311989],[-77.74959636823473,-4.0358327341572435]]]}"
00000000000000000081,3170.818114221343,25.378339735798814,0,130,Cyclopes didactylus,1983,"{""geodesic"":false,""type"":""Polygon"",""coordinates"":[[[-73.25099176292272,-3.0315361584983367],[-73.24203948692787,-3.0315361584983367],[-73.24203948692787,-3.0225390216506938],[-73.25099176292272,-3.0225390216506938],[-73.25099176292272,-3.0315361584983367]]]}"
000000000000000000b3,1126.6681718669954,24.850000381469727,0,180,Akodon toba,1984,"{""geodesic"":false,""type"":""Polygon"",""coordinates"":[[[-62.00471800728108,-18.25373441134792],[-61.99530476445856,-18.25373441134792],[-61.99530476445856,-18.244737274537865],[-62.00471800728108,-18.244737274537865],[-62.00471800728108,-18.25373441134792]]]}"
00000000000000000093,1953.6323071389531,25.25,0,148,Eumops bonariensis,1985,"{""geodesic"":false,""type"":""Polygon"",""coordinates"":[[[-65.90562978056776,-14.56853710034339],[-65.8963931960309,-14.56853710034339],[-65.8963931960309,-14.559539963523841],[-65.90562978056776,-14.559539963523841],[-65.90562978056776,-14.56853710034339]]]}"
00000000000000000095,1896.2173469449265,25.350000381469727,0,150,Eumops patagonicus,1985,"{""geodesic"":false,""type"":""Polygon"",""coordinates"":[[[-65.08393339304509,-14.56853710034339],[-65.07469680850822,-14.56853710034339],[-65.07469680850822,-14.559539963523841],[-65.08393339304509,-14.559539963523841],[-65.08393339304509,-14.56853710034339]]]}"
000000000000000000c7,1124.6933783083543,25.036829936747647,0,200,Uroderma magnirostrum,1985,"{""geodesic"":false,""type"":""Polygon"",""coordinates"":[[[-61.05849551119666,-17.3573347038792],[-61.049129437638555,-17.3573347038792],[-61.049129437638555,-17.3483375670668],[-61.05849551119666,-17.3483375670668],[-61.05849551119666,-17.3573347038792]]]}"
000000000000000000cf,1692.3968546047133,23.850000381469727,0,208,Holochilus brasiliensis,1985,"{""geodesic"":false,""type"":""Polygon"",""coordinates"":[[[-63.0007005084725,-17.490135651452583],[-62.991327621272816,-17.490135651452583],[-62.991327621272816,-17.481138514640527],[-63.0007005084725,-17.481138514640527],[-63.0007005084725,-17.490135651452583]]]}"
000000000000000000c3,1961.0085681253227,25.34949883547696,0,196,Monodelphis glirina,1986,"{""geodesic"":false,""type"":""Polygon"",""coordinates"":[[[-68.24618354588463,-12.13663702692222],[-68.23703953225323,-12.13663702692222],[-68.23703953225323,-12.127639890096583],[-68.24618354588463,-12.127639890096583],[-68.24618354588463,-12.13663702692222]]]}"
000000000000000000c9,1895.3798124839252,24.87912762017898,0,202,Platyrrhinus lineatus,1986,"{""geodesic"":false,""type"":""Polygon"",""coordinates"":[[[-60.88413214006474,-14.502136626556696],[-60.87489832960243,-14.502136626556696],[-60.87489832960243,-14.49313948973698],[-60.88413214006474,-14.49313948973698],[-60.88413214006474,-14.502136626556696]]]}"
000000000000000000e1,1862.9723248442342,18.311080412431195,0,226,Marmosops impavidus,1986,"{""geodesic"":false,""type"":""Polygon"",""coordinates"":[[[-75.43397110776382,-11.17383684566667],[-75.42485872319448,-11.17383684566667],[-75.42485872319448,-11.164839708838658],[-75.43397110776382,-11.164839708838658],[-75.43397110776382,-11.17383684566667]]]}"
000000000000000000f0,2021.0573379516602,26.331774139404295,0,241,Uroderma magnirostrum,1986,"{""geodesic"":false,""type"":""Polygon"",""coordinates"":[[[-52.368194887987244,-3.63743435053807],[-52.359237101815786,-3.63743435053807],[-52.359237101815786,-3.628437213691867],[-52.368194887987244,-3.628437213691867],[-52.368194887987244,-3.63743435053807]]]}"
000000000000000000e5,1788.5275373615202,23.75,0,230,Ctenomys boliviensis,1988,"{""geodesic"":false,""type"":""Polygon"",""coordinates"":[[[-63.15839809836732,-17.373935937101137],[-63.14903117634028,-17.373935937101137],[-63.14903117634028,-17.36493880028878],[-63.15839809836732,-17.36493880028878],[-63.15839809836732,-17.373935937101137]]]}"
000000000000000000c8,2381.1386849899923,25.491073435003106,0,201,Sciurus spadiceus,1991,"{""geodesic"":false,""type"":""Polygon"",""coordinates"":[[[-70.81911695088597,-6.7914367894517635],[-70.81011407726274,-6.7914367894517635],[-70.81011407726274,-6.782439652613097],[-70.81911695088597,-6.782439652613097],[-70.81911695088597,-6.7914367894517635]]]}"
00000000000000000083,2074.439363978216,25.049999237060547,0,132,Lonchophylla thomasi,1992,"{""geodesic"":false,""type"":""Polygon"",""coordinates"":[[[-60.45242144684442,7.343463180731607],[-60.443407639669346,7.343463180731607],[-60.443407639669346,7.352460317603938],[-60.45242144684442,7.352460317603938],[-60.45242144684442,7.343463180731607]]]}"
000000000000000000a7,2527.0171808961964,8.544035321376363,0,168,Nephelomys keaysi,1992,"{""geodesic"":false,""type"":""Polygon"",""coordinates"":[[[-67.85616885908377,-16.319835661776633],[-67.8468539619263,-16.319835661776633],[-67.8468539619263,-16.31083852496155],[-67.85616885908377,-16.31083852496155],[-67.85616885908377,-16.319835661776633]]]}"
000000000000000000eb,1702.6913788981456,25.976441561433784,0,236,Myotis albescens,1992,"{""geodesic"":false,""type"":""Polygon"",""coordinates"":[[[-57.33160385005777,5.318264337090846],[-57.32262535035803,5.318264337090846],[-57.32262535035803,5.327261473958317],[-57.33160385005777,5.327261473958317],[-57.33160385005777,5.318264337090846]]]}"
00000000000000000077,3117.00488783597,13.047342437775539,0,120,Myotis keaysi,1993,"{""geodesic"":false,""type"":""Polygon"",""coordinates"":[[[-65.86419444922947,-17.21623536924538],[-65.85483554918633,-17.21623536924538],[-65.85483554918633,-17.207238232432612],[-65.86419444922947,-17.207238232432612],[-65.86419444922947,-17.21623536924538]]]}"
000000000000000000aa,3185.3559327184903,25.90893622750563,0,171,Lasiurus intermedius,1993,"{""geodesic"":false,""type"":""Polygon"",""coordinates"":[[[-69.94759751283544,-4.226735768456915],[-69.93863339870371,-4.226735768456915],[-69.93863339870371,-4.2177386316121135],[-69.94759751283544,-4.2177386316121135],[-69.94759751283544,-4.226735768456915]]]}"
000000000000000000f2,4066.575403432377,19.546345632584366,0,243,Akodon fumeus,1993,"{""geodesic"":false,""type"":""Polygon"",""coordinates"":[[[-65.54049304422934,-17.14153650839825],[-65.53113791448601,-17.14153650839825],[-65.53113791448601,-17.13253937158529],[-65.54049304422934,-17.13253937158529],[-65.54049304422934,-17.14153650839825]]]}"
000000000000000000e9,3286.2793670654296,22.555820870399472,0,234,Marmosa murina,1994,"{""geodesic"":false,""type"":""Polygon"",""coordinates"":[[[-78.39699578227398,-4.102233207943947],[-78.38803308481216,-4.102233207943947],[-78.38803308481216,-4.093236071098851],[-78.39699578227398,-4.093236071098851],[-78.39699578227398,-4.102233207943947]]]}"
000000000000000000a0,2694.0956737470824,25.19994707226259,0,161,Platyrrhinus aurarius,1998,"{""geodesic"":false,""type"":""Polygon"",""coordinates"":[[[-66.61931264031251,6.28936290540691],[-66.61031864733417,6.28936290540691],[-66.61031864733417,6.298360042276705],[-66.61931264031251,6.298360042276705],[-66.61931264031251,6.28936290540691]]]}"
00000000000000000086,2018.436596882294,25.129012705379502,0,135,Lophostoma schulzi,1999,"{""geodesic"":false,""type"":""Polygon"",""coordinates"":[[[-60.50222094004383,7.368367260115042],[-60.49320662676158,7.368367260115042],[-60.49320662676158,7.377364396987432],[-60.50222094004383,7.377364396987432],[-60.50222094004383,7.368367260115042]]]}"
000000000000000000f7,3183.063830110542,25.450000762939453,0,248,Cormura brevirostris,2003,"{""geodesic"":false,""type"":""Polygon"",""coordinates"":[[[-73.53319477015812,-3.9445326400881564],[-73.52423380574318,-3.9445326400881564],[-73.52423380574318,-3.935535503242685],[-73.53319477015812,-3.935535503242685],[-73.53319477015812,-3.9445326400881564]]]}"
000000000000000000a2,2559.2099923414808,25.749018063683724,0,163,Trinycteris nicefori,2004,"{""geodesic"":false,""type"":""Polygon"",""coordinates"":[[[-53.65470547435172,5.392963197937991],[-53.64572587631021,5.392963197937991],[-53.64572587631021,5.401960334805642],[-53.65470547435172,5.401960334805642],[-53.65470547435172,5.392963197937991]]]}"
000000000000000000b9,3288.995429201245,24.80337167478696,0,186,Rhinophylla fischerae,2006,"{""geodesic"":false,""type"":""Polygon"",""coordinates"":[[[-76.43818629211937,-0.690936179145935],[-76.42924586577081,-0.690936179145935],[-76.42924586577081,-0.681939042292739],[-76.43818629211937,-0.681939042292739],[-76.43818629211937,-0.690936179145935]]]}"
000000000000000000d4,1815.6313395519965,24.868731573904203,0,213,Peropteryx macrotis,2006,"{""geodesic"":false,""type"":""Polygon"",""coordinates"":[[[-56.875097757588904,4.479966716348182],[-56.866130521170454,4.479966716348182],[-56.866130521170454,4.488963853213652],[-56.875097757588904,4.488963853213652],[-56.875097757588904,4.479966716348182]]]}"
00000000000000000065,2071.6850414433757,16.749753676170158,0,102,Lagothrix flavicauda,2007,"{""geodesic"":false,""type"":""Polygon"",""coordinates"":[[[-76.79513490767759,-8.658935065236712],[-76.7860921596168,-8.658935065236712],[-76.7860921596168,-8.649937928402553],[-76.79513490767759,-8.649937928402553],[-76.79513490767759,-8.658935065236712]]]}"
000000000000000000b7,2291.5908507034487,26.8111752949315,0,184,Tonatia saurophila,2007,"{""geodesic"":false,""type"":""Polygon"",""coordinates"":[[[-52.54248375498417,-0.8735363672841109],[-52.53354294180715,-0.8735363672841109],[-52.53354294180715,-0.8645392304313475],[-52.54248375498417,-0.8645392304313475],[-52.54248375498417,-0.8735363672841109]]]}"
000000000000000000be,2747.8985600768283,24.944557585656888,0,191,Microsciurus flaviventer,2007,"{""geodesic"":false,""type"":""Polygon"",""coordinates"":[[[-75.22638534957827,-0.5747364647944643],[-75.21744512209854,-0.5747364647944643],[-75.21744512209854,-0.5657393279409929],[-75.22638534957827,-0.5657393279409929],[-75.22638534957827,-0.5747364647944643]]]}"
000000000000000000da,2168.6841225525154,26.25,0,219,Artibeus concolor,2007,"{""geodesic"":false,""type"":""Polygon"",""coordinates"":[[[-55.14870830651903,5.82456404800104],[-55.13972205789237,5.82456404800104],[-55.13972205789237,5.833561184869723],[-55.14870830651903,5.833561184869723],[-55.14870830651903,5.82456404800104]]]}"
0000000000000000007b,1311.6020041817947,6.38304243839628,0,124,Phyllotis andium,2008,"{""geodesic"":false,""type"":""Polygon"",""coordinates"":[[[-78.26422633200949,-7.9202359256236],[-78.25520054541909,-7.9202359256236],[-78.25520054541909,-7.911238788787656],[-78.26422633200949,-7.911238788787656],[-78.26422633200949,-7.9202359256236]]]}"
000000000000000000d2,2556.8962636311853,25.880275901158655,0,211,Chiroderma villosum,2008,"{""geodesic"":false,""type"":""Polygon"",""coordinates"":[[[-55.17360120973834,4.911563107310178],[-55.16462841786109,4.911563107310178],[-55.16462841786109,4.920560244176678],[-55.17360120973834,4.920560244176678],[-55.17360120973834,4.911563107310178]]]}"
000000000000000000db,2377.4839553202482,24.768482294949617,0,220,Lonchorhina aurita,2008,"{""geodesic"":false,""type"":""Polygon"",""coordinates"":[[[-56.13639468130642,3.7827639711383116],[-56.127435331703964,3.7827639711383116],[-56.127435331703964,3.791761108002121],[-56.13639468130642,3.791761108002121],[-56.13639468130642,3.7827639711383116]]]}"
00000000000000000067,3286.652137091546,25.648713559035944,0,104,Leontocebus nigricollis,2009,"{""geodesic"":false,""type"":""Polygon"",""coordinates"":[[[-70.22149552039723,-3.8117361516158],[-70.21253596219286,-3.8117361516158],[-70.21253596219286,-3.8027390147700117],[-70.22149552039723,-3.8027390147700117],[-70.22149552039723,-3.8117361516158]]]}"
0000000000000000006b,3342.371329786372,25.549999237060547,0,108,Pithecia hirsuta,2009,"{""geodesic"":false,""type"":""Polygon"",""coordinates"":[[[-70.2380920374839,-3.761936911051036],[-70.2291329940938,-3.761936911051036],[-70.2291329940938,-3.752939774205129],[-70.2380920374839,-3.752939774205129],[-70.2380920374839,-3.761936911051036]]]}"
0000000000000000006c,1636.5738424506071,15.795928797446008,0,109,Aotus miconax,2009,"{""geodesic"":false,""type"":""Polygon"",""coordinates"":[[[-77.79940836479183,-5.911633856103736],[-77.79042085558103,-5.911633856103736],[-77.79042085558103,-5.9026367192629605],[-77.79940836479183,-5.9026367192629605],[-77.79940836479183,-5.911633856103736]]]}"
000000000000000000a9,3342.371329786372,25.549999237060547,0,170,Pithecia hirsuta,2009,"{""geodesic"":false,""type"":""Polygon"",""coordinates"":[[[-70.2380920374839,-3.761936911051036],[-70.2291329940938,-3.761936911051036],[-70.2291329940938,-3.752939774205129],[-70.2380920374839,-3.752939774205129],[-70.2380920374839,-3.761936911051036]]]}"
000000000000000000ac,3013.8199815986573,19.782181574293404,0,173,Aotus miconax,2009,"{""geodesic"":false,""type"":""Polygon"",""coordinates"":[[[-76.5959314177663,-8.48463326415899],[-76.58689281311645,-8.48463326415899],[-76.58689281311645,-8.47563612732441],[-76.5959314177663,-8.47563612732441],[-76.5959314177663,-8.48463326415899]]]}"
000000000000000000bf,3941.0715990501817,25.269903198812017,0,192,Plecturocebus caquetensis,2009,"{""geodesic"":false,""type"":""Polygon"",""coordinates"":[[[-75.64138560136453,1.1184644690138856],[-75.63244409962064,1.1184644690138856],[-75.63244409962064,1.1274616058713693],[-75.64138560136453,1.1274616058713693],[-75.64138560136453,1.1184644690138856]]]}"
000000000000000000d5,3076.306886791688,24.8312674320585,0,214,Choloepus didactylus,2009,"{""geodesic"":false,""type"":""Polygon"",""coordinates"":[[[-76.76188630726179,-1.0976329498255557],[-76.75294489517816,-1.0976329498255557],[-76.75294489517816,-1.0886358129733236],[-76.76188630726179,-1.0886358129733236],[-76.76188630726179,-1.0976329498255557]]]}"
000000000000000000fe,621.8172994229038,23.845315666355713,0,255,Vampyrum spectrum,2009,"{""geodesic"":false,""type"":""Polygon"",""coordinates"":[[[-73.51669935894991,-12.950035027382421],[-73.50752642790991,-12.950035027382421],[-73.50752642790991,-12.941037890558807],[-73.51669935894991,-12.941037890558807],[-73.51669935894991,-12.950035027382421]]]}"
00000000000000000061,2620.71012808772,25.566096404776037,0,98,Chiropotes chiropotes,2010,"{""geodesic"":false,""type"":""Polygon"",""coordinates"":[[[-52.4179920614292,3.1851641661590233],[-52.40903840652872,3.1851641661590233],[-52.40903840652872,3.1941613030214113],[-52.4179920614292,3.1941613030214113],[-52.4179920614292,3.1851641661590233]]]}"
000000000000000000cc,2614.1872953676084,25.46219032730799,0,205,Leopardus tigrinus,2010,"{""geodesic"":false,""type"":""Polygon"",""coordinates"":[[[-52.74169593940799,4.0649670995070695],[-52.73273355903194,4.0649670995070695],[-52.73273355903194,4.073964236371551],[-52.74169593940799,4.073964236371551],[-52.74169593940799,4.0649670995070695]]]}"
000000000000000000e2,3247.4963743597646,24.902636832716063,0,227,Lonchophylla thomasi,2010,"{""geodesic"":false,""type"":""Polygon"",""coordinates"":[[[-52.35989629994462,4.405263396399981],[-52.35092997276253,4.405263396399981],[-52.35092997276253,4.414260533265273],[-52.35989629994462,4.414260533265273],[-52.35989629994462,4.405263396399981]]]}"
000000000000000000ea,2200.559334209426,25.033003897333337,0,235,Saimiri boliviensis,2010,"{""geodesic"":false,""type"":""Polygon"",""coordinates"":[[[-68.98489394178097,-12.526732564379856],[-68.97573631282165,-12.526732564379856],[-68.97573631282165,-12.517735427555188],[-68.98489394178097,-12.517735427555188],[-68.98489394178097,-12.526732564379856]]]}"
00000000000000000060,2714.8767331966683,26.8946040681571,0,97,Bradypus tridactylus,2011,"{""geodesic"":false,""type"":""Polygon"",""coordinates"":[[[-60.77608943350023,-2.82403635007778],[-60.767138812985884,-2.82403635007778],[-60.767138812985884,-2.8150392132296433],[-60.77608943350023,-2.8150392132296433],[-60.77608943350023,-2.82403635007778]]]}"
00000000000000000062,1969.9239341202094,24.41516407625175,0,99,Aotus nigriceps,2011,"{""geodesic"":false,""type"":""Polygon"",""coordinates"":[[[-70.61169410788747,-12.510135790258971],[-70.60253706767314,-12.510135790258971],[-70.60253706767314,-12.501138653434262],[-70.61169410788747,-12.501138653434262],[-70.61169410788747,-12.510135790258971]]]}"
00000000000000000096,2412.9051934080007,10.81481886899323,0,151,Caenolestes sangay,2011,"{""geodesic"":false,""type"":""Polygon"",""coordinates"":[[[-78.44678696650142,-2.2347349321589327],[-78.4378404046652,-2.2347349321589327],[-78.4378404046652,-2.225737795309397],[-78.44678696650142,-2.225737795309397],[-78.44678696650142,-2.2347349321589327]]]}"
0000000000000000009f,2377.1135436251943,10.444037029852018,0,160,Nephelomys albigularis,2011,"{""geodesic"":false,""type"":""Polygon"",""coordinates"":[[[-78.45508537880698,-2.243033319219375],[-78.44613876641202,-2.243033319219375],[-78.44613876641202,-2.2340361823698593],[-78.45508537880698,-2.2340361823698593],[-78.45508537880698,-2.243033319219375]]]}"
000000000000000000ca,2453.1455108390364,25.844484739067138,0,203,Pithecia pithecia,2011,"{""geodesic"":false,""type"":""Polygon"",""coordinates"":[[[-52.86618615997279,2.2306668310648794],[-52.857239568884616,2.2306668310648794],[-52.857239568884616,2.2396639679250003],[-52.86618615997279,2.2396639679250003],[-52.86618615997279,2.2306668310648794]]]}"
000000000000000000f5,3691.2301729447618,24.929021059724807,0,246,Cormura brevirostris,2011,"{""geodesic"":false,""type"":""Polygon"",""coordinates"":[[[-52.19389709625161,4.363767001996712],[-52.18493126747068,4.363767001996712],[-52.18493126747068,4.372764138861905],[-52.19389709625161,4.372764138861905],[-52.19389709625161,4.363767001996712]]]}"
000000000000000000f8,2478.9476691632235,25.894459661373425,0,249,Ateles chamek,2011,"{""geodesic"":false,""type"":""Polygon"",""coordinates"":[[[-60.834230792835,-8.468036490038104],[-60.82519257815627,-8.468036490038104],[-60.82519257815627,-8.459039353203481],[-60.834230792835,-8.459039353203481],[-60.834230792835,-8.468036490038104]]]}"
000000000000000000fc,2151.6560740152995,26.33111433982849,0,253,Priodontes maximus,2011,"{""geodesic"":false,""type"":""Polygon"",""coordinates"":[[[-54.326995270988114,4.01516339984125],[-54.31803344143704,4.01516339984125],[-54.31803344143704,4.0241605367056135],[-54.326995270988114,4.0241605367056135],[-54.326995270988114,4.01516339984125]]]}"
000000000000000000a8,3655.994332305656,24.606855723483505,0,169,Plecturocebus discolor,2012,"{""geodesic"":false,""type"":""Polygon"",""coordinates"":[[[-76.90298524930368,-0.790534660275466],[-76.89404462322263,-0.790534660275466],[-76.89404462322263,-0.7815375234225062],[-76.90298524930368,-0.7815375234225062],[-76.90298524930368,-0.790534660275466]]]}"
000000000000000000c0,1844.4488677345373,16.840333384596956,0,193,Lagothrix flavicauda,2012,"{""geodesic"":false,""type"":""Polygon"",""coordinates"":[[[-77.91560565653991,-5.604535566553652],[-77.90662299978777,-5.604535566553652],[-77.90662299978777,-5.595538429712142],[-77.91560565653991,-5.595538429712142],[-77.91560565653991,-5.604535566553652]]]}"
000000000000000000fa,3667.0525692508427,24.9746319386969,0,251,Anoura geoffroyi,2012,"{""geodesic"":false,""type"":""Polygon"",""coordinates"":[[[-52.41799904467596,4.513164723691006],[-52.40903139924256,4.513164723691006],[-52.40903139924256,4.5221618605565554],[-52.41799904467596,4.5221618605565554],[-52.41799904467596,4.513164723691006]]]}"
0000000000000000007c,1643.2173960832145,24.969309597094522,0,125,Rhinophylla pumilio,2013,"{""geodesic"":false,""type"":""Polygon"",""coordinates"":[[[-76.61250694056575,-5.886734235821353],[-76.60351983460866,-5.886734235821353],[-76.60351983460866,-5.877737098980517],[-76.61250694056575,-5.877737098980517],[-76.61250694056575,-5.886734235821353]]]}"
000000000000000000ed,1420.0572787198155,24.06492770801891,0,238,Cebuella niveiventris,2014,"{""geodesic"":false,""type"":""Polygon"",""coordinates"":[[[-71.33378522689216,-12.120035793700279],[-71.3246417823905,-12.120035793700279],[-71.3246417823905,-12.111038656874603],[-71.33378522689216,-12.111038656874603],[-71.33378522689216,-12.120035793700279]]]}"
000000000000000000f9,2133.3725858325797,25.27664959332174,0,250,Callimico goeldii,2014,"{""geodesic"":false,""type"":""Polygon"",""coordinates"":[[[-69.95592751071844,-7.994934786470745],[-69.94690008000462,-7.994934786470745],[-69.94690008000462,-7.9859376496349785],[-69.95592751071844,-7.9859376496349785],[-69.95592751071844,-7.994934786470745]]]}"
00000000000000000068,3247.0621798820025,25.7058168387512,0,105,Leontocebus fuscicollis,2015,"{""geodesic"":false,""type"":""Polygon"",""coordinates"":[[[-73.30909294036607,-3.795134918393861],[-73.30013355454047,-3.795134918393861],[-73.30013355454047,-3.7861377815480335],[-73.30909294036607,-3.7861377815480335],[-73.30909294036607,-3.795134918393861]]]}"
00000000000000000073,4483.801483406508,24.110593472630526,0,116,Cebus yuracus,2015,"{""geodesic"":false,""type"":""Polygon"",""coordinates"":[[[-77.69978236051088,-1.0644349424827302],[-77.69084104578599,-1.0644349424827302],[-77.69084104578599,-1.0554378056304192],[-77.69978236051088,-1.0554378056304192],[-77.69978236051088,-1.0644349424827302]]]}"
00000000000000000092,2349.965692670514,27.03836415714248,0,147,Ateles paniscus,2015,"{""geodesic"":false,""type"":""Polygon"",""coordinates"":[[[-60.0456900317452,-3.15603425991025],[-60.03673670580994,-3.15603425991025],[-60.03673670580994,-3.147037123062903],[-60.0456900317452,-3.147037123062903],[-60.0456900317452,-3.15603425991025]]]}"
0000000000000000009b,1798.8520563299005,23.0685012833146,0,156,Galictis vittata,2015,"{""geodesic"":false,""type"":""Polygon"",""coordinates"":[[[-67.49095360546302,-15.481533581933066],[-67.4816774411639,-15.481533581933066],[-67.4816774411639,-15.472536445115832],[-67.49095360546302,-15.472536445115832],[-67.49095360546302,-15.481533581933066]]]}"
000000000000000000d6,4597.451386637707,22.939009361741945,0,215,Cebuella pygmaea,2015,"{""geodesic"":false,""type"":""Polygon"",""coordinates"":[[[-76.68718303053024,1.1184644690138859],[-76.67824152878636,1.1184644690138859],[-76.67824152878636,1.1274616058713696],[-76.68718303053024,1.1274616058713696],[-76.68718303053024,1.1184644690138859]]]}"
00000000000000000070,1834.1708394200348,25.75,0,113,Saccopteryx leptura,2016,"{""geodesic"":false,""type"":""Polygon"",""coordinates"":[[[-66.17946740918916,-11.132335992162353],[-66.17035632528368,-11.132335992162353],[-66.17035632528368,-11.123338855334234],[-66.17946740918916,-11.123338855334234],[-66.17946740918916,-11.132335992162353]]]}"
0000000000000000007e,4246.667970776063,23.495058336693223,0,127,Vampyriscus bidens,2016,"{""geodesic"":false,""type"":""Polygon"",""coordinates"":[[[-75.89868518326715,1.4255672176650287],[-75.88974261356972,1.4255672176650287],[-75.88974261356972,1.43456435452324],[-75.89868518326715,1.43456435452324],[-75.89868518326715,1.4255672176650287]]]}"
00000000000000000082,3027.468348839471,25.080616290143908,0,131,Gardnerycteris crenulatum,2016,"{""geodesic"":false,""type"":""Polygon"",""coordinates"":[[[-69.21719621402566,4.1230647271322765],[-69.20823318245046,4.1230647271322765],[-69.20823318245046,4.132061863996897],[-69.21719621402566,4.132061863996897],[-69.21719621402566,4.1230647271322765]]]}"
00000000000000000084,2266.977522853994,25.850000381469727,0,133,Mazama nemorivaga,2016,"{""geodesic"":false,""type"":""Polygon"",""coordinates"":[[[-54.318704783826504,5.260166709465638],[-54.3097271276366,5.260166709465638],[-54.3097271276366,5.26916384633297],[-54.318704783826504,5.26916384633297],[-54.318704783826504,5.260166709465638]]]}"
00000000000000000097,1927.9232735339506,25.549999237060547,0,152,Ateles chamek,2016,"{""geodesic"":false,""type"":""Polygon"",""coordinates"":[[[-66.77711931794623,-14.053934543271769],[-66.76790386568231,-14.053934543271769],[-66.76790386568231,-14.04493740645092],[-66.77711931794623,-14.04493740645092],[-66.77711931794623,-14.053934543271769]]]}"
00000000000000000098,2887.388994019061,25.016641482278025,0,153,Atelocynus microtis,2016,"{""geodesic"":false,""type"":""Polygon"",""coordinates"":[[[-73.78218827778765,2.238965218125323],[-73.77324163603174,2.238965218125323],[-73.77324163603174,2.2479623549854635],[-73.78218827778765,2.2479623549854635],[-73.78218827778765,2.238965218125323]]]}"
0000000000000000009a,3225.949881998698,24.73425881067912,0,155,Ateles belzebuth,2016,"{""geodesic"":false,""type"":""Polygon"",""coordinates"":[[[-76.23898490251743,-0.7241341864887609],[-76.23004441259707,-0.7241341864887609],[-76.23004441259707,-0.7151370496356436],[-76.23898490251743,-0.7151370496356436],[-76.23898490251743,-0.7241341864887609]]]}"
0000000000000000009c,3337.2726450602217,25.09962784449259,0,157,Saimiri cassiquiarensis,2016,"{""geodesic"":false,""type"":""Polygon"",""coordinates"":[[[-76.32198195412232,-0.4834363707253762],[-76.31304185709533,-0.4834363707253762],[-76.31304185709533,-0.4744392338716884],[-76.32198195412232,-0.4744392338716884],[-76.32198195412232,-0.4834363707253762]]]}"
000000000000000000c5,2352.3430986206563,25.950838413475957,0,198,Galictis vittata,2016,"{""geodesic"":false,""type"":""Polygon"",""coordinates"":[[[-63.01714371282566,-9.206735629651208],[-63.008087371737346,-9.206735629651208],[-63.008087371737346,-9.197738492818377],[-63.01714371282566,-9.197738492818377],[-63.01714371282566,-9.206735629651208]]]}"
000000000000000000dc,3866.6408681233725,25.146540959676106,0,221,Leopardus wiedii,2016,"{""geodesic"":false,""type"":""Polygon"",""coordinates"":[[[-75.66628586982259,1.4836648452902375],[-75.6573430691603,1.4836648452902375],[-75.6573430691603,1.4926619821485871],[-75.66628586982259,1.4926619821485871],[-75.66628586982259,1.4836648452902375]]]}"
0000000000000000005e,2965.7099679994194,22.79322048849311,0,95,Aotus nigriceps,2017,"{""geodesic"":false,""type"":""Polygon"",""coordinates"":[[[-71.38359585890271,-12.767434839244265],[-71.3744295963629,-12.767434839244265],[-71.3744295963629,-12.758437702420196],[-71.38359585890271,-12.758437702420196],[-71.38359585890271,-12.767434839244265]]]}"
0000000000000000008b,2314.1320425959543,26.099181305818043,0,140,Pteronura brasiliensis,2017,"{""geodesic"":false,""type"":""Polygon"",""coordinates"":[[[-59.9211907401217,-2.8655327444810488],[-59.91223979797955,-2.8655327444810488],[-59.91223979797955,-2.856535607633011],[-59.9211907401217,-2.856535607633011],[-59.9211907401217,-2.8655327444810488]]]}"
000000000000000000ab,3549.8743371884684,25.316721285670255,0,172,Herpailurus yagouaroundi,2017,"{""geodesic"":false,""type"":""Polygon"",""coordinates"":[[[-70.06379512578314,-3.844934158958626],[-70.05483522059146,-3.844934158958626],[-70.05483522059146,-3.8359370221129163],[-70.06379512578314,-3.8359370221129163],[-70.06379512578314,-3.844934158958626]]]}"
000000000000000000ae,3319.7789656136542,25.084498520214034,0,175,Leontocebus nigricollis,2017,"{""geodesic"":false,""type"":""Polygon"",""coordinates"":[[[-76.28048554390814,-0.45853675044299325],[-76.27154547851826,-0.45853675044299325],[-76.27154547851826,-0.4495396135892466],[-76.28048554390814,-0.4495396135892466],[-76.28048554390814,-0.45853675044299325]]]}"
000000000000000000dd,3435.861455766986,25.75,0,222,Mazama nemorivaga,2017,"{""geodesic"":false,""type"":""Polygon"",""coordinates"":[[[-52.11089509379886,4.313963302330893],[-52.101929856914,4.313963302330893],[-52.101929856914,4.322960439195967],[-52.11089509379886,4.322960439195967],[-52.11089509379886,4.313963302330893]]]}"
000000000000000000e6,3405.1508414240798,25.41866633308379,0,231,Lagothrix lagothricha,2017,"{""geodesic"":false,""type"":""Polygon"",""coordinates"":[[[-70.18829279691899,-3.761936911051036],[-70.17933375352891,-3.761936911051036],[-70.17933375352891,-3.752939774205129],[-70.18829279691899,-3.752939774205129],[-70.18829279691899,-3.761936911051036]]]}"
000000000000000000e7,1828.0819676927297,24.841442352484076,0,232,Ateles chamek,2017,"{""geodesic"":false,""type"":""Polygon"",""coordinates"":[[[-69.52438372893415,-12.07023655313552],[-69.51524198664038,-12.07023655313552],[-69.51524198664038,-12.061239416309718],[-69.52438372893415,-12.061239416309718],[-69.52438372893415,-12.07023655313552]]]}"
000000000000000000f6,2871.8095044654438,25.21961076032077,0,247,Ateles paniscus,2017,"{""geodesic"":false,""type"":""Polygon"",""coordinates"":[[[-53.24799317626954,3.5918653959396947],[-53.239035752513495,3.5918653959396947],[-53.239035752513495,3.6008625328030495],[-53.24799317626954,3.6008625328030495],[-53.24799317626954,3.5918653959396947]]]}"
00000000000000000057,2456.667794508558,25.993408662154962,0,88,Pithecia pithecia,2018,"{""geodesic"":false,""type"":""Polygon"",""coordinates"":[[[-60.03738762112325,-2.0106338905164347],[-60.02844235347876,-2.0106338905164347],[-60.02844235347876,-2.001636753666367],[-60.03738762112325,-2.001636753666367],[-60.03738762112325,-2.0106338905164347]]]}"
00000000000000000058,3320.511266937889,24.97609403618144,0,89,Leontocebus nigricollis,2018,"{""geodesic"":false,""type"":""Polygon"",""coordinates"":[[[-76.31368357806872,-0.5000331448462625],[-76.3047434590162,-0.5000331448462625],[-76.3047434590162,-0.4910360079926141],[-76.31368357806872,-0.4910360079926141],[-76.31368357806872,-0.5000331448462625]]]}"
0000000000000000005a,2391.230015633038,24.309090618243435,0,91,Alouatta sara,2018,"{""geodesic"":false,""type"":""Polygon"",""coordinates"":[[[-69.6323041619668,-13.140933602581013],[-69.62312414922354,-13.140933602581013],[-69.62312414922354,-13.131936465757873],[-69.6323041619668,-13.131936465757873],[-69.6323041619668,-13.140933602581013]]]}"
0000000000000000005b,4512.874785237293,24.309513558985287,0,92,Saimiri sciureus,2018,"{""geodesic"":false,""type"":""Polygon"",""coordinates"":[[[-77.54208627588424,-1.0810361757046696],[-77.53314491284893,-1.0810361757046696],[-77.53314491284893,-1.0720390388523982],[-77.54208627588424,-1.0720390388523982],[-77.54208627588424,-1.0810361757046696]]]}"
00000000000000000063,2018.0809497675623,25.085790303127826,0,100,Sapajus apella,2018,"{""geodesic"":false,""type"":""Polygon"",""coordinates"":[[[-68.56154949360919,-9.854134675195224],[-68.55247596416687,-9.854134675195224],[-68.55247596416687,-9.845137538363973],[-68.56154949360919,-9.845137538363973],[-68.56154949360919,-9.854134675195224]]]}"
00000000000000000064,2456.846457741477,24.252438860491292,0,101,Atelocynus microtis,2018,"{""geodesic"":false,""type"":""Polygon"",""coordinates"":[[[-69.7236034827423,-13.09943720817775],[-69.71442501897555,-13.09943720817775],[-69.71442501897555,-13.090440071354509],[-69.7236034827423,-13.090440071354509],[-69.7236034827423,-13.09943720817775]]]}"
00000000000000000089,4036.859214274089,25.68768170674642,0,138,Lophostoma silvicolum,2018,"{""geodesic"":false,""type"":""Polygon"",""coordinates"":[[[-75.25958520575466,1.7409638942755612],[-75.25064127150989,1.7409638942755612],[-75.25064127150989,1.7499610311345208],[-75.25958520575466,1.7499610311345208],[-75.25958520575466,1.7409638942755612]]]}"
0000000000000000008a,3330.330513946281,25.46523798004655,0,139,Trinycteris nicefori,2018,"{""geodesic"":false,""type"":""Polygon"",""coordinates"":[[[-73.40869220964484,-3.9445326400881564],[-73.39973124522992,-3.9445326400881564],[-73.39973124522992,-3.935535503242685],[-73.40869220964484,-3.935535503242685],[-73.40869220964484,-3.9445326400881564]]]}"
000000000000000000a1,2412.1188649495443,26.950000762939453,0,162,Saguinus bicolor,2018,"{""geodesic"":false,""type"":""Polygon"",""coordinates"":[[[-60.095489201180584,-3.1394330266883115],[-60.086536017706806,-3.1394330266883115],[-60.086536017706806,-3.130435889840924],[-60.095489201180584,-3.130435889840924],[-60.095489201180584,-3.1394330266883115]]]}"
000000000000000000bd,3192.7735742592713,25.692541882210254,0,190,Artibeus obscurus,2018,"{""geodesic"":false,""type"":""Polygon"",""coordinates"":[[[-72.52059299699552,-3.4797337826822776],[-72.51163674206957,-3.4797337826822776],[-72.51163674206957,-3.4707366458356996],[-72.52059299699552,-3.4707366458356996],[-72.52059299699552,-3.4797337826822776]]]}"
000000000000000000c2,3328.5252857050623,12.001454183877994,0,195,Tremarctos ornatus,2018,"{""geodesic"":false,""type"":""Polygon"",""coordinates"":[[[-75.8572486926007,-9.779435814348082],[-75.84817720886889,-9.779435814348082],[-75.84817720886889,-9.770438677516648],[-75.8572486926007,-9.770438677516648],[-75.8572486926007,-9.779435814348082]]]}"
000000000000000000d0,2230.5409720646394,26.567298612159316,0,209,Alouatta belzebul,2018,"{""geodesic"":false,""type"":""Polygon"",""coordinates"":[[[-50.741395355859396,-3.8200345386762447],[-50.732435711204324,-3.8200345386762447],[-50.732435711204324,-3.811037401830476],[-50.741395355859396,-3.811037401830476],[-50.741395355859396,-3.8200345386762447]]]}"
000000000000000000d7,3161.4148465864882,24.86085147778523,0,216,Speothos venaticus,2018,"{""geodesic"":false,""type"":""Polygon"",""coordinates"":[[[-74.6951858618012,0.30506646855359015],[-74.68624594675876,0.30506646855359015],[-74.68624594675876,0.31406360540914613],[-74.6951858618012,0.31406360540914613],[-74.6951858618012,0.30506646855359015]]]}"
000000000000000000e0,1335.171650613492,6.971496518716772,0,225,Vicugna vicugna,2018,"{""geodesic"":false,""type"":""Polygon"",""coordinates"":[[[-78.82028394420813,-1.5375366460501092],[-78.81134095832783,-1.5375366460501092],[-78.81134095832783,-1.5285395091989202],[-78.82028394420813,-1.5285395091989202],[-78.82028394420813,-1.5375366460501092]]]}"
0000000000000000005c,2283.614042928396,25.448354390041885,0,93,Rhynchonycteris naso,2019,"{""geodesic"":false,""type"":""Polygon"",""coordinates"":[[[-55.93724711844629,-9.621735246492301],[-55.92817989989647,-9.621735246492301],[-55.92817989989647,-9.61273810966048],[-55.93724711844629,-9.61273810966048],[-55.93724711844629,-9.621735246492301]]]}"
0000000000000000006e,3224.4348418049794,24.950000762939453,0,111,Lagothrix lagothricha,2019,"{""geodesic"":false,""type"":""Polygon"",""coordinates"":[[[-76.36348289255824,-0.5996360850768471],[-76.35454262556061,-0.5996360850768471],[-76.35454262556061,-0.5906389482234348],[-76.36348289255824,-0.5906389482234348],[-76.36348289255824,-0.5996360850768471]]]}"
00000000000000000079,2146.7152955621114,26.25,0,122,Saimiri sciureus,2019,"{""geodesic"":false,""type"":""Polygon"",""coordinates"":[[[-55.41429443595686,4.172863967697042],[-55.40533083878521,4.172863967697042],[-55.40533083878521,4.181861104561779],[-55.41429443595686,4.181861104561779],[-55.41429443595686,4.172863967697042]]]}"
0000000000000000007a,3274.4089446641597,26.049999237060547,0,123,Saguinus midas,2019,"{""geodesic"":false,""type"":""Polygon"",""coordinates"":[[[-52.401400492125966,4.928164340532118],[-52.392427476250894,4.928164340532118],[-52.392427476250894,4.937161477398657],[-52.401400492125966,4.937161477398657],[-52.401400492125966,4.928164340532118]]]}"
0000000000000000008d,4579.495391845703,24.008760142326356,0,142,Saimiri cassiquiarensis,2019,"{""geodesic"":false,""type"":""Polygon"",""coordinates"":[[[-77.52548503054791,-1.0727333295431734],[-77.51654369176818,-1.0727333295431734],[-77.51654369176818,-1.0637361926908822],[-77.52548503054791,-1.0637361926908822],[-77.52548503054791,-1.0727333295431734]]]}"
000000000000000000a5,1628.770892258007,26.090218199733876,0,166,Cebus olivaceus,2019,"{""geodesic"":false,""type"":""Polygon"",""coordinates"":[[[-58.99989772494216,4.172863967697042],[-58.990934127770515,4.172863967697042],[-58.990934127770515,4.181861104561779],[-58.99989772494216,4.181861104561779],[-58.99989772494216,4.172863967697042]]]}"
000000000000000000a6,4391.525131288901,24.650257395510852,0,167,Marmosa rubra,2019,"{""geodesic"":false,""type"":""Polygon"",""coordinates"":[[[-76.67058542978567,0.20546352832300552],[-76.66164558518597,0.20546352832300552],[-76.66164558518597,0.21446066517832557],[-76.67058542978567,0.21446066517832557],[-76.67058542978567,0.20546352832300552]]]}"
000000000000000000af,2800.9205185506353,26.850000381469727,0,176,Dasyprocta prymnolopha,2019,"{""geodesic"":false,""type"":""Polygon"",""coordinates"":[[[-48.492087000745805,-1.4628333261019075],[-48.483144319323294,-1.4628333261019075],[-48.483144319323294,-1.4538361892505411],[-48.492087000745805,-1.4538361892505411],[-48.492087000745805,-1.4628333261019075]]]}"
000000000000000000b4,2236.8703643672197,26.25,0,181,Choloepus didactylus,2019,"{""geodesic"":false,""type"":""Polygon"",""coordinates"":[[[-55.48900860053414,5.766466420375832],[-55.48002327741638,5.766466420375832],[-55.48002327741638,5.775463557244375],[-55.48900860053414,5.775463557244375],[-55.48900860053414,5.766466420375832]]]}"
000000000000000000bc,4191.706113688151,24.850000381469727,0,189,Saimiri cassiquiarensis,2019,"{""geodesic"":false,""type"":""Polygon"",""coordinates"":[[[-76.58758393727003,0.5955635248817404],[-76.57864366245934,0.5955635248817404],[-76.57864366245934,0.6045606617379847],[-76.58758393727003,0.6045606617379847],[-76.58758393727003,0.5955635248817404]]]}"
000000000000000000d8,3309.038905843099,24.510160422325136,0,217,Atelocynus microtis,2019,"{""geodesic"":false,""type"":""Polygon"",""coordinates"":[[[-72.44588612039969,-0.5581352315725246],[-72.43694591832929,-0.5581352315725246],[-72.43694591832929,-0.5491380947190139],[-72.44588612039969,-0.5491380947190139],[-72.44588612039969,-0.5581352315725246]]]}"
000000000000000000df,4138.4502439380185,24.850000381469727,0,224,Leontocebus fuscus,2019,"{""geodesic"":false,""type"":""Polygon"",""coordinates"":[[[-76.60418519120795,0.6204631451641233],[-76.59524487486492,0.6204631451641233],[-76.59524487486492,0.6294602820204266],[-76.60418519120795,0.6294602820204266],[-76.60418519120795,0.6204631451641233]]]}"
000000000000000000ef,2530.7962519855423,25.174612179831353,0,240,Chiropotes albinasus,2019,"{""geodesic"":false,""type"":""Polygon"",""coordinates"":[[[-55.962145632580004,-9.538733539483658],[-55.953080629715004,-9.538733539483658],[-55.953080629715004,-9.529736402651638],[-55.962145632580004,-9.529736402651638],[-55.962145632580004,-9.538733539483658]]]}"
000000000000000000f3,3404.2843491735534,25.954355854633423,0,244,Saimiri sciureus,2019,"{""geodesic"":false,""type"":""Polygon"",""coordinates"":[[[-52.31009978786954,4.8368642464630325],[-52.30112799443523,4.8368642464630325],[-52.30112799443523,4.8458613833293525],[-52.31009978786954,4.8458613833293525],[-52.31009978786954,4.8368642464630325]]]}"
000000000000000000ff,4134.29780883789,23.65372653802236,0,256,Oecomys bicolor,2019,"{""geodesic"":false,""type"":""Polygon"",""coordinates"":[[[-77.94048465950439,-1.0810361757046694],[-77.93154329646906,-1.0810361757046694],[-77.93154329646906,-1.072039038852398],[-77.94048465950439,-1.072039038852398],[-77.94048465950439,-1.0810361757046694]]]}"
00000000000000000100,3155.235880031508,20.012815883620778,0,257,Sapajus apella,2019,"{""geodesic"":false,""type"":""Polygon"",""coordinates"":[[[-71.50810343235477,-13.041335121451498],[-71.49892712845714,-13.041335121451498],[-71.49892712845714,-13.032337984628109],[-71.50810343235477,-13.032337984628109],[-71.50810343235477,-13.041335121451498]]]}"
00000000000000000101,2347.5630328546417,25.10277402252577,0,258,Chiropotes albinasus,2019,"{""geodesic"":false,""type"":""Polygon"",""coordinates"":[[[-56.070043916060136,-9.306334110780734],[-56.06098501013324,-9.306334110780734],[-56.06098501013324,-9.297336973948148],[-56.070043916060136,-9.297336973948148],[-56.070043916060136,-9.306334110780734]]]}"
00000000000000000080,2223.7137057722107,26.25,0,129,Choloepus didactylus,2020,"{""geodesic"":false,""type"":""Polygon"",""coordinates"":[[[-55.14040512987149,5.783063194496718],[-55.13141954332531,5.783063194496718],[-55.13141954332531,5.792060331365301],[-55.14040512987149,5.792060331365301],[-55.14040512987149,5.783063194496718]]]}"
00000000000000000090,3071.360125732422,24.95419316291809,0,145,Saimiri cassiquiarensis,2020,"{""geodesic"":false,""type"":""Polygon"",""coordinates"":[[[-73.9149930912115,3.2681658731676673],[-73.90603870404095,3.2681658731676673],[-73.90603870404095,3.277163010030253],[-73.9149930912115,3.277163010030253],[-73.9149930912115,3.2681658731676673]]]}"
0000000000000000009e,1419.870051846959,5.128882228091544,0,159,Vicugna vicugna,2020,"{""geodesic"":false,""type"":""Polygon"",""coordinates"":[[[-78.87008316749929,-1.529233799888613],[-78.86114021620969,-1.529233799888613],[-78.86114021620969,-1.5202366630374042],[-78.87008316749929,-1.5202366630374042],[-78.87008316749929,-1.529233799888613]]]}"
000000000000000000c6,2139.8639026988635,26.346660614013672,0,199,Saguinus midas,2020,"{""geodesic"":false,""type"":""Polygon"",""coordinates"":[[[-55.190203005795205,4.994564814318822],[-55.18122908634366,4.994564814318822],[-55.18122908634366,5.003561951185519],[-55.190203005795205,5.003561951185519],[-55.190203005795205,4.994564814318822]]]}"
000000000000000000ce,3295.8587925068077,26.257884813047546,0,207,Cacajao calvus,2020,"{""geodesic"":false,""type"":""Polygon"",""coordinates"":[[[-64.68538847650964,-2.9983336920544597],[-64.67643647334363,-2.9983336920544597],[-64.67643647334363,-2.989336555206737],[-64.68538847650964,-2.989336555206737],[-64.68538847650964,-2.9983336920544597]]]}"
000000000000000000d3,2464.974269394047,26.516033613977356,0,212,Saguinus bicolor,2020,"{""geodesic"":false,""type"":""Polygon"",""coordinates"":[[[-59.89629178582501,-3.0315361584983367],[-59.887339509830156,-3.0315361584983367],[-59.887339509830156,-3.0225390216506938],[-59.89629178582501,-3.0225390216506938],[-59.89629178582501,-3.0315361584983367]]]}"
00000000000000000056,1953.7590074775633,25.36963056926885,0,87,Sciurus spadiceus,2021,"{""geodesic"":false,""type"":""Polygon"",""coordinates"":[[[-67.6734512723918,-9.7545361940657],[-67.66438046693274,-9.7545361940657],[-67.66438046693274,-9.745539057234206],[-67.6734512723918,-9.745539057234206],[-67.6734512723918,-9.7545361940657]]]}"
00000000000000000059,2325.552909914127,25.151257530716823,0,90,Ateles chamek,2021,"{""geodesic"":false,""type"":""Polygon"",""coordinates"":[[[-71.96452830684362,-7.87873507211928],[-71.95550342680122,-7.87873507211928],[-71.95550342680122,-7.8697379352832355],[-71.96452830684362,-7.8697379352832355],[-71.96452830684362,-7.87873507211928]]]}"
0000000000000000005d,1852.3647526512461,25.75,0,94,Holochilus sciureus,2021,"{""geodesic"":false,""type"":""Polygon"",""coordinates"":[[[-66.10476700041471,-11.032733051931773],[-66.09565901712487,-11.032733051931773],[-66.09565901712487,-11.023735915103414],[-66.10476700041471,-11.023735915103414],[-66.10476700041471,-11.032733051931773]]]}"
0000000000000000005f,3350.244082111958,25.03107458697863,0,96,Rhynchonycteris naso,2021,"{""geodesic"":false,""type"":""Polygon"",""coordinates"":[[[-76.28048553383505,-0.44193551722105373],[-76.27154548860021,-0.44193551722105373],[-76.27154548860021,-0.4329383803672677],[-76.28048553383505,-0.4329383803672677],[-76.28048553383505,-0.44193551722105373]]]}"
0000000000000000006f,2323.587773598915,25.224471155276966,0,112,Chiropotes albinasus,2021,"{""geodesic"":false,""type"":""Polygon"",""coordinates"":[[[-55.887446003445746,-9.480635911858455],[-55.87838253950672,-9.480635911858455],[-55.87838253950672,-9.471638775026292],[-55.887446003445746,-9.471638775026292],[-55.887446003445746,-9.480635911858455]]]}"
00000000000000000075,3391.178209486839,24.660736392642452,0,118,Leopardus pardalis,2021,"{""geodesic"":false,""type"":""Polygon"",""coordinates"":[[[-76.85318562168523,-0.22613286263899834],[-76.84424577015321,-0.22613286263899834],[-76.84424577015321,-0.21713572578470092],[-76.85318562168523,-0.21713572578470092],[-76.85318562168523,-0.22613286263899834]]]}"
00000000000000000087,4124.005131997353,21.157323435318375,0,136,Nasua nasua,2021,"{""geodesic"":false,""type"":""Polygon"",""coordinates"":[[[-76.6871831619049,1.2014661760225305],[-76.67824139687887,1.2014661760225305],[-76.67824139687887,1.210463312880211],[-76.6871831619049,1.210463312880211],[-76.6871831619049,1.2014661760225305]]]}"
00000000000000000088,1852.3647526512461,25.75,0,137,Isothrix bistriata,2021,"{""geodesic"":false,""type"":""Polygon"",""coordinates"":[[[-66.10476700041471,-11.032733051931773],[-66.09565901712487,-11.032733051931773],[-66.09565901712487,-11.023735915103414],[-66.10476700041471,-11.023735915103414],[-66.10476700041471,-11.032733051931773]]]}"
000000000000000000a3,613.8556832521541,15.47899202260461,0,164,Eira barbara,2021,"{""geodesic"":false,""type"":""Polygon"",""coordinates"":[[[-65.1836384105624,-18.917734690113747],[-65.17418842255061,-18.917734690113747],[-65.17418842255061,-18.908737553305443],[-65.1836384105624,-18.908737553305443],[-65.1836384105624,-18.917734690113747]]]}"
000000000000000000b0,2765.9923272983665,26.722996169600744,0,177,Coendou prehensilis,2021,"{""geodesic"":false,""type"":""Polygon"",""coordinates"":[[[-60.17019280789269,-3.2058335004750154],[-60.16123905007442,-3.2058335004750154],[-60.16123905007442,-3.1968363636277863],[-60.17019280789269,-3.1968363636277863],[-60.17019280789269,-3.2058335004750154]]]}"
000000000000000000ba,3003.48529529964,19.32715795069565,0,187,Lagothrix lagothricha,2021,"{""geodesic"":false,""type"":""Polygon"",""coordinates"":[[[-71.5330032063208,-13.04963350851194],[-71.52382659458131,-13.04963350851194],[-71.52382659458131,-13.040636371688574],[-71.5330032063208,-13.040636371688574],[-71.5330032063208,-13.04963350851194]]]}"
000000000000000000c1,3407.7811662658187,24.950000762939453,0,194,Caluromys lanatus,2021,"{""geodesic"":false,""type"":""Polygon"",""coordinates"":[[[-76.57098260541267,-0.46683513750343647],[-76.56204252966658,-0.46683513750343647],[-76.56204252966658,-0.45783800064970936],[-76.57098260541267,-0.45783800064970936],[-76.57098260541267,-0.46683513750343647]]]}"
000000000000000000c4,1864.3753400888952,25.58720631069607,0,197,Marmosa murina,2021,"{""geodesic"":false,""type"":""Polygon"",""coordinates"":[[[-65.98856741453214,-11.041035898093273],[-65.97945917390882,-11.041035898093273],[-65.97945917390882,-11.03203876126493],[-65.98856741453214,-11.03203876126493],[-65.98856741453214,-11.041035898093273]]]}"
000000000000000000cd,3729.218007447809,24.78780383193147,0,206,Cebus yuracus,2021,"{""geodesic"":false,""type"":""Polygon"",""coordinates"":[[[-76.35518426533802,-0.04353267450082231],[-76.34624447864718,-0.04353267450082231],[-76.34624447864718,-0.03453553764609225],[-76.35518426533802,-0.03453553764609225],[-76.35518426533802,-0.04353267450082231]]]}"
000000000000000000d1,2673.4767397805367,-1.356506012526971,0,210,Lycalopex culpaeus,2021,"{""geodesic"":false,""type"":""Polygon"",""coordinates"":[[[-78.43848551548255,-0.690936179145935],[-78.429545089134,-0.690936179145935],[-78.429545089134,-0.681939042292739],[-78.43848551548255,-0.681939042292739],[-78.43848551548255,-0.690936179145935]]]}"
000000000000000000de,3434.555212402344,24.718226146697997,0,223,Leontocebus nigricollis,2021,"{""geodesic"":false,""type"":""Polygon"",""coordinates"":[[[-76.92788462191835,-0.5083359910077588],[-76.9189444915656,-0.5083359910077588],[-76.9189444915656,-0.4993388541541303],[-76.92788462191835,-0.4993388541541303],[-76.92788462191835,-0.5083359910077588]]]}"
000000000000000000ee,2276.992872309388,24.918130486832613,0,239,Ateles chamek,2021,"{""geodesic"":false,""type"":""Polygon"",""coordinates"":[[[-73.71582256269971,-7.472033842338624],[-73.70680630689537,-7.472033842338624],[-73.70680630689537,-7.4630367055015965],[-73.71582256269971,-7.4630367055015965],[-73.71582256269971,-7.472033842338624]]]}"
000000000000000000f4,1989.604767732106,24.999560336354364,0,245,Chiropotes albinasus,2021,"{""geodesic"":false,""type"":""Polygon"",""coordinates"":[[[-55.414381410748696,-11.954036838784063],[-55.40524361102404,-11.954036838784063],[-55.40524361102404,-11.945039701957972],[-55.414381410748696,-11.945039701957972],[-55.414381410748696,-11.954036838784063]]]}"
00000000000000000066,1459.3458709088866,23.349397941871928,0,103,Saimiri boliviensis,2022,"{""geodesic"":false,""type"":""Polygon"",""coordinates"":[[[-63.258006885797265,-17.772334320720212],[-63.24861931915301,-17.772334320720212],[-63.24861931915301,-17.7633371839089],[-63.258006885797265,-17.7633371839089],[-63.258006885797265,-17.772334320720212]]]}"
0000000000000000006d,1045.5683343605915,25.049999237060547,0,110,Cerdocyon thous,2022,"{""geodesic"":false,""type"":""Polygon"",""coordinates"":[[[-60.726507462037674,-17.739136313377404],[-60.7171216364992,-17.739136313377404],[-60.7171216364992,-17.730139176566002],[-60.726507462037674,-17.730139176566002],[-60.726507462037674,-17.739136313377404]]]}"
00000000000000000074,1902.3073640046296,25.850000381469727,0,117,Euphractus sexcinctus,2022,"{""geodesic"":false,""type"":""Polygon"",""coordinates"":[[[-66.10481488127793,-13.763433027842606],[-66.09561098854515,-13.763433027842606],[-66.09561098854515,-13.754435891021023],[-66.10481488127793,-13.754435891021023],[-66.10481488127793,-13.763433027842606]]]}"
0000000000000000007d,1659.671332967625,2.0421335672645413,0,126,Hippocamelus antisensis,2022,"{""geodesic"":false,""type"":""Polygon"",""coordinates"":[[[-71.37534355047121,-15.083135198313954],[-71.36608498813781,-15.083135198313954],[-71.36608498813781,-15.074138061495708],[-71.37534355047121,-15.074138061495708],[-71.37534355047121,-15.083135198313954]]]}"
0000000000000000007f,2277.927404785156,25.90528456370036,0,128,Alouatta macconnelli,2022,"{""geodesic"":false,""type"":""Polygon"",""coordinates"":[[[-55.497298995565664,4.645965671264415],[-55.4883296834697,4.645965671264415],[-55.4883296834697,4.65496280813028],[-55.497298995565664,4.65496280813028],[-55.497298995565664,4.645965671264415]]]}"
0000000000000000008e,1735.433705731857,25.546549434504236,0,143,Sciurus spadiceus,2022,"{""geodesic"":false,""type"":""Polygon"",""coordinates"":[[[-67.87265108421172,-9.962036002486244],[-67.86357457089757,-9.962036002486244],[-67.86357457089757,-9.953038865655257],[-67.87265108421172,-9.953038865655257],[-67.87265108421172,-9.962036002486244]]]}"
000000000000000000ad,1963.6145665192407,25.006149150123278,0,174,Ateles marginatus,2022,"{""geodesic"":false,""type"":""Polygon"",""coordinates"":[[[-55.56378233697964,-11.87933351883587],[-55.55464705025109,-11.87933351883587],[-55.55464705025109,-11.870336382009594],[-55.56378233697964,-11.870336382009594],[-55.56378233697964,-11.87933351883587]]]}"
000000000000000000b5,3484.814713541666,25.5967370669047,0,182,Dasypus novemcinctus,2022,"{""geodesic"":false,""type"":""Polygon"",""coordinates"":[[[-73.17629074734553,-3.5461342564689837],[-73.16733385601647,-3.5461342564689837],[-73.16733385601647,-3.5371371196225634],[-73.17629074734553,-3.5371371196225634],[-73.17629074734553,-3.5461342564689837]]]}"
000000000000000000b6,2216.3739233798674,25.025014017449053,0,183,Dasyprocta variegata,2022,"{""geodesic"":false,""type"":""Polygon"",""coordinates"":[[[-69.05959368715254,-12.57653626404567],[-69.05043428641507,-12.57653626404567],[-69.05043428641507,-12.567539127221124],[-69.05959368715254,-12.567539127221124],[-69.05959368715254,-12.57653626404567]]]}"
000000000000000000e3,2436.4773212606974,26.59783433779641,0,228,Didelphis marsupialis,2022,"{""geodesic"":false,""type"":""Polygon"",""coordinates"":[[[-60.087190395306024,-3.0398345455587816],[-60.0782380506501,-3.0398345455587816],[-60.0782380506501,-3.0308374087111574],[-60.087190395306024,-3.0308374087111574],[-60.087190395306024,-3.0398345455587816]]]}"
000000000000000000e4,2803.847774774702,25.66875482298032,0,229,Philander opossum,2022,"{""geodesic"":false,""type"":""Polygon"",""coordinates"":[[[-53.05710266501191,4.96966519403644],[-53.04812908582765,4.96966519403644],[-53.04812908582765,4.978662330903078],[-53.05710266501191,4.978662330903078],[-53.05710266501191,4.96966519403644]]]}"
000000000000000000fd,5804.8169978604765,17.954113528936233,0,254,Lagothrix lagothricha,2022,"{""geodesic"":false,""type"":""Polygon"",""coordinates"":[[[-77.84918417113047,-0.7656350399930834],[-77.84024359751618,-0.7656350399930834],[-77.84024359751618,-0.7566379031400645],[-77.84918417113047,-0.7566379031400645],[-77.84918417113047,-0.7656350399930834]]]}"
00000000000000000055,4586.547778320313,24.27025176684062,1,86,Marmosops noctivagus,1936,"{""geodesic"":false,""type"":""Polygon"",""coordinates"":[[[-77.8214666622322,-0.9874976129067572],[-77.81252556159176,-0.9874976129067572],[-77.81252556159176,-0.9785004760542639],[-77.8214666622322,-0.9785004760542639],[-77.8214666622322,-0.9874976129067572]]]}"
00000000000000000054,2701.9999778053975,23.179962118795096,1,85,Marmosops noctivagus,1946,"{""geodesic"":false,""type"":""Polygon"",""coordinates"":[[[-75.98785391851885,-9.304496961146715],[-75.97879506016281,-9.304496961146715],[-75.97879506016281,-9.295499824314122],[-75.98785391851885,-9.295499824314122],[-75.98785391851885,-9.304496961146715]]]}"
00000000000000000053,5117.717111634814,18.1026752408871,1,84,Marmosops noctivagus,1949,"{""geodesic"":false,""type"":""Polygon"",""coordinates"":[[[-70.72125282682151,-13.40449768854638],[-70.71206285091688,-13.40449768854638],[-70.71206285091688,-13.395500551723902],[-70.72125282682151,-13.395500551723902],[-70.72125282682151,-13.40449768854638]]]}"
00000000000000000052,4001.2963332499353,22.919861919623763,1,83,Marmosops noctivagus,1951,"{""geodesic"":false,""type"":""Polygon"",""coordinates"":[[[-70.63791415756825,-13.271166107947627],[-70.62872924881214,-13.271166107947627],[-70.62872924881214,-13.262168971124813],[-70.63791415756825,-13.262168971124813],[-70.63791415756825,-13.271166107947627]]]}"
00000000000000000050,3044.20431947314,25.049999237060547,1,81,Marmosops noctivagus,1952,"{""geodesic"":false,""type"":""Polygon"",""coordinates"":[[[-74.68779707843782,0.12883387671971971],[-74.67885726964462,0.12883387671971971],[-74.67885726964462,0.13783101357485814],[-74.68779707843782,0.13783101357485814],[-74.68779707843782,0.12883387671971971]]]}"
00000000000000000051,3583.2253792790452,25.05306991007318,1,82,Marmosops noctivagus,1952,"{""geodesic"":false,""type"":""Polygon"",""coordinates"":[[[-75.3377959155876,0.4621695168682231],[-75.32885583451902,0.4621695168682231],[-75.32885583451902,0.4711666537241514],[-75.3377959155876,0.4711666537241514],[-75.3377959155876,0.4621695168682231]]]}"
0000000000000000004f,3639.478961534737,23.174506873138682,1,80,Marmosops noctivagus,1953,"{""geodesic"":false,""type"":""Polygon"",""coordinates"":[[[-70.58792286135987,-13.25449798820989],[-70.57873858217135,-13.25449798820989],[-70.57873858217135,-13.245500851387035],[-70.58792286135987,-13.245500851387035],[-70.58792286135987,-13.25449798820989]]]}"
0000000000000000004e,2969.3927748498836,25.7968600880016,1,79,Marmosops noctivagus,1956,"{""geodesic"":false,""type"":""Polygon"",""coordinates"":[[[-74.22114577582506,-4.837828813223894],[-74.21217408719237,-4.837828813223894],[-74.21217408719237,-4.828831676380551],[-74.22114577582506,-4.828831676380551],[-74.22114577582506,-4.837828813223894]]]}"
0000000000000000004d,3390.0828031801084,25.75,1,78,Marmosops noctivagus,1957,"{""geodesic"":false,""type"":""Polygon"",""coordinates"":[[[-72.7711407695868,-3.4378316100831467],[-72.76218491002805,-3.4378316100831467],[-72.76218491002805,-3.4288344732364684],[-72.7711407695868,-3.4288344732364684],[-72.7711407695868,-3.4378316100831467]]]}"
0000000000000000004c,1612.312022862098,24.05651075909247,1,77,Marmosops noctivagus,1962,"{""geodesic"":false,""type"":""Polygon"",""coordinates"":[[[-71.13789836748201,-12.204495626753388],[-71.12875201877405,-12.204495626753388],[-71.12875201877405,-12.19549848992792],[-71.13789836748201,-12.19549848992792],[-71.13789836748201,-12.204495626753388]]]}"
0000000000000000004b,3430.749787394206,25.004628801345827,1,76,Marmosops noctivagus,1965,"{""geodesic"":false,""type"":""Polygon"",""coordinates"":[[[-76.62112961926978,-0.4044969047764108],[-76.61218961673283,-0.4044969047764108],[-76.61218961673283,-0.3954997679225361],[-76.62112961926978,-0.3954997679225361],[-76.62112961926978,-0.4044969047764108]]]}"
0000000000000000004a,4026.413929792856,23.76696651506226,1,75,Marmosops noctivagus,1966,"{""geodesic"":false,""type"":""Polygon"",""coordinates"":[[[-76.63779847678022,1.112168218326435],[-76.62885699424177,1.112168218326435],[-76.62885699424177,1.1211653551839034],[-76.63779847678022,1.1211653551839034],[-76.63779847678022,1.112168218326435]]]}"
00000000000000000048,3896.7938946609183,24.53381048495344,1,73,Marmosops noctivagus,1968,"{""geodesic"":false,""type"":""Polygon"",""coordinates"":[[[-76.79288516662646,0.050986890528846016],[-76.78394537783431,0.050986890528846016],[-76.78394537783431,0.05998402738380003],[-76.79288516662646,0.05998402738380003],[-76.79288516662646,0.050986890528846016]]]}"
00000000000000000049,4472.767718505859,24.2804692586263,1,74,Marmosops noctivagus,1968,"{""geodesic"":false,""type"":""Polygon"",""coordinates"":[[[-77.48746800190435,-1.7374961145893086],[-77.47852412615451,-1.7374961145893086],[-77.47852412615451,-1.7284989777385933],[-77.48746800190435,-1.7284989777385933],[-77.48746800190435,-1.7374961145893086]]]}"
00000000000000000047,1731.107118457433,24.849592161767276,1,72,Marmosops noctivagus,1971,"{""geodesic"":false,""type"":""Polygon"",""coordinates"":[[[-71.22153653437572,-10.137497169837856],[-71.2124550959144,-10.137497169837856],[-71.2124550959144,-10.128500033007297],[-71.22153653437572,-10.128500033007297],[-71.22153653437572,-10.137497169837856]]]}"
00000000000000000046,3004.112951001686,24.42024413777585,1,71,Marmosops noctivagus,1972,"{""geodesic"":false,""type"":""Polygon"",""coordinates"":[[[-76.99345999379294,0.07950284176556484],[-76.98452019958967,0.07950284176556484],[-76.98452019958967,0.08849997862058642],[-76.99345999379294,0.08849997862058642],[-76.99345999379294,0.07950284176556484]]]}"
00000000000000000045,2506.7343344787346,23.385290383303314,1,70,Marmosops noctivagus,1974,"{""geodesic"":false,""type"":""Polygon"",""coordinates"":[[[-54.704522790405775,-9.174496329034872],[-54.69546727336451,-9.174496329034872],[-54.69546727336451,-9.165499192201967],[-54.704522790405775,-9.165499192201967],[-54.704522790405775,-9.174496329034872]]]}"
00000000000000000044,2282.7136464436844,26.152465025583904,1,69,Marmosops noctivagus,1975,"{""geodesic"":false,""type"":""Polygon"",""coordinates"":[[[-56.75448286036117,-5.674498862082052],[-56.745499121279266,-5.674498862082052],[-56.745499121279266,-5.665501725240707],[-56.75448286036117,-5.665501725240707],[-56.75448286036117,-5.674498862082052]]]}"
00000000000000000043,1917.741749363816,25.450000762939453,1,68,Marmosops noctivagus,1976,"{""geodesic"":false,""type"":""Polygon"",""coordinates"":[[[-68.68452136776177,-9.084498292473393],[-68.67546813514005,-9.084498292473393],[-68.67546813514005,-9.075501155640264],[-68.68452136776177,-9.075501155640264],[-68.68452136776177,-9.084498292473393]]]}"
00000000000000000042,2524.888988353588,18.359769515049315,1,67,Marmosops noctivagus,1978,"{""geodesic"":false,""type"":""Polygon"",""coordinates"":[[[-67.5046339416264,-15.67116577243247],[-67.49534921761449,-15.67116577243247],[-67.49534921761449,-15.662168635615723],[-67.5046339416264,-15.662168635615723],[-67.5046339416264,-15.67116577243247]]]}"
0000000000000000003f,1993.849852510931,23.26897212997876,1,64,Marmosops noctivagus,1979,"{""geodesic"":false,""type"":""Polygon"",""coordinates"":[[[-67.55463379567377,-15.471166171983832],[-67.54535809596064,-15.471166171983832],[-67.54535809596064,-15.462169035166573],[-67.55463379567377,-15.462169035166573],[-67.55463379567377,-15.471166171983832]]]}"
00000000000000000040,1838.6776118043997,15.650180085760649,1,65,Marmosops noctivagus,1979,"{""geodesic"":false,""type"":""Polygon"",""coordinates"":[[[-67.77132190867023,-16.354496254264973],[-67.76200536009182,-16.354496254264973],[-67.76200536009182,-16.345499117449982],[-67.77132190867023,-16.345499117449982],[-67.77132190867023,-16.354496254264973]]]}"
00000000000000000041,1773.4702994318918,25.486312858296625,1,66,Marmosops noctivagus,1979,"{""geodesic"":false,""type"":""Polygon"",""coordinates"":[[[-65.80454995821651,-11.087829704548017],[-65.79544026344432,-11.087829704548017],[-65.79544026344432,-11.078832567719793],[-65.80454995821651,-11.078832567719793],[-65.80454995821651,-11.087829704548017]]]}"
0000000000000000003e,3774.8339721679686,24.737031412124633,1,63,Marmosops noctivagus,1983,"{""geodesic"":false,""type"":""Polygon"",""coordinates"":[[[-76.3266816923131,-0.057828552478135925],[-76.31774190382193,-0.057828552478135925],[-76.31774190382193,-0.04883141562343973],[-76.3266816923131,-0.04883141562343973],[-76.3266816923131,-0.057828552478135925]]]}"
0000000000000000003a,2242.934814453125,25.014760664951652,1,59,Marmosops noctivagus,1984,"{""geodesic"":false,""type"":""Polygon"",""coordinates"":[[[-69.07746626246882,-12.60449928675176],[-69.06830586360535,-12.60449928675176],[-69.06830586360535,-12.595502149927285],[-69.07746626246882,-12.595502149927285],[-69.07746626246882,-12.60449928675176]]]}"
0000000000000000003b,2154.0225224770793,25.073277300054382,1,60,Marmosops noctivagus,1984,"{""geodesic"":false,""type"":""Polygon"",""coordinates"":[[[-68.82424046666247,-12.47116770615301],[-68.81508480546432,-12.47116770615301],[-68.81508480546432,-12.4621705693282],[-68.82424046666247,-12.4621705693282],[-68.82424046666247,-12.47116770615301]]]}"
0000000000000000003c,3840.3497324541586,21.43576561320912,1,61,Marmosops noctivagus,1984,"{""geodesic"":false,""type"":""Polygon"",""coordinates"":[[[-71.20457436390865,-12.904498687424743],[-71.19540310546854,-12.904498687424743],[-71.19540310546854,-12.895501550601017],[-71.20457436390865,-12.895501550601017],[-71.20457436390865,-12.904498687424743]]]}"
0000000000000000003d,3723.5394707517503,25.107616559103814,1,62,Marmosops noctivagus,1984,"{""geodesic"":false,""type"":""Polygon"",""coordinates"":[[[-72.71046918109242,-3.203496931523016],[-72.70151544369017,-3.203496931523016],[-72.70151544369017,-3.194499794675781],[-72.71046918109242,-3.194499794675781],[-72.71046918109242,-3.203496931523016]]]}"
00000000000000000032,2367.2539667807337,15.555975858830223,1,51,Marmosops noctivagus,1985,"{""geodesic"":false,""type"":""Polygon"",""coordinates"":[[[-69.22596268237665,-14.210538172268393],[-69.21674088811366,-14.210538172268393],[-69.21674088811366,-14.201541035447942],[-69.22596268237665,-14.201541035447942],[-69.22596268237665,-14.210538172268393]]]}"
00000000000000000038,2935.307989451511,17.514203544490595,1,57,Marmosops noctivagus,1985,"{""geodesic"":false,""type"":""Polygon"",""coordinates"":[[[-71.55903132300953,-13.068178909793172],[-71.5498540225284,-13.068178909793172],[-71.5498540225284,-13.059181772969854],[-71.55903132300953,-13.059181772969854],[-71.55903132300953,-13.068178909793172]]]}"
00000000000000000039,3720.5196889869467,20.70029739097313,1,58,Marmosops noctivagus,1985,"{""geodesic"":false,""type"":""Polygon"",""coordinates"":[[[-71.25457933344823,-12.9377992540918],[-71.24540685247085,-12.9377992540918],[-71.24540685247085,-12.92880211726815],[-71.25457933344823,-12.92880211726815],[-71.25457933344823,-12.9377992540918]]]}"
00000000000000000030,3601.2110615880033,24.882013951451327,1,49,Marmosops noctivagus,1986,"{""geodesic"":false,""type"":""Polygon"",""coordinates"":[[[-76.44114685952913,-0.2616496025296106],[-76.43220698483678,-0.2616496025296106],[-76.43220698483678,-0.25265246567539734],[-76.44114685952913,-0.25265246567539734],[-76.44114685952913,-0.2616496025296106]]]}"
00000000000000000031,3033.3219511558004,12.276635656631536,1,50,Marmosops noctivagus,1986,"{""geodesic"":false,""type"":""Polygon"",""coordinates"":[[[-70.44899085406453,-13.729307527480671],[-70.43978830181887,-13.729307527480671],[-70.43978830181887,-13.720310390659007],[-70.44899085406453,-13.720310390659007],[-70.44899085406453,-13.729307527480671]]]}"
00000000000000000033,1988.977412989882,25.27635715046867,1,52,Marmosops noctivagus,1986,"{""geodesic"":false,""type"":""Polygon"",""coordinates"":[[[-67.57121984789856,-11.421165344696492],[-67.5620996048929,-11.421165344696492],[-67.5620996048929,-11.412168207869085],[-67.57121984789856,-11.412168207869085],[-67.57121984789856,-11.421165344696492]]]}"
00000000000000000034,1945.0868046027567,25.347966249324067,1,53,Marmosops noctivagus,1986,"{""geodesic"":false,""type"":""Polygon"",""coordinates"":[[[-68.23789855659633,-12.13783206600454],[-68.2287545019638,-12.13783206600454],[-68.2287545019638,-12.128834929178906],[-68.23789855659633,-12.128834929178906],[-68.23789855659633,-12.13783206600454]]]}"
00000000000000000035,1957.290790652441,25.350000381469727,1,54,Marmosops noctivagus,1986,"{""geodesic"":false,""type"":""Polygon"",""coordinates"":[[[-68.24456039644568,-12.13449665841657],[-68.2354164562383,-12.13449665841657],[-68.2354164562383,-12.125499521590928],[-68.24456039644568,-12.125499521590928],[-68.24456039644568,-12.13449665841657]]]}"
00000000000000000036,1694.2385746206278,24.23808983225881,1,55,Marmosops noctivagus,1986,"{""geodesic"":false,""type"":""Polygon"",""coordinates"":[[[-70.56455201112362,-11.424496293183404],[-70.55543166103016,-11.424496293183404],[-70.55543166103016,-11.415499156356006],[-70.56455201112362,-11.415499156356006],[-70.56455201112362,-11.424496293183404]]]}"
00000000000000000037,2358.7609109760797,19.02777575269157,1,56,Marmosops noctivagus,1986,"{""geodesic"":false,""type"":""Polygon"",""coordinates"":[[[-67.587960407553,-15.637829532956992],[-67.57867719680164,-15.637829532956992],[-67.57867719680164,-15.628832396140163],[-67.587960407553,-15.628832396140163],[-67.587960407553,-15.637829532956992]]]}"
0000000000000000002e,1617.8181682649206,7.143519821714182,1,47,Marmosops noctivagus,1987,"{""geodesic"":false,""type"":""Polygon"",""coordinates"":[[[-72.07166812272398,-13.106179368970547],[-72.06248940764914,-13.106179368970547],[-72.06248940764914,-13.09718223214732],[-72.07166812272398,-13.09718223214732],[-72.07166812272398,-13.106179368970547]]]}"
0000000000000000002f,1522.8563749839248,8.149701789573388,1,48,Marmosops noctivagus,1987,"{""geodesic"":false,""type"":""Polygon"",""coordinates"":[[[-72.0553614377301,-13.119471949210832],[-72.04618222677337,-13.119471949210832],[-72.04618222677337,-13.11047481238764],[-72.0553614377301,-13.11047481238764],[-72.0553614377301,-13.119471949210832]]]}"
0000000000000000002b,2231.4034464181946,25.018731369459925,1,44,Marmosops noctivagus,1990,"{""geodesic"":false,""type"":""Polygon"",""coordinates"":[[[-69.05906355242125,-12.604499286751757],[-69.04990315355779,-12.604499286751757],[-69.04990315355779,-12.595502149927285],[-69.05906355242125,-12.595502149927285],[-69.05906355242125,-12.604499286751757]]]}"
0000000000000000002c,1342.8556891827543,22.288676726916602,1,45,Marmosops noctivagus,1990,"{""geodesic"":false,""type"":""Polygon"",""coordinates"":[[[-68.25459893809344,-13.884497621443355],[-68.24539026029704,-13.884497621443355],[-68.24539026029704,-13.875500484622082],[-68.25459893809344,-13.875500484622082],[-68.25459893809344,-13.884497621443355]]]}"
0000000000000000002d,3515.5970713297525,24.70957272052765,1,46,Marmosops noctivagus,1990,"{""geodesic"":false,""type"":""Polygon"",""coordinates"":[[[-76.95446153988486,-1.1211992988929615],[-76.94552005686583,-1.1211992988929615],[-76.94552005686583,-1.1122021620407851],[-76.95446153988486,-1.1122021620407851],[-76.95446153988486,-1.1211992988929615]]]}"
00000000000000000019,4165.610857928241,20.991447174009473,1,26,Marmosops noctivagus,1991,"{""geodesic"":false,""type"":""Polygon"",""coordinates"":[[[-65.588001752711,-17.02116307546079],[-65.5786526588098,-17.02116307546079],[-65.5786526588098,-17.01216593864752],[-65.588001752711,-17.01216593864752],[-65.588001752711,-17.02116307546079]]]}"
00000000000000000029,2366.394804647146,25.350000381469727,1,42,Marmosops noctivagus,1991,"{""geodesic"":false,""type"":""Polygon"",""coordinates"":[[[-70.08782927186304,-6.837829276811704],[-70.07882552764478,-6.837829276811704],[-70.07882552764478,-6.828832139973151],[-70.08782927186304,-6.828832139973151],[-70.08782927186304,-6.837829276811704]]]}"
0000000000000000002a,2495.764927021201,25.351864462571523,1,43,Marmosops noctivagus,1991,"{""geodesic"":false,""type"":""Polygon"",""coordinates"":[[[-70.85449065563455,-6.754497596325106],[-70.84548847086653,-6.754497596325106],[-70.84548847086653,-6.745500459486351],[-70.85449065563455,-6.745500459486351],[-70.85449065563455,-6.754497596325106]]]}"
0000000000000000001e,1843.786034954481,25.152345933204842,1,31,Marmosops noctivagus,1992,"{""geodesic"":false,""type"":""Polygon"",""coordinates"":[[[-72.7878479561681,-8.671166379426284],[-72.77880491406528,-8.671166379426284],[-72.77880491406528,-8.662169242592157],[-72.7878479561681,-8.662169242592157],[-72.7878479561681,-8.671166379426284]]]}"
0000000000000000001f,2044.8221763421682,25.301393532555952,1,32,Marmosops noctivagus,1992,"{""geodesic"":false,""type"":""Polygon"",""coordinates"":[[[-72.82117619801008,-8.371162519652227],[-72.8121402437632,-8.371162519652227],[-72.8121402437632,-8.36216538281737],[-72.82117619801008,-8.36216538281737],[-72.82117619801008,-8.371162519652227]]]}"
00000000000000000020,2442.3041821389534,24.75,1,33,Marmosops noctivagus,1992,"{""geodesic"":false,""type"":""Polygon"",""coordinates"":[[[-69.29957391649958,-12.842499346377787],[-69.29040492507447,-12.842499346377787],[-69.29040492507447,-12.833502209553902],[-69.29957391649958,-12.833502209553902],[-69.29957391649958,-12.842499346377787]]]}"
00000000000000000021,2449.7913021371382,24.74727069444893,1,34,Marmosops noctivagus,1992,"{""geodesic"":false,""type"":""Polygon"",""coordinates"":[[[-68.91758270633787,-12.959497239817809],[-68.90840942693667,-12.959497239817809],[-68.90840942693667,-12.950500102994217],[-68.91758270633787,-12.950500102994217],[-68.91758270633787,-12.959497239817809]]]}"
00000000000000000022,2339.7321696968233,24.47105848838272,1,35,Marmosops noctivagus,1992,"{""geodesic"":false,""type"":""Polygon"",""coordinates"":[[[-69.6115872823793,-13.146498560695699],[-69.60240706150141,-13.146498560695699],[-69.60240706150141,-13.137501423872576],[-69.6115872823793,-13.137501423872576],[-69.6115872823793,-13.146498560695699]]]}"
00000000000000000023,3263.146665967201,25.869583681595227,1,36,Marmosops noctivagus,1992,"{""geodesic"":false,""type"":""Polygon"",""coordinates"":[[[-66.0211358810915,-3.321163690121066],[-66.01218109693741,-3.321163690121066],[-66.01218109693741,-3.312166553274111],[-66.0211358810915,-3.312166553274111],[-66.0211358810915,-3.321163690121066]]]}"
00000000000000000024,1919.1404553172006,25.450000762939453,1,37,Marmosops noctivagus,1992,"{""geodesic"":false,""type"":""Polygon"",""coordinates"":[[[-66.73754512301433,-10.771496616716291],[-66.72844513137657,-10.771496616716291],[-66.72844513137657,-10.762499479887287],[-66.73754512301433,-10.762499479887287],[-66.73754512301433,-10.771496616716291]]]}"
00000000000000000025,2016.7326931423613,17.407217167041917,1,38,Marmosops noctivagus,1992,"{""geodesic"":false,""type"":""Polygon"",""coordinates"":[[[-67.45464363749015,-16.08782863396644],[-67.44533969176634,-16.08782863396644],[-67.44533969176634,-16.078831497150755],[-67.45464363749015,-16.078831497150755],[-67.45464363749015,-16.08782863396644]]]}"
00000000000000000026,2023.169908813979,16.61659381222823,1,39,Marmosops noctivagus,1992,"{""geodesic"":false,""type"":""Polygon"",""coordinates"":[[[-67.43797551775236,-16.08782863396644],[-67.42867157202855,-16.08782863396644],[-67.42867157202855,-16.07883149715076],[-67.43797551775236,-16.07883149715076],[-67.43797551775236,-16.08782863396644]]]}"
00000000000000000027,2259.9620768229165,20.398698320114075,1,40,Marmosops noctivagus,1992,"{""geodesic"":false,""type"":""Polygon"",""coordinates"":[[[-67.52130803662932,-15.737829333181315],[-67.51202027558813,-15.737829333181315],[-67.51202027558813,-15.72883219636474],[-67.52130803662932,-15.72883219636474],[-67.52130803662932,-15.737829333181315]]]}"
00000000000000000028,2336.9000942402904,18.134160909142512,1,41,Marmosops noctivagus,1992,"{""geodesic"":false,""type"":""Polygon"",""coordinates"":[[[-67.75464460007721,-16.154496653816334],[-67.7453375256815,-16.154496653816334],[-67.7453375256815,-16.145499517000825],[-67.75464460007721,-16.145499517000825],[-67.75464460007721,-16.154496653816334]]]}"
00000000000000000015,2968.4148020426433,25.75,1,22,Marmosops noctivagus,1993,"{""geodesic"":false,""type"":""Polygon"",""coordinates"":[[[-73.96332396358504,-4.676507455312714],[-73.95435437491342,-4.676507455312714],[-73.95435437491342,-4.6675103184689855],[-73.96332396358504,-4.6675103184689855],[-73.96332396358504,-4.676507455312714]]]}"
00000000000000000016,2584.1785545664384,24.814785673598614,1,23,Marmosops noctivagus,1993,"{""geodesic"":false,""type"":""Polygon"",""coordinates"":[[[-76.12064454366528,-2.586018454047511],[-76.11169567685431,-2.586018454047511],[-76.11169567685431,-2.5770213171988097],[-76.12064454366528,-2.5770213171988097],[-76.12064454366528,-2.586018454047511]]]}"
00000000000000000017,2692.558579567557,24.610121556832087,1,24,Marmosops noctivagus,1993,"{""geodesic"":false,""type"":""Polygon"",""coordinates"":[[[-76.12064445455017,-2.5605480688302893],[-76.11169576621663,-2.5605480688302893],[-76.11169576621663,-2.551550931981527],[-76.12064445455017,-2.551550931981527],[-76.12064445455017,-2.5605480688302893]]]}"
00000000000000000018,2472.185606151942,5.6263888284502706,1,25,Marmosops noctivagus,1993,"{""geodesic"":false,""type"":""Polygon"",""coordinates"":[[[-66.48800037051555,-17.037831195198525],[-66.47865044375662,-17.037831195198525],[-66.47865044375662,-17.028834058385296],[-66.48800037051555,-17.028834058385296],[-66.48800037051555,-17.037831195198525]]]}"
0000000000000000001a,2568.8178509998716,16.979177153159565,1,27,Marmosops noctivagus,1993,"{""geodesic"":false,""type"":""Polygon"",""coordinates"":[[[-66.00466948913046,-17.037831195198525],[-65.99531956237152,-17.037831195198525],[-65.99531956237152,-17.028834058385296],[-66.00466948913046,-17.028834058385296],[-66.00466948913046,-17.037831195198525]]]}"
0000000000000000001b,2583.5585605951005,17.53853127593366,1,28,Marmosops noctivagus,1993,"{""geodesic"":false,""type"":""Polygon"",""coordinates"":[[[-65.98938835098384,-17.045888790802085],[-65.98003802127319,-17.045888790802085],[-65.98003802127319,-17.03689165398887],[-65.98938835098384,-17.03689165398887],[-65.98938835098384,-17.045888790802085]]]}"
0000000000000000001c,2492.6649760261907,17.427470066508306,1,29,Marmosops noctivagus,1993,"{""geodesic"":false,""type"":""Polygon"",""coordinates"":[[[-66.01800303414319,-17.071162975572953],[-66.00865143907231,-17.071162975572953],[-66.00865143907231,-17.062165838759807],[-66.01800303414319,-17.062165838759807],[-66.01800303414319,-17.071162975572953]]]}"
0000000000000000001d,2569.4473339441874,16.54616939089426,1,30,Marmosops noctivagus,1993,"{""geodesic"":false,""type"":""Polygon"",""coordinates"":[[[-66.00467032210493,-17.071167434674003],[-65.99531872681062,-17.071167434674003],[-65.99531872681062,-17.06217029786086],[-66.00467032210493,-17.06217029786086],[-66.00467032210493,-17.071167434674003]]]}"
00000000000000000013,3209.6218869537734,25.451237911999968,1,20,Marmosops noctivagus,1994,"{""geodesic"":false,""type"":""Polygon"",""coordinates"":[[[-73.18780840158244,-4.3378298121022],[-73.17884298722805,-4.3378298121022],[-73.17884298722805,-4.328832675257664],[-73.18780840158244,-4.328832675257664],[-73.18780840158244,-4.3378298121022]]]}"
00000000000000000014,3199.819971108338,25.43093045816382,1,21,Marmosops noctivagus,1994,"{""geodesic"":false,""type"":""Polygon"",""coordinates"":[[[-73.18780830312646,-4.321166151465511],[-73.17884308597303,-4.321166151465511],[-73.17884308597303,-4.312169014620936],[-73.18780830312646,-4.312169014620936],[-73.18780830312646,-4.321166151465511]]]}"
00000000000000000005,3289.6212811608534,24.84377506461876,1,6,Marmosops noctivagus,1995,"{""geodesic"":false,""type"":""Polygon"",""coordinates"":[[[-76.45446197783008,-0.6544964053372615],[-76.44552161780464,-0.6544964053372615],[-76.44552161780464,-0.6454992684839792],[-76.45446197783008,-0.6454992684839792],[-76.45446197783008,-0.6544964053372615]]]}"
00000000000000000010,3144.855164327739,21.108831366393794,1,17,Marmosops noctivagus,1998,"{""geodesic"":false,""type"":""Polygon"",""coordinates"":[[[-73.34515965325383,-11.783895378989202],[-73.33602755244594,-11.783895378989202],[-73.33602755244594,-11.774898242162692],[-73.34515965325383,-11.774898242162692],[-73.34515965325383,-11.783895378989202]]]}"
00000000000000000011,2847.741539821152,23.580256296583443,1,18,Marmosops noctivagus,1998,"{""geodesic"":false,""type"":""Polygon"",""coordinates"":[[[-73.33035523047725,-11.771396518736426],[-73.32122354486629,-11.771396518736426],[-73.32122354486629,-11.762399381909882],[-73.33035523047725,-11.762399381909882],[-73.33035523047725,-11.771396518736426]]]}"
00000000000000000012,839.4844845116385,18.357928413422506,1,19,Marmosops noctivagus,1998,"{""geodesic"":false,""type"":""Polygon"",""coordinates"":[[[-73.51757632722496,-12.869499203256336],[-73.5084063500037,-12.869499203256336],[-73.5084063500037,-12.860502066432518],[-73.51757632722496,-12.860502066432518],[-73.51757632722496,-12.869499203256336]]]}"
0000000000000000000f,2950.5349302685954,14.83984871541173,1,16,Marmosops noctivagus,1999,"{""geodesic"":false,""type"":""Polygon"",""coordinates"":[[[-71.57333234488117,-13.105028920898759],[-71.56415367269823,-13.105028920898759],[-71.56415367269823,-13.096031784075532],[-71.57333234488117,-13.096031784075532],[-71.57333234488117,-13.105028920898759]]]}"
0000000000000000000c,2985.120048147733,17.956380758129182,1,13,Marmosops noctivagus,2001,"{""geodesic"":false,""type"":""Polygon"",""coordinates"":[[[-71.55081303261817,-13.05916706656418],[-71.54163606695309,-13.05916706656418],[-71.54163606695309,-13.050169929740841],[-71.55081303261817,-13.050169929740841],[-71.55081303261817,-13.05916706656418]]]}"
0000000000000000000d,3054.9345925071025,22.78775184410663,1,14,Marmosops noctivagus,2001,"{""geodesic"":false,""type"":""Polygon"",""coordinates"":[[[-71.39004387792548,-12.77621480921848],[-71.38087729709615,-12.77621480921848],[-71.38087729709615,-12.76721767239443],[-71.39004387792548,-12.76721767239443],[-71.39004387792548,-12.77621480921848]]]}"
0000000000000000000e,3258.1505056333935,20.574236885575225,1,15,Marmosops noctivagus,2001,"{""geodesic"":false,""type"":""Polygon"",""coordinates"":[[[-71.49643372026449,-13.028113886828063],[-71.48725790638929,-13.028113886828063],[-71.48725790638929,-13.019116750004642],[-71.49643372026449,-13.019116750004642],[-71.49643372026449,-13.028113886828063]]]}"
00000000000000000009,2276.397582505466,16.86249482582626,1,10,Marmosops noctivagus,2003,"{""geodesic"":false,""type"":""Polygon"",""coordinates"":[[[-67.87797992143517,-16.198940514015923],[-67.86867075315519,-16.198940514015923],[-67.86867075315519,-16.189943377200528],[-67.87797992143517,-16.189943377200528],[-67.87797992143517,-16.198940514015923]]]}"
0000000000000000000a,2237.536966292584,17.02914348977511,1,11,Marmosops noctivagus,2003,"{""geodesic"":false,""type"":""Polygon"",""coordinates"":[[[-67.87214741725725,-16.198940514015923],[-67.86283824897725,-16.198940514015923],[-67.86283824897725,-16.189943377200528],[-67.87214741725725,-16.189943377200528],[-67.87214741725725,-16.198940514015923]]]}"
0000000000000000000b,1638.989408399238,16.306252170781622,1,12,Marmosops noctivagus,2003,"{""geodesic"":false,""type"":""Polygon"",""coordinates"":[[[-67.50770903073612,-16.365331869824818],[-67.4983919650697,-16.365331869824818],[-67.4983919650697,-16.356334733009852],[-67.50770903073612,-16.356334733009852],[-67.50770903073612,-16.365331869824818]]]}"
00000000000000000008,2847.0093158389523,19.07346071741888,1,9,Marmosops noctivagus,2005,"{""geodesic"":false,""type"":""Polygon"",""coordinates"":[[[-76.37949626188268,-7.751218159294196],[-76.37047413658154,-7.751218159294196],[-76.37047413658154,-7.742221022457843],[-76.37949626188268,-7.742221022457843],[-76.37949626188268,-7.751218159294196]]]}"
00000000000000000006,3306.866219041753,24.850000381469727,1,7,Marmosops noctivagus,2006,"{""geodesic"":false,""type"":""Polygon"",""coordinates"":[[[-76.4544619867448,-0.6644981690001169],[-76.44552160887557,-0.6644981690001169],[-76.44552160887557,-0.6555010321468583],[-76.4544619867448,-0.6555010321468583],[-76.4544619867448,-0.6644981690001169]]]}"
00000000000000000007,3285.74946815839,24.80231489284405,1,8,Marmosops noctivagus,2006,"{""geodesic"":false,""type"":""Polygon"",""coordinates"":[[[-76.43646061960364,-0.6904991872426983],[-76.42752019407187,-0.6904991872426983],[-76.42752019407187,-0.6815020503895014],[-76.43646061960364,-0.6815020503895014],[-76.43646061960364,-0.6904991872426983]]]}"
00000000000000000004,1473.811599100917,21.797429037488193,1,5,Marmosops noctivagus,2007,"{""geodesic"":false,""type"":""Polygon"",""coordinates"":[[[-77.5305946873557,-5.757857297174969],[-77.52160964088837,-5.757857297174969],[-77.52160964088837,-5.748860160333825],[-77.5305946873557,-5.748860160333825],[-77.5305946873557,-5.757857297174969]]]}"
00000000000000000003,3353.1200452622534,24.874571598417035,1,4,Marmosops noctivagus,2009,"{""geodesic"":false,""type"":""Polygon"",""coordinates"":[[[-72.92197160379749,-2.797299580161382],[-72.91302118801377,-2.797299580161382],[-72.91302118801377,-2.7883024433131824],[-72.92197160379749,-2.7883024433131824],[-72.92197160379749,-2.797299580161382]]]}"
00000000000000000002,4325.257489669421,23.18918828727785,1,3,Marmosops noctivagus,2011,"{""geodesic"":false,""type"":""Polygon"",""coordinates"":[[[-77.69446949302109,-2.1544978678034172],[-77.68552341032853,-2.1544978678034172],[-77.68552341032853,-2.1455007309536915],[-77.69446949302109,-2.1455007309536915],[-77.69446949302109,-2.1544978678034172]]]}"
00000000000000000001,3084.641449991862,24.81877059936523,1,2,Marmosops noctivagus,2012,"{""geodesic"":false,""type"":""Polygon"",""coordinates"":[[[-73.82066400632479,-1.5220992382031167],[-73.81172108460846,-1.5220992382031167],[-73.81172108460846,-1.5131021013518908],[-73.82066400632479,-1.5131021013518908],[-73.82066400632479,-1.5220992382031167]]]}"
00000000000000000000,4331.600551350913,24.741203578313193,1,1,Marmosops noctivagus,2019,"{""geodesic"":false,""type"":""Polygon"",""coordinates"":[[[-76.65025638333364,0.18805519781039415],[-76.64131654827204,0.18805519781039415],[-76.64131654827204,0.19705233466567293],[-76.65025638333364,0.19705233466567293],[-76.65025638333364,0.18805519781039415]]]}"
