"","row_code","scientificName","year","lon","lat","presence","bio1_mean_annual_temp","bio12_annual_precip","farming","forest_formation","other_non_vegetated","flooded_forest","river_lake_ocean","urban","non_forested_natural","grassland","wetland","mining","savannah_formation","mangrove","not_observed","glacier","fold"
"1",1,"Marmosops noctivagus",2019,-76.645794,0.192555,1,24.7412035783132,4331.60055135091,0.12758498,0.84342531,0.00178794,0,0,0,0,0,0,0,0,0,0,0,1
"2",2,"Marmosops noctivagus",2012,-73.8162,-1.5176,1,24.8187705993652,3084.64144999186,0,0.891545696,0,0.00401845,0.083592118,0,0,0,0,0,0,0,0,0,1
"3",3,"Marmosops noctivagus",2011,-77.69,-2.15,1,23.1891882872779,4325.25748966942,0.529031394,0.447651146,0.001608057,0,0,0.008486967,0,0,0,0,0,0,0,0,1
"4",4,"Marmosops noctivagus",2009,-72.9175,-2.7928,1,24.874571598417,3353.12004526225,0,0.980691535,0,0,0,0,0,0,0,0,0,0,0,0,1
"5",5,"Marmosops noctivagus",2007,-77.52611,-5.75336,1,21.7974290374882,1473.81159910092,0.317427817,0.645227284,0.004447938,0,0,0,0,0,0,0,0,0,0,0,1
"6",6,"Marmosops noctivagus",1995,-76.45,-0.65,1,24.8437750646188,3289.62128116085,0,0.96062329,0.016111247,0,0,0,0,0,0,0,0,0,0,0,1
"7",7,"Marmosops noctivagus",2006,-76.449997,-0.66,1,24.8500003814697,3306.86621904175,0,0.940348456,0.036384186,0,0,0,0,0,0,0,0,0,0,0,1
"8",8,"Marmosops noctivagus",2006,-76.432,-0.686,1,24.802314892844,3285.74946815839,0,0.745066273,0.091747936,0,0,0.134574426,0,0,0,0,0,0,0,0,1
"9",9,"Marmosops noctivagus",2005,-76.37499,-7.746722,1,19.0734607174189,2847.00931583895,0,0.977266481,0.004430189,0,0,0,0,0,0,0,0,0,0,0,1
"10",10,"Marmosops noctivagus",2003,-67.873333,-16.194444,1,16.8624948258263,2276.39758250547,0,0.97149001,0,0,0,0,0.004868747,0,0,0,0,0,0,0,3
"11",11,"Marmosops noctivagus",2003,-67.8675,-16.194444,1,17.0291434897751,2237.53696629258,0,0.986691087,0,0,0,0,0.005402354,0,0,0,0,0,0,0,3
"12",12,"Marmosops noctivagus",2003,-67.503056,-16.360833,1,16.3062521707816,1638.98940839924,0,0.963446688,0,0,0,0,0,0,0,0,0,0,0,0,3
"13",13,"Marmosops noctivagus",2001,-71.546231,-13.054669,1,17.9563807581292,2985.12004814773,0.015076326,0.947246538,0.007262181,0,0.012112585,0,0.006390796,0,0,0,0,0,0,0,3
"14",14,"Marmosops noctivagus",2001,-71.385467,-12.771717,1,22.7877518441066,3054.9345925071,0.081481529,0.607445378,0.027043666,0,0.250473812,0,0,0,0,0,0,0,0,0,3
"15",15,"Marmosops noctivagus",2001,-71.49185,-13.023617,1,20.5742368855752,3258.15050563339,0.048031099,0.901112266,0.022865678,0,0.033275003,0,0,0,0,0,0,0,0,0,3
"16",16,"Marmosops noctivagus",1999,-71.56875,-13.100533,1,14.8398487154117,2950.5349302686,0.022812648,0.928337279,0,0,0.013069435,0,0.014028228,0,0,0,0,0,0,0,3
"17",17,"Marmosops noctivagus",1998,-73.3406,-11.7794,1,21.1088313663938,3144.85516432774,0,0.970961276,0,0,0,0,0,0,0,0,0,0,0,0,3
"18",18,"Marmosops noctivagus",1998,-73.3258,-11.7669,1,23.5802562965834,2847.74153982115,0.138850316,0.803281711,0.021809735,0,0.025064283,0,0,0,0,0,0,0,0,0,3
"19",19,"Marmosops noctivagus",1998,-73.513,-12.865,1,18.3579284134225,839.484484511638,0.068103934,0.909616503,0,0,0,0,0,0,0,0,0,0,0,0,3
"20",20,"Marmosops noctivagus",1994,-73.183333,-4.333333,1,25.451237912,3209.62188695377,0,0.965764264,0,0.019612793,0,0,0,0,0,0,0,0,0,0,1
"21",21,"Marmosops noctivagus",1994,-73.183333,-4.316667,1,25.4309304581638,3199.81997110834,0,0.963353596,0,0.005997438,0,0,0,0,0,0,0,0,0,0,1
"22",22,"Marmosops noctivagus",1993,-73.9588463,-4.67201,1,25.75,2968.41480204264,0,0,0,0.981453671,0,0,0,0,0,0,0,0,0,0,1
"23",23,"Marmosops noctivagus",1993,-76.1161755,-2.5815219,1,24.8147856735986,2584.17855456644,0.009418036,0.974485719,0,0,0,0,0,0,0,0,0,0,0,0,1
"24",24,"Marmosops noctivagus",1993,-76.1161756,-2.5560502,1,24.6101215568321,2692.55857956756,0.01640071,0.930782395,0.015976765,0,0.012341172,0,0,0,0,0,0,0,0,0,1
"25",25,"Marmosops noctivagus",1993,-66.483333,-17.033333,1,5.62638882845027,2472.18560615194,0,0,0.271500215,0,0,0,0,0.70675554,0,0,0,0,0,0,3
"26",26,"Marmosops noctivagus",1991,-65.583333,-17.016667,1,20.9914471740095,4165.61085792824,0.133685557,0.866799398,0,0,0,0,0,0,0,0,0,0,0,0,3
"27",27,"Marmosops noctivagus",1993,-66,-17.033333,1,16.9791771531596,2568.81785099987,0.27678883,0.682328473,0,0,0,0,0,0,0,0,0,0,0,0,3
"28",28,"Marmosops noctivagus",1993,-65.984722,-17.041389,1,17.5385312759337,2583.5585605951,0.404129557,0.530124347,0.01568793,0,0,0,0.03574583,0,0,0,0,0,0,0,3
"29",29,"Marmosops noctivagus",1993,-66.013333,-17.066667,1,17.4274700665083,2492.66497602619,0.572118918,0.406657053,0,0,0.005133569,0,0,0,0,0,0,0,0,0,3
"30",30,"Marmosops noctivagus",1993,-66,-17.06667,1,16.5461693908943,2569.44733394419,0.519657159,0.440319533,0,0,0,0,0,0,0,0,0,0,0,0,3
"31",31,"Marmosops noctivagus",1992,-72.783333,-8.666667,1,25.1523459332048,1843.78603495448,0,0.974041405,0,0,0,0,0,0,0,0,0,0,0,0,3
"32",32,"Marmosops noctivagus",1992,-72.816667,-8.366667,1,25.301393532556,2044.82217634217,0.03725256,0.939525432,0,0,0,0,0,0.001464096,0,0,0,0,0,0,3
"33",33,"Marmosops noctivagus",1992,-69.295,-12.838,1,24.75,2442.30418213895,0.065415419,0.055203904,0.01871287,0.616842693,0.210360463,0,0,0,0,0,0,0,0,0,3
"34",34,"Marmosops noctivagus",1992,-68.913,-12.955,1,24.7472706944489,2449.79130213714,0.017753165,0.003011746,0.0043591,0.01014481,0,0,0,0.188864944,0.7579962,0,0,0,0,0,3
"35",35,"Marmosops noctivagus",1992,-69.607,-13.142,1,24.4710584883827,2339.73216969682,0.038309028,0.397524781,0.202373407,0.013415742,0.328856855,0,0,0,0,0,0,0,0,0,3
"36",36,"Marmosops noctivagus",1992,-66.016667,-3.316667,1,25.8695836815952,3263.1466659672,0.037066427,0.816021206,0,0,0.006545151,0,0,0.06886142,0.055417288,0,0,0,0,0,3
"37",37,"Marmosops noctivagus",1992,-66.733,-10.767,1,25.4500007629395,1919.1404553172,0.430261093,0.422101292,0,0.121682403,0.006150557,0,0,0,0,0,0,0,0,0,3
"38",38,"Marmosops noctivagus",1992,-67.45,-16.083333,1,17.4072171670419,2016.73269314236,0,0.979683195,0,0,0,0,0,0,0,0,0,0,0,0,3
"39",39,"Marmosops noctivagus",1992,-67.433333,-16.083333,1,16.6165938122282,2023.16990881398,0.013863501,0.965930971,0,0,0,0,0,0,0,0,0,0,0,0,3
"40",40,"Marmosops noctivagus",1992,-67.51667,-15.73333,1,20.3986983201141,2259.96207682292,0.544967388,0.434913019,0,0,0.00775194,0.006311755,0.007223924,0,0,0,0,0,0,0,3
"41",41,"Marmosops noctivagus",1992,-67.75,-16.15,1,18.1341609091425,2336.90009424029,0.114548039,0.875806415,0,0,0,0,0.004727775,0,0,0,0,0,0,0,3
"42",42,"Marmosops noctivagus",1991,-70.083333,-6.833333,1,25.3500003814697,2366.39480464715,0,0.978180685,0,0,0,0,0,0,0,0,0,0,0,0,3
"43",43,"Marmosops noctivagus",1991,-70.85,-6.75,1,25.3518644625715,2495.7649270212,0,0.978345672,0,0,0,0,0,0,0,0,0,0,0,0,3
"44",44,"Marmosops noctivagus",1990,-69.05449,-12.6,1,25.0187313694599,2231.40344641819,0.006400287,0,0.002048979,0.983649739,0,0,0,0,0.004009339,0,0,0,0,0,3
"45",45,"Marmosops noctivagus",1990,-68.25,-13.88,1,22.2886767269166,1342.85568918275,0,0.9832319,0,0,0,0,0,0,0,0,0,0,0,0,3
"46",46,"Marmosops noctivagus",1990,-76.95,-1.1167,1,24.7095727205276,3515.59707132975,0.055984978,0.917373924,0,0,0,0,0,0,0,0,0,0,0,0,1
"47",47,"Marmosops noctivagus",1987,-72.067086,-13.101683,1,7.14351982171418,1617.81816826492,0.067962254,0.00319473,0,0,0,0,0.024610211,0.936098957,0,0,0,0,0,0,3
"48",48,"Marmosops noctivagus",1987,-72.050778,-13.114975,1,8.14970178957339,1522.85637498392,0.197637296,0.020288051,0,0,0,0,0.044177596,0.730103266,0,0,0,0,0,0,3
"49",49,"Marmosops noctivagus",1986,-76.43668,-0.25715,1,24.8820139514513,3601.211061588,0.089607603,0.876415873,0,0,0,0,0,0,0,0,0,0,0,0,1
"50",50,"Marmosops noctivagus",1986,-70.4444,-13.72481,1,12.2766356566315,3033.3219511558,0,0.522317883,0.060285933,0,0.018023109,0,0.453509266,0.002494814,0,0,0,0,0,0,3
"51",51,"Marmosops noctivagus",1985,-69.22136,-14.20604,1,15.5559758588302,2367.25396678073,0.038714945,0.907275171,0.0084999,0,0,0,0.003469335,0.013719733,0,0,0,0,0,0,3
"52",52,"Marmosops noctivagus",1986,-67.566667,-11.416667,1,25.2763571504687,1988.97741298988,0,0.749371607,0,0.224542175,0,0,0,0,0,0,0,0,0,0,3
"53",53,"Marmosops noctivagus",1986,-68.233333,-12.133333,1,25.3479662493241,1945.08680460276,0,0.563373943,0,0.410527056,0.004673097,0,0,0.002623604,0,0,0,0,0,0,3
"54",54,"Marmosops noctivagus",1986,-68.24,-12.13,1,25.3500003814697,1957.29079065244,0,0.20125034,0,0.773039276,0,0,0,0.005247217,0.010951643,0,0,0,0,0,3
"55",55,"Marmosops noctivagus",1986,-70.56,-11.42,1,24.2380898322588,1694.23857462063,0,0.969515822,0,0,0,0,0,0,0,0,0,0,0,0,3
"56",56,"Marmosops noctivagus",1986,-67.58333,-15.63333,1,19.0277757526916,2358.76091097608,0.029422478,0.959410048,0,0,0,0,0,0,0,0,0,0,0,0,3
"57",57,"Marmosops noctivagus",1985,-71.55445,-13.06368,1,17.5142035444906,2935.30798945151,0.004139246,0.946991664,0.012279323,0,0.006756192,0,0.004357101,0,0,0,0,0,0,0,3
"58",58,"Marmosops noctivagus",1985,-71.25,-12.9333,1,20.7002973909731,3720.51968898695,0,0.983478032,0,0,0,0,0,0,0,0,0,0,0,0,3
"59",59,"Marmosops noctivagus",1984,-69.07289,-12.6,1,25.0147606649517,2242.93481445312,0.022310841,0.001311235,0.006897794,0.411498643,0.545504122,0,0,0,0,0,0,0,0,0,3
"60",60,"Marmosops noctivagus",1984,-68.81967,-12.46667,1,25.0732773000544,2154.02252247708,0,0.54351076,0,0.426317594,0,0,0,0,0,0,0,0,0,0,3
"61",61,"Marmosops noctivagus",1984,-71.2,-12.9,1,21.4357656132091,3840.34973245416,0,0.972621992,0,0,0,0,0,0,0,0,0,0,0,0,3
"62",62,"Marmosops noctivagus",1984,-72.706,-3.199,1,25.1076165591038,3723.53947075175,0,0.972062305,0,0,0,0,0,0,0,0,0,0,0,0,1
"63",63,"Marmosops noctivagus",1983,-76.32222,-0.053333,1,24.7370314121246,3774.83397216797,0.005712673,0.986910121,0,0,0,0,0,0,0,0,0,0,0,0,1
"64",64,"Marmosops noctivagus",1979,-67.550003,-15.46667,1,23.2689721299788,1993.84985251093,0.037836934,0.941192931,0,0,0,0,0.006036871,0,0,0,0,0,0,0,3
"65",65,"Marmosops noctivagus",1979,-67.76667,-16.35,1,15.6501800857606,1838.6776118044,0.022147791,0.965977502,0,0,0.00572489,0,0,0,0,0,0,0,0,0,3
"66",66,"Marmosops noctivagus",1979,-65.8,-11.08333,1,25.4863128582966,1773.47029943189,0,0.971063507,0,0.003510892,0,0,0,0,0,0,0,0,0,0,3
"67",67,"Marmosops noctivagus",1978,-67.5,-15.66667,1,18.3597695150493,2524.88898835359,0.010080768,0.957555376,0,0,0,0,0,0,0,0,0,0,0,0,3
"68",68,"Marmosops noctivagus",1976,-68.68,-9.08,1,25.4500007629395,1917.74174936382,0.378081445,0.125884818,0,0,0,0.431497365,0,0.026082246,0,0,0,0,0,0,3
"69",69,"Marmosops noctivagus",1975,-56.75,-5.67,1,26.1524650255839,2282.71364644368,0.012752615,0.946254861,0,0,0,0,0,0,0,0.021575781,0,0,0,0,2
"70",70,"Marmosops noctivagus",1974,-54.7,-9.17,1,23.3852903833033,2506.73433447873,0.005517848,0,0,0,0,0,0,0.75186623,0,0,0.20554465,0,0,0,2
"71",71,"Marmosops noctivagus",1972,-76.989,0.084,1,24.4202441377758,3004.11295100169,0.510791305,0.10060125,0.008045766,0,0,0.350580331,0,0,0,0,0,0,0,0,1
"72",72,"Marmosops noctivagus",1971,-71.217,-10.133,1,24.8495921617673,1731.10711845743,0.016167313,0.802027189,0.032206835,0.006024739,0.13352382,0,0,0,0.002510005,0,0,0,0,0,3
"73",73,"Marmosops noctivagus",1968,-76.78842,0.055486,1,24.5338104849534,3896.79389466092,0.29613604,0.620046148,0.011847794,0,0.050590683,0,0,0,0,0,0,0,0,0,1
"74",74,"Marmosops noctivagus",1968,-77.483,-1.733,1,24.2804692586263,4472.76771850586,0.346338674,0.575898565,0.006255042,0,0.026148479,0.019188176,0,0,0,0,0,0,0,0,1
"75",75,"Marmosops noctivagus",1966,-76.633333,1.116667,1,23.7669665150623,4026.41392979286,0.617785157,0.324534171,0.000893811,0,0.030958319,0,0,0,0,0,0,0,0,0,1
"76",76,"Marmosops noctivagus",1965,-76.61667,-0.4,1,25.0046288013458,3430.74978739421,0.064553021,0.297351727,0,0,0.586467793,0.023639254,0,0,0,0,0,0,0,0,1
"77",77,"Marmosops noctivagus",1962,-71.133331,-12.2,1,24.0565107590925,1612.3120228621,0,0.987244731,0,0,0,0,0,0,0,0,0,0,0,0,3
"78",78,"Marmosops noctivagus",1957,-72.76667,-3.433333,1,25.75,3390.08280318011,0.742428674,0.007008658,0.019489617,0.121041263,0.09236329,0,0,0,0.030902021,0,0,0,0,0,1
"79",79,"Marmosops noctivagus",1956,-74.216667,-4.833333,1,25.7968600880016,2969.39277484988,0,0,0,0.975678738,0,0,0,0,0,0,0,0,0,0,1
"80",80,"Marmosops noctivagus",1953,-70.583336,-13.25,1,23.1745068731387,3639.47896153474,0,0.977183919,0.001741556,0,0.010544298,0,0,0,0,0,0,0,0,0,3
"81",81,"Marmosops noctivagus",1952,-74.683333,0.133333,1,25.0499992370605,3044.20431947314,0.19192813,0.021446421,0.016407028,0.62795287,0.123804234,0,0,0,0,0,0,0,0,0,1
"82",82,"Marmosops noctivagus",1952,-75.333333,0.466667,1,25.0530699100732,3583.22537927905,0.038195903,0.000893947,0,0.831451237,0.10369774,0,0,0,0,0,0,0,0,0,1
"83",83,"Marmosops noctivagus",1951,-70.633331,-13.266666,1,22.9198619196238,4001.29633324994,0.006215353,0.984628683,0,0,0,0,0,0,0,0,0,0,0,0,3
"84",84,"Marmosops noctivagus",1949,-70.716667,-13.4,1,18.1026752408871,5117.71711163481,0.009572859,0.947878385,0,0,0,0,0.013765933,0,0,0,0,0,0,0,3
"85",85,"Marmosops noctivagus",1946,-75.98333,-9.3,1,23.1799621187951,2701.9999778054,0.442734935,0.529650259,0,0,0,0,0,0,0,0,0,0,0,0,1
"86",86,"Marmosops noctivagus",1936,-77.817,-0.983,1,24.2702517668406,4586.54777832031,0.41943437,0.002170774,0.017851702,0,0,0.543775173,0,0,0,0,0,0,0,0,1
"87",87,"Sciurus spadiceus",2021,-67.668921,-9.750037,0,25.3696305692688,1953.75900747756,0.17119214,0.799831618,0,0,0,0,0,0,0,0,0,0,0,0,3
"88",88,"Pithecia pithecia",2018,-60.032921,-2.006137,0,25.993408662155,2456.66779450856,0.068002742,0.91404199,0,0,0,0,0,0,0,0,0,0,0,0,2
"89",89,"Leontocebus nigricollis",2018,-76.309221,-0.495537,0,24.9760940361814,3320.51126693789,0,0.664404125,0,0.302168602,0,0,0,0,0,0,0,0,0,0,1
"90",90,"Ateles chamek",2021,-71.960021,-7.874237,0,25.1512575307168,2325.55290991413,0,0.9646019,0,0,0,0,0,0,0,0,0,0,0,0,3
"91",91,"Alouatta sara",2018,-69.627721,-13.136437,0,24.3090906182434,2391.23001563304,0,0.976327089,0,0,0,0,0,0,0,0,0,0,0,0,3
"92",92,"Saimiri sciureus",2018,-77.537621,-1.076537,0,24.3095135589853,4512.87478523729,0.479467003,0.396447452,0.004826639,0,0.100468424,0,0,0,0,0,0,0,0,0,1
"93",93,"Rhynchonycteris naso",2019,-55.932721,-9.617237,0,25.4483543900419,2283.6140429284,0,0.89345031,0,0,0.078922485,0,0,0,0,0,0,0,0,0,2
"94",94,"Holochilus sciureus",2021,-66.100221,-11.028237,0,25.75,1852.36475265125,0.091039393,0.072901419,0,0.817571406,0.003072047,0,0,0.003898947,0,0,0,0,0,0,3
"95",95,"Aotus nigriceps",2017,-71.379021,-12.762937,0,22.7932204884931,2965.70996799942,0.268901549,0.342031408,0.02911668,0,0.322322148,0,0,0,0,0,0,0,0,0,3
"96",96,"Rhynchonycteris naso",2021,-76.276021,-0.437437,0,25.0310745869786,3350.24408211196,0.012515295,0.626978052,0,0.338481892,0.010402322,0,0,0,0,0,0,0,0,0,1
"97",97,"Bradypus tridactylus",2011,-60.771621,-2.819537,0,26.8946040681571,2714.87673319667,0.027411245,0.462674798,0,0,0.457326841,0,0,0.013058953,0.009010391,0,0,0,0,0,2
"98",98,"Chiropotes chiropotes",2010,-52.413521,3.189663,0,25.566096404776,2620.71012808772,0,0.965605573,0,0,0,0,0,0,0,0,0,0,0,0,2
"99",99,"Aotus nigriceps",2011,-70.607121,-12.505637,0,24.4151640762517,1969.92393412021,0.238590412,0.327944596,0.133424722,0.246902227,0.036131499,0,0,0,0.001746641,0,0,0,0,0,3
"100",100,"Sapajus apella",2018,-68.557021,-9.849637,0,25.0857903031278,2018.08094976756,0.28986891,0.689195165,0,0,0,0,0,0,0,0,0,0,0,0,3
"101",101,"Atelocynus microtis",2018,-69.719021,-13.094937,0,24.2524388604913,2456.84645774148,0,0.972862276,0,0,0,0,0,0,0,0,0,0,0,0,3
"102",102,"Lagothrix flavicauda",2007,-76.790621,-8.654437,0,16.7497536761702,2071.68504144338,0.225823522,0.091910515,0.01014538,0,0.010255064,0,0.646451057,0,0,0,0,0,0,0,1
"103",103,"Saimiri boliviensis",2022,-63.253321,-17.767837,0,23.3493979418719,1459.34587090889,0.398999401,0.556962985,0,0,0.005647072,0.009411543,0,0,0,0,0,0,0,0,3
"104",104,"Leontocebus nigricollis",2009,-70.217021,-3.807237,0,25.6487135590359,3286.65213709155,0,0.967753459,0,0,0,0,0,0,0,0,0,0,0,0,1
"105",105,"Leontocebus fuscicollis",2015,-73.304621,-3.790637,0,25.7058168387512,3247.062179882,0.25903808,0,0.006938334,0,0.011491935,0.701434852,0,0,0,0,0,0,0,0,1
"106",106,"Mimon bennettii",1970,-70.432821,-3.815537,0,25.75,3269.51077865664,0.08567003,0.030653935,0.007337112,0.851997602,0.010130544,0,0,0,0,0,0,0,0,0,1
"107",107,"Proechimys brevicauda",1979,-77.753421,-4.023037,0,25.8424816131592,2504.53903021694,0.472556701,0.182053066,0.008541204,0.022679812,0.276305868,0.024804135,0,0,0,0,0,0,0,0,1
"108",108,"Pithecia hirsuta",2009,-70.233621,-3.757437,0,25.5499992370605,3342.37132978637,0,0.970232074,0,0,0,0,0,0,0,0,0,0,0,0,1
"109",109,"Aotus miconax",2009,-77.794921,-5.907137,0,15.795928797446,1636.57384245061,0.898085662,0,0.030723272,0,0,0.028863697,0,0.010833976,0,0,0,0,0,0,1
"110",110,"Cerdocyon thous",2022,-60.721821,-17.734637,0,25.0499992370605,1045.56833436059,0.312084119,0.588831934,0,0,0,0,0.089556389,0,0,0,0,0,0,0,3
"111",111,"Lagothrix lagothricha",2019,-76.359021,-0.595137,0,24.9500007629395,3224.43484180498,0,0.973487718,0,0,0,0,0,0,0,0,0,0,0,0,1
"112",112,"Chiropotes albinasus",2021,-55.882921,-9.476137,0,25.224471155277,2323.58777359892,0,0.978981583,0,0,0,0,0,0,0,0,0,0,0,0,2
"113",113,"Saccopteryx leptura",2016,-66.174921,-11.127837,0,25.75,1834.17083942003,0.021830289,0.025051845,0,0.673882549,0.264410439,0,0,0,0,0,0,0,0,0,3
"114",114,"Saimiri boliviensis",1938,-63.668321,-17.452437,0,23.2894813474804,1621.16596137153,0.640572511,0.164895706,0,0,0,0.180366926,0,0,0,0,0,0,0,0,3
"115",115,"Saguinus mystax",1936,-69.868421,-6.670737,0,25.6446438789368,2115.82956441243,0.258835175,0.127237275,0,0,0.299041589,0.179676956,0,0.097623348,0,0,0,0,0,0,3
"116",116,"Cebus yuracus",2015,-77.695321,-1.059937,0,24.1105934726305,4483.80148340651,0.128461872,0.861631146,0,0,0,0,0,0,0,0,0,0,0,0,1
"117",117,"Euphractus sexcinctus",2022,-66.100221,-13.758937,0,25.8500003814697,1902.30736400463,0.05067205,0.016510445,0,0.036170109,0.133128297,0,0,0.337956988,0.405874412,0,0,0,0,0,3
"118",118,"Leopardus pardalis",2021,-76.848721,-0.221637,0,24.6607363926425,3391.17820948684,0.651614817,0.11516801,0.006759103,0,0,0.200249562,0,0,0,0,0,0,0,0,1
"119",119,"Nectomys rattus",1972,-51.168521,2.002763,0,25.4950053345613,3353.81580450921,0,0.972147839,0,0,0.004467216,0,0,0,0,0,0,0,0,0,2
"120",120,"Myotis keaysi",1993,-65.859521,-17.211737,0,13.0473424377755,3117.00488783597,0.053077133,0.900820018,0,0,0,0,0.024992553,0,0,0,0,0,0,0,3
"121",121,"Akodon orophilus",1926,-77.263721,-6.164437,0,19.1906703458287,1901.60208167872,0.032983314,0.946349679,0,0,0,0,0,0,0,0,0,0,0,0,1
"122",122,"Saimiri sciureus",2019,-55.409821,4.177363,0,26.25,2146.71529556211,0,0.969982998,0,0,0,0,0,0,0,0,0,0,0,0,2
"123",123,"Saguinus midas",2019,-52.396921,4.932663,0,26.0499992370605,3274.40894466416,0.145840526,0.153209204,0.011691142,0.547731428,0,0.068750141,0,0.004453775,0.044051839,0,0,0.000890758,0,0,2
"124",124,"Phyllotis andium",2008,-78.259721,-7.915737,0,6.38304243839628,1311.60200418179,0,0,0.010145155,0,0.003669289,0,0,0.123915687,0,0,0,0,0,0,1
"125",125,"Rhinophylla pumilio",2013,-76.608021,-5.882237,0,24.9693095970945,1643.21739608321,0.006070344,0.94066697,0.010081319,0,0.023009958,0,0,0,0,0,0,0,0,0,1
"126",126,"Hippocamelus antisensis",2022,-71.370721,-15.078637,0,2.04213356726454,1659.67133296762,0,0,0.445971759,0,0,0,0,0.092525533,0.005812317,0,0,0,0,0,3
"127",127,"Vampyriscus bidens",2016,-75.894221,1.430063,0,23.4950583366932,4246.66797077606,0.523927304,0.441914446,0,0,0,0,0,0,0,0,0,0,0,0,1
"128",128,"Alouatta macconnelli",2022,-55.492821,4.650463,0,25.9052845637004,2277.92740478516,0,0.955207329,0.013366678,0,0,0,0,0,0,0,0,0,0,0,2
"129",129,"Choloepus didactylus",2020,-55.135921,5.787563,0,26.25,2223.71370577221,0.311992577,0,0.024447483,0.588531565,0,0.048564904,0,0,0.014580584,0,0,0,0,0,2
"130",130,"Cyclopes didactylus",1983,-73.246521,-3.027037,0,25.3783397357988,3170.81811422134,0.025054808,0.234719496,0.0051535,0.229928357,0.483534683,0,0,0,0,0,0,0,0,0,1
"131",131,"Gardnerycteris crenulatum",2016,-69.212721,4.127563,0,25.0806162901439,3027.46834883947,0,0.844738231,0,0.130874895,0,0,0,0,0,0,0,0,0,0,1
"132",132,"Lonchophylla thomasi",1992,-60.447921,7.347963,0,25.0499992370605,2074.43936397822,0,0.900899306,0.067423041,0,0.000886833,0,0,0.013856733,0,0,0,0,0,0,2
"133",133,"Mazama nemorivaga",2016,-54.314221,5.264663,0,25.8500003814697,2266.97752285399,0,0.975440035,0,0,0,0,0,0,0.009125564,0,0,0,0,0,2
"134",134,"Sciurus igniventris",1967,-65.228721,2.450963,0,24.868867502173,2766.56136945669,0,0.978682652,0,0,0,0,0,0,0,0,0,0,0,0,2
"135",135,"Lophostoma schulzi",1999,-60.497721,7.372863,0,25.1290127053795,2018.43659688229,0,0.990299392,0,0,0,0,0,0,0,0,0,0,0,0,2
"136",136,"Nasua nasua",2021,-76.682721,1.205963,0,21.1573234353184,4124.00513199735,0.596429771,0.3855426,0,0,0,0,0,0,0,0,0,0,0,0,1
"137",137,"Isothrix bistriata",2021,-66.100221,-11.028237,0,25.75,1852.36475265125,0.091039393,0.072901419,0,0.817571406,0.003072047,0,0,0.003898947,0,0,0,0,0,0,3
"138",138,"Lophostoma silvicolum",2018,-75.255121,1.745463,0,25.6876817067464,4036.85921427409,0.856527599,0.112180874,0,0,0,0,0,0,0,0,0,0,0,0,1
"139",139,"Trinycteris nicefori",2018,-73.404221,-3.940037,0,25.4652379800465,3330.33051394628,0.010606354,0.970367625,0,0,0,0,0,0,0,0,0,0,0,0,1
"140",140,"Pteronura brasiliensis",2017,-59.916721,-2.861037,0,26.099181305818,2314.13204259595,0.160515465,0.817847406,0,0,0,0,0,0,0,0,0,0,0,0,2
"141",141,"Diclidurus scutatus",1968,-61.767621,4.326763,0,24.0419409660878,2503.0568229707,0,0.256055534,0,0,0,0,0,0.73402851,0,0,0,0,0,0,2
"142",142,"Saimiri cassiquiarensis",2019,-77.521021,-1.068237,0,24.0087601423264,4579.4953918457,0.015977098,0.970636619,0,0,0,0,0,0,0,0,0,0,0,0,1
"143",143,"Sciurus spadiceus",2022,-67.868121,-9.957537,0,25.5465494345042,1735.43370573186,0.078334862,0.352020349,0,0,0.044919494,0.513208709,0,0.020236088,0,0,0,0,0,0,3
"144",144,"Aotus vociferans",1941,-75.719921,1.479863,0,25.0499992370605,4289.93211877593,0.944551953,0.001678027,0.010468875,0,0.006255794,0.023124259,0,0,0,0,0,0,0,0,1
"145",145,"Saimiri cassiquiarensis",2020,-73.910521,3.272663,0,24.9541931629181,3071.36012573242,0.486642088,0.162986086,0.004909062,0.253409865,0.072508302,0,0,0,0,0,0,0,0,0,1
"146",146,"Lonchophylla hesperia",1968,-78.807521,-5.774337,0,22.0388527391362,951.512679103994,0.607411314,0.039212752,0.116966518,0,0,0,0.242316756,0.004974564,0,0,0,0,0,0,1
"147",147,"Ateles paniscus",2015,-60.041221,-3.151537,0,27.0383641571425,2349.96569267051,0,0,0,0,0.976943627,0,0,0,0,0,0,0,0,0,2
"148",148,"Eumops bonariensis",1985,-65.901021,-14.564037,0,25.25,1953.63230713895,0.096099758,0,0,0.001222554,0,0,0,0.887054662,0.018630678,0,0,0,0,0,3
"149",149,"Makalata didelphoides",1971,-74.715621,-8.247737,0,26.1108796695047,1634.35294512284,0.869445184,0.013274518,0,0.088658273,0.008849665,0,0,0,0,0,0,0,0,0,1
"150",150,"Eumops patagonicus",1985,-65.079321,-14.564037,0,25.3500003814697,1896.21734694493,0.010391766,0.058224056,0,0.322882928,0.083977705,0,0,0.524851123,0,0,0,0,0,0,3
"151",151,"Caenolestes sangay",2011,-78.442321,-2.230237,0,10.8148188689932,2412.905193408,0,0.978601428,0,0,0,0,0,0,0,0,0,0,0,0,1
"152",152,"Ateles chamek",2016,-66.772521,-14.049437,0,25.5499992370605,1927.92327353395,0.15226285,0,0,0,0,0,0,0.464140091,0.348752463,0,0,0,0,0,3
"153",153,"Atelocynus microtis",2016,-73.777721,2.243463,0,25.016641482278,2887.38899401906,0.128594505,0.820184769,0,0.018434644,0.005359852,0,0,0,0,0,0,0,0,0,1
"154",154,"Eptesicus andinus",1974,-78.384221,-5.799237,0,24.3426319850431,1343.39571751005,0.580375338,0,0.030748311,0,0,0,0.317369176,0.051592247,0,0,0,0,0,0,1
"155",155,"Ateles belzebuth",2016,-76.234521,-0.719637,0,24.7342588106791,3225.9498819987,0,0.973464094,0,0,0,0,0,0,0,0,0,0,0,0,1
"156",156,"Galictis vittata",2015,-67.486321,-15.477037,0,23.0685012833146,1798.8520563299,0.068073222,0.923276688,0,0,0,0,0,0,0,0,0,0,0,0,3
"157",157,"Saimiri cassiquiarensis",2016,-76.317521,-0.478937,0,25.0996278444926,3337.27264506022,0.065933633,0.075696917,0,0,0.832520543,0.010691966,0,0,0,0,0,0,0,0,1
"158",158,"Cerradomys maracajuensis",1964,-64.714121,-13.285837,0,25.8188975612813,1742.909013913,0,0.043005148,0,0.610085465,0.054797675,0,0,0.26467249,0.004986592,0,0,0,0,0,3
"159",159,"Vicugna vicugna",2020,-78.865621,-1.524737,0,5.12888222809154,1419.87005184696,0,0,0.952330162,0,0,0,0,0.017172396,0,0,0,0,0,0,1
"160",160,"Nephelomys albigularis",2011,-78.450621,-2.238537,0,10.444037029852,2377.11354362519,0.022413958,0.945103081,0,0,0,0,0.006253191,0,0,0,0,0,0,0,1
"161",161,"Platyrrhinus aurarius",1998,-66.614821,6.293863,0,25.1999470722626,2694.09567374708,0,0.951813364,0,0,0,0,0,0.0140581,0,0,0,0,0,0,2
"162",162,"Saguinus bicolor",2018,-60.091021,-3.134937,0,26.9500007629395,2412.11886494954,0.007043731,0.096332456,0,0,0.846247864,0,0,0.021236047,0,0,0,0,0,0,2
"163",163,"Trinycteris nicefori",2004,-53.650221,5.397463,0,25.7490180636837,2559.20999234148,0,0.990176328,0,0,0,0,0,0,0,0,0,0,0,0,2
"164",164,"Eira barbara",2021,-65.178921,-18.913237,0,15.4789920226046,613.855683252154,0,0.198872293,0,0,0,0,0.769433943,0,0,0,0,0,0,0,3
"165",165,"Platyrrhinus aurarius",1967,-65.718421,3.430363,0,15.84947443602,6553.5,0,0.92058729,0,0,0,0,0.069574559,0,0,0,0,0,0,0,2
"166",166,"Cebus olivaceus",2019,-58.995421,4.177363,0,26.0902181997339,1628.77089225801,0,0.968598297,0,0,0,0,0,0,0,0,0,0,0,0,2
"167",167,"Marmosa rubra",2019,-76.666121,0.209963,0,24.6502573955109,4391.5251312889,0.06627483,0.909231391,0,0,0,0,0,0,0,0,0,0,0,0,1
"168",168,"Nephelomys keaysi",1992,-67.851521,-16.315337,0,8.54403532137636,2527.0171808962,0.040523757,0.3361377,0,0,0,0,0,0.587004215,0,0,0,0,0,0,3
"169",169,"Plecturocebus discolor",2012,-76.898521,-0.786037,0,24.6068557234835,3655.99433230566,0.041525414,0.931577233,0,0,0,0,0,0,0,0,0,0,0,0,1
"170",170,"Pithecia hirsuta",2009,-70.233621,-3.757437,0,25.5499992370605,3342.37132978637,0,0.970232074,0,0,0,0,0,0,0,0,0,0,0,0,1
"171",171,"Lasiurus intermedius",1993,-69.943121,-4.222237,0,25.9089362275056,3185.35593271849,0.203774277,0.084298089,0.07879619,0,0.210899195,0.391353109,0,0,0,0,0,0,0,0,1
"172",172,"Herpailurus yagouaroundi",2017,-70.059321,-3.840437,0,25.3167212856703,3549.87433718847,0,0.971411048,0,0,0,0,0,0,0,0,0,0,0,0,1
"173",173,"Aotus miconax",2009,-76.591421,-8.480137,0,19.7821815742934,3013.81998159866,0,0.990479364,0,0,0,0,0,0,0,0,0,0,0,0,1
"174",174,"Ateles marginatus",2022,-55.559221,-11.874837,0,25.0061491501233,1963.61456651924,0.578808699,0.3956193,0,0,0,0,0,0,0,0,0,0,0,0,2
"175",175,"Leontocebus nigricollis",2017,-76.276021,-0.454037,0,25.084498520214,3319.77896561365,0.04517256,0.284502975,0.008045528,0.016083419,0.623857884,0,0,0,0,0,0,0,0,0,1
"176",176,"Dasyprocta prymnolopha",2019,-48.487621,-1.458337,0,26.8500003814697,2800.92051855064,0,0,0,0,0,0.973231929,0,0,0,0,0,0,0,0,2
"177",177,"Coendou prehensilis",2021,-60.165721,-3.201337,0,26.7229961696007,2765.99232729837,0.395522943,0.453743948,0,0,0.000451558,0.136870234,0,0.008417896,0,0,0,0,0,0,2
"178",178,"Ateles belzebuth",1932,-61.751021,0.400863,0,26.0499992370605,2416.48995768229,0,0.972821519,0,0,0,0,0,0,0,0,0,0,0,0,2
"179",179,"Caluromys philander",1973,-55.177421,5.829063,0,26.25,2149.68092238557,0.17258766,0,0.303768014,0,0,0.499259097,0,0.008005256,0.003735772,0,0,0,0,0,2
"180",180,"Akodon toba",1984,-62.000021,-18.249237,0,24.8500003814697,1126.668171867,0,0.97595568,0,0,0,0,0,0,0,0,0,0,0,0,3
"181",181,"Choloepus didactylus",2019,-55.484521,5.770963,0,26.25,2236.87036436722,0.024584399,0.081128286,0,0.864519687,0,0,0,0,0.01793967,0,0,0,0,0,2
"182",182,"Dasypus novemcinctus",2022,-73.171821,-3.541637,0,25.5967370669047,3484.81471354167,0.031836314,0.970657848,0,0,0,0,0,0,0,0,0,0,0,0,1
"183",183,"Dasyprocta variegata",2022,-69.055021,-12.572037,0,25.0250140174491,2216.37392337987,0.030558007,0.001746217,0.129986745,0.231843735,0.574199619,0,0,0,0,0.020349533,0,0,0,0,3
"184",184,"Tonatia saurophila",2007,-52.538021,-0.869037,0,26.8111752949315,2291.59085070345,0.124456937,0.067365618,0,0,0,0.767083845,0,0.00148979,0.008827014,0,0,0,0,0,2
"185",185,"Nephelomys keaysi",1901,-66.996621,-15.999937,0,16.0954341810258,2530.0509673572,0,0.976520682,0,0,0,0,0,0,0,0,0,0,0,0,3
"186",186,"Rhinophylla fischerae",2006,-76.433721,-0.686437,0,24.803371674787,3288.99542920124,0,0.736851131,0.091914283,0,0,0.151474622,0,0,0,0,0,0,0,0,1
"187",187,"Lagothrix lagothricha",2021,-71.528421,-13.045137,0,19.3271579506956,3003.48529529964,0.03932575,0.881352143,0.016842925,0,0.059977606,0,0.001599472,0,0,0,0,0,0,0,3
"188",188,"Dermanura anderseni",1974,-72.931121,-3.425437,0,25.5501282640513,3574.99403425668,0,0.965956008,0,0,0,0,0,0,0,0,0,0,0,0,1
"189",189,"Saimiri cassiquiarensis",2019,-76.583121,0.600063,0,24.8500003814697,4191.70611368815,0.160212827,0.606337947,0.026406718,0,0.171505981,0,0,0,0,0,0,0,0,0,1
"190",190,"Artibeus obscurus",2018,-72.516121,-3.475237,0,25.6925418822103,3192.77357425927,0.383695473,0.34155708,0.008519542,0,0.250374826,0,0,0,0,0,0,0,0,0,1
"191",191,"Microsciurus flaviventer",2007,-75.221921,-0.570237,0,24.9445575856569,2747.89856007683,0.081598297,0.399345699,0.010727182,0.154558443,0.322009609,0,0,0,0.019107193,0,0,0,0.000893932,0,1
"192",192,"Plecturocebus caquetensis",2009,-75.636921,1.122963,0,25.269903198812,3941.07159905018,0.904663996,0.070774914,0,0,0,0,0,0,0,0,0,0,0,0,1
"193",193,"Lagothrix flavicauda",2012,-77.911121,-5.600037,0,16.840333384597,1844.44886773454,0.0069602,0.968383913,0.008008375,0,0,0,0,0,0,0,0,0,0,0,1
"194",194,"Caluromys lanatus",2021,-76.566521,-0.462337,0,24.9500007629395,3407.78116626582,0,0.95944865,0,0,0.017183643,0,0,0,0,0,0,0,0,0,1
"195",195,"Tremarctos ornatus",2018,-75.852721,-9.774937,0,12.001454183878,3328.52528570506,0,0.979164925,0,0,0,0,0,0,0,0,0,0,0,0,1
"196",196,"Monodelphis glirina",1986,-68.241621,-12.132137,0,25.349498835477,1961.00856812532,0,0.221403591,0,0.760533467,0,0,0,0.005247217,0,0,0,0,0,0,3
"197",197,"Marmosa murina",2021,-65.984021,-11.036537,0,25.5872063106961,1864.3753400889,0.068257199,0.666644937,0,0.220305347,0,0,0,0,0,0,0,0,0,0,3
"198",198,"Galictis vittata",2016,-63.012621,-9.202237,0,25.950838413476,2352.34309862066,0.03362524,0.973347536,0,0,0,0,0,0,0,0,0,0,0,0,3
"199",199,"Saguinus midas",2020,-55.185721,4.999063,0,26.3466606140137,2139.86390269886,0,0.973604923,0.011578684,0,0.014701284,0,0,0.005344,0,0,0,0,0,0,2
"200",200,"Uroderma magnirostrum",1985,-61.053821,-17.352837,0,25.0368299367476,1124.69337830835,0.009055623,0.934381682,0,0,0,0,0,0,0.039254461,0,0,0,0,0,3
"201",201,"Sciurus spadiceus",1991,-70.814621,-6.786937,0,25.4910734350031,2381.13868498999,0,0.811408438,0,0,0.164091195,0,0,0.003325211,0,0,0,0,0,0,3
"202",202,"Platyrrhinus lineatus",1986,-60.879521,-14.497637,0,24.879127620179,1895.37981248393,0,0.97942747,0,0,0,0,0,0,0,0,0,0,0,0,3
"203",203,"Pithecia pithecia",2011,-52.861721,2.235163,0,25.8444847390671,2453.14551083904,0,0.981106493,0,0,0,0,0,0,0,0,0,0,0,0,2
"204",204,"Aotus vociferans",1931,-77.653821,-4.413137,0,25.5856774409612,2175.81267700195,0,0.978689049,0,0,0,0,0,0,0,0,0,0,0,0,1
"205",205,"Leopardus tigrinus",2010,-52.737221,4.069463,0,25.462190327308,2614.18729536761,0,0.969995665,0,0,0,0,0,0,0,0,0,0,0,0,2
"206",206,"Cebus yuracus",2021,-76.350721,-0.039037,0,24.7878038319315,3729.21800744781,0,0.979845521,0,0,0,0,0,0,0,0,0,0,0,0,1
"207",207,"Cacajao calvus",2020,-64.680921,-2.993837,0,26.2578848130475,3295.85879250681,0,0.817297582,0,0,0.139248268,0,0,0.021024973,0.000731738,0,0,0,0,0,3
"208",208,"Holochilus brasiliensis",1985,-62.996021,-17.485637,0,23.8500003814697,1692.39685460471,0.970628539,0.01357491,0,0,0,0,0,0,0,0,0,0,0,0,3
"209",209,"Alouatta belzebul",2018,-50.736921,-3.815537,0,26.5672986121593,2230.54097206464,0.954287412,0.012295823,0,0,0.011596594,0,0,0.023760894,0,0,0,0,0,0,2
"210",210,"Lycalopex culpaeus",2021,-78.434021,-0.686437,0,-1.35650601252697,2673.47673978054,0,0,0.023884846,0,0,0,0,0,0,0,0,0,0.039978465,0.913446095,1
"211",211,"Chiroderma villosum",2008,-55.169121,4.916063,0,25.8802759011587,2556.89626363119,0,0.901869559,0.008239657,0,0.004708374,0,0,0.056895188,0,0,0,0,0,0,2
"212",212,"Saguinus bicolor",2020,-59.891821,-3.027037,0,26.5160336139774,2464.97426939405,0.385780303,0.566114893,0,0,0,0.004463822,0,0.014933445,0,0,0,0,0,0,2
"213",213,"Peropteryx macrotis",2006,-56.870621,4.484463,0,24.8687315739042,1815.631339552,0,0.977897609,0,0,0,0,0,0,0,0,0,0,0,0,2
"214",214,"Choloepus didactylus",2009,-76.757421,-1.093137,0,24.8312674320585,3076.30688679169,0.008483801,0.892814602,0,0,0.063869755,0,0,0,0,0,0,0,0,0,1
"215",215,"Cebuella pygmaea",2015,-76.682721,1.122963,0,22.9390093617419,4597.45138663771,0.780541913,0.201567258,0,0,0,0,0,0,0,0,0,0,0,0,1
"216",216,"Speothos venaticus",2018,-74.690721,0.309563,0,24.8608514777852,3161.41484658649,0,0.97873103,0,0,0,0,0,0,0,0,0,0,0,0,1
"217",217,"Atelocynus microtis",2019,-72.441421,-0.553637,0,24.5101604223251,3309.0389058431,0,0.89174212,0,0,0,0,0.077934852,0,0,0,0,0,0,0,1
"218",218,"Euryoryzomys macconnelli",1979,-77.745121,-4.031337,0,25.7591220378876,2514.14062296549,0.267369242,0.497312267,0,0.024842849,0.200681516,0,0,0,0,0,0,0,0,0,1
"219",219,"Artibeus concolor",2007,-55.144221,5.829063,0,26.25,2168.68412255252,0.153003948,0,0.156004597,0.017142649,0.299359289,0.350235866,0,0,0.004748858,0,0,0,0,0,2
"220",220,"Lonchorhina aurita",2008,-56.131921,3.787263,0,24.7684822949496,2377.48395532025,0,0.741492636,0,0,0,0,0,0.21961128,0,0,0,0,0,0,2
"221",221,"Leopardus wiedii",2016,-75.661821,1.488163,0,25.1465409596761,3866.64086812337,0.718658912,0.020134106,0.070727348,0.060056617,0.122297758,0,0,0,0,0,0,0,0,0,1
"222",222,"Mazama nemorivaga",2017,-52.106421,4.318463,0,25.75,3435.86145576699,0,0.89735357,0,0.073033466,0,0,0,0,0,0,0,0,0,0,2
"223",223,"Leontocebus nigricollis",2021,-76.923421,-0.503837,0,24.718226146698,3434.55521240234,0.256491135,0.607868958,0.020885712,0,0,0.080736777,0,0,0,0,0,0,0,0,1
"224",224,"Leontocebus fuscus",2019,-76.599721,0.624963,0,24.8500003814697,4138.45024393802,0.769195599,0.075678151,0.009629839,0,0.127563096,0,0,0,0,0,0,0,0,0,1
"225",225,"Vicugna vicugna",2018,-78.815821,-1.533037,0,6.97149651871677,1335.17165061349,0.080837117,0.039142415,0.108555154,0,0.006479052,0,0.007819545,0.734812741,0,0,0,0,0,0,1
"226",226,"Marmosops impavidus",1986,-75.429421,-11.169337,0,18.3110804124312,1862.97232484423,0.054962217,0.920434759,0.003071232,0,0.003948697,0,0,0,0,0,0,0,0,0,3
"227",227,"Lonchophylla thomasi",2010,-52.355421,4.409763,0,24.9026368327161,3247.49637435976,0,0.98215407,0,0,0,0,0,0,0,0,0,0,0,0,2
"228",228,"Didelphis marsupialis",2022,-60.082721,-3.035337,0,26.5978343377964,2436.4773212607,0.054996859,0.554539901,0,0,0.002251133,0.369133718,0,0.011203491,0,0,0,0,0,0,2
"229",229,"Philander opossum",2022,-53.052621,4.974163,0,25.6687548229803,2803.8477747747,0,0.189673169,0,0,0.779605205,0,0,0,0,0,0,0,0,0,2
"230",230,"Ctenomys boliviensis",1988,-63.153721,-17.369437,0,23.75,1788.52753736152,0.798758189,0.190646121,0,0,0,0,0,0,0,0,0,0,0,0,3
"231",231,"Lagothrix lagothricha",2017,-70.183821,-3.757437,0,25.4186663330838,3405.15084142408,0,0.971502012,0,0,0,0,0,0,0,0,0,0,0,0,1
"232",232,"Ateles chamek",2017,-69.519821,-12.065737,0,24.8414423524841,1828.08196769273,0.002624196,0.484421761,0,0.352468687,0.131679815,0,0,0,0,0,0,0,0,0,3
"233",233,"Nectomys apicalis",1955,-72.532721,-12.904037,0,6.63224993026796,2175.30318548257,0.058657323,0.160350007,0,0,0,0,0,0.760370014,0,0,0,0,0,0,3
"234",234,"Marmosa murina",1994,-78.392521,-4.097737,0,22.5558208703995,3286.27936706543,0.072465275,0.846009556,0.006153079,0,0.039438267,0,0,0,0,0,0,0,0,0,1
"235",235,"Saimiri boliviensis",2010,-68.980321,-12.522237,0,25.0330038973333,2200.55933420943,0.009278477,0,0,0.847755975,0.112340999,0,0,0,0,0.01432163,0,0,0,0,3
"236",236,"Myotis albescens",1992,-57.327121,5.322763,0,25.9764415614338,1702.69137889815,0,0.207955455,0,0.38977431,0.37522274,0,0,0,0.005341347,0,0,0,0,0,2
"237",237,"Nephelomys levipes",1900,-70.001221,-13.501637,0,20.5853971316491,3779.54971426505,0,0.98751417,0,0,0,0,0,0,0,0,0,0,0,0,3
"238",238,"Cebuella niveiventris",2014,-71.329221,-12.115537,0,24.0649277080189,1420.05727871982,0,0.971779503,0,0.006122055,0,0,0,0,0,0,0,0,0,0,3
"239",239,"Ateles chamek",2021,-73.711321,-7.467537,0,24.9181304868326,2276.99287230939,0,0.97892427,0,0,0,0,0,0,0,0,0,0,0,0,1
"240",240,"Chiropotes albinasus",2019,-55.957621,-9.534237,0,25.1746121798314,2530.79625198554,0.056718308,0.899030125,0,0,0,0,0,0.020387105,0,0,0,0,0,0,2
"241",241,"Uroderma magnirostrum",1986,-52.363721,-3.632937,0,26.3317741394043,2021.05733795166,0.037798018,0.468418854,0,0,0.414074171,0,0,0.051343685,0,0,0,0,0,0,2
"242",242,"Caenolestes fuliginosus",1939,-78.135221,-0.503837,0,1.18419718037502,2835.52764968555,0,0,0.153189001,0,0,0,0,0,0,0,0,0,0.187727637,0.63258557,1
"243",243,"Akodon fumeus",1993,-65.535821,-17.137037,0,19.5463456325844,4066.57540343238,0,0.979436235,0,0,0,0,0.000810014,0,0,0,0,0,0,0,3
"244",244,"Saimiri sciureus",2019,-52.305621,4.841363,0,25.9543558546334,3404.28434917355,0,0.487305457,0,0.465781193,0,0,0,0.00712696,0.018199178,0,0,0,0,0,2
"245",245,"Chiropotes albinasus",2021,-55.409821,-11.949537,0,24.9995603363544,1989.60476773211,0.968844382,0,0,0,0,0,0,0,0,0,0,0,0,0,2
"246",246,"Cormura brevirostris",2011,-52.189421,4.368263,0,24.9290210597248,3691.23017294476,0,0.982091848,0,0,0,0,0,0,0,0,0,0,0,0,2
"247",247,"Ateles paniscus",2017,-53.243521,3.596363,0,25.2196107603208,2871.80950446544,0,0.990224888,0,0,0,0,0,0,0,0,0,0,0,0,2
"248",248,"Cormura brevirostris",2003,-73.528721,-3.940037,0,25.4500007629395,3183.06383011054,0.029660786,0.950956426,0,0,0,0,0,0,0,0,0,0,0,0,1
"249",249,"Ateles chamek",2011,-60.829721,-8.463537,0,25.8944596613734,2478.94766916322,0,0.975997749,0,0,0,0,0,0,0,0,0,0,0,0,3
"250",250,"Callimico goeldii",2014,-69.951421,-7.990437,0,25.2766495933217,2133.37258583258,0.009545433,0.974954083,0,0,0,0,0,0,0,0,0,0,0,0,3
"251",251,"Anoura geoffroyi",2012,-52.413521,4.517663,0,24.9746319386969,3667.05256925084,0.006238867,0.960321811,0,0,0,0,0,0,0.006748163,0,0,0,0,0,2
"252",252,"Sciurus igniventris",1929,-77.313521,-0.636637,0,23.7562446436606,3375.76725731211,0.816884457,0.097624828,0.016601387,0,0.017654937,0.040714037,0,0,0,0,0,0,0,0,1
"253",253,"Priodontes maximus",2011,-54.322521,4.019663,0,26.3311143398285,2151.6560740153,0,0.433804676,0,0,0.511559995,0,0,0.020187946,0,0,0,0,0,0,2
"254",254,"Lagothrix lagothricha",2022,-77.844721,-0.761137,0,17.9541135289362,5804.81699786048,0,0.973455227,0,0,0,0,0,0,0,0,0,0,0,0,1
"255",255,"Vampyrum spectrum",2009,-73.512121,-12.945537,0,23.8453156663557,621.817299422904,0.879581089,0.048651019,0.009193791,0,0.032653854,0,0,0,0,0,0,0,0,0,3
"256",256,"Oecomys bicolor",2019,-77.936021,-1.076537,0,23.6537265380224,4134.29780883789,0.172426236,0.796087191,0,0,0,0,0,0,0,0,0,0,0,0,1
"257",257,"Sapajus apella",2019,-71.503521,-13.036837,0,20.0128158836208,3155.23588003151,0.041494843,0.90670547,0.022584293,0,0.03852706,0,0,0,0,0,0,0,0,0,3
"258",258,"Chiropotes albinasus",2019,-56.065521,-9.301837,0,25.1027740225258,2347.56303285464,0.948543547,0.023722464,0,0,0,0,0,0,0,0,0,0,0,0,2
